/* Generated by a1/generate_fonts.py. Noto Sans SC, SIL OFL 1.1.
 * See a1/fonts/OFL.txt. A1 Pet UI subset, 342 glyphs, 4 bpp. */
#include <lvgl.h>
static const uint8_t glyph_bitmap[] = {
    0x00, 0xcf, 0xf0, 0x00, 0x00, 0xcf, 0xf0, 0x00, 0x00, 0xcf, 0xf0, 0x00, 0x00, 0xcf, 0xf0, 0x00, 0x00, 0xcf, 0xf0, 0x00,
    0x00, 0xcf, 0xf0, 0x00, 0x00, 0xcf, 0xf0, 0x00, 0x00, 0xcf, 0xf0, 0x00, 0x00, 0xcf, 0xf0, 0x00, 0x00, 0xcf, 0xf0, 0x00,
    0x00, 0xcf, 0xf0, 0x00, 0x00, 0xcf, 0xf0, 0x00, 0x00, 0x00, 0x00, 0x00, 0x00, 0x5e, 0xe5, 0x00, 0x00, 0xef, 0xfe, 0x00,
    0x00, 0xdf, 0xfd, 0x00, 0x00, 0x5e, 0xe5, 0x00, 0x00, 0xff, 0xc0, 0x0f, 0xfc, 0x00, 0x00, 0xff, 0xc0, 0x0f, 0xfc, 0x00,
    0x00, 0xff, 0xc0, 0x0f, 0xfc, 0x00, 0x00, 0xef, 0xb0, 0x0e, 0xfb, 0x00, 0x00, 0xcf, 0x90, 0x0c, 0xf9, 0x00, 0x00, 0xbf,
    0x70, 0x0a, 0xf7, 0x00, 0x00, 0x9f, 0x60, 0x09, 0xf5, 0x00, 0x00, 0x7f, 0x40, 0x07, 0xf4, 0x00, 0x00, 0x00, 0x00, 0x00,
    0x00, 0x00, 0x00, 0x00, 0x00, 0x00, 0x00, 0x00, 0x00, 0x00, 0x00, 0x00, 0x00, 0x00, 0x00, 0x00, 0x00, 0x00, 0x00, 0x00,
    0x00, 0x00, 0x00, 0x00, 0x00, 0x00, 0x00, 0x00, 0x00, 0x00, 0x00, 0x00, 0x00, 0x00, 0x00, 0x00, 0x00, 0x00, 0x00, 0x00,
    0x00, 0x00, 0x00, 0x00, 0x00, 0x00, 0x00, 0x00, 0x00, 0x00, 0x00, 0x00, 0x00, 0x00, 0x00, 0x00, 0x00, 0x00, 0xfc, 0x00,
    0x0e, 0xd0, 0x00, 0x00, 0x2f, 0xa0, 0x01, 0xfb, 0x00, 0x00, 0x04, 0xf7, 0x00, 0x4f, 0x90, 0x00, 0x00, 0x7f, 0x50, 0x06,
    0xf7, 0x00, 0x0f, 0xff, 0xff, 0xff, 0xff, 0xff, 0x00, 0xff, 0xff, 0xff, 0xff, 0xff, 0xf0, 0x05, 0x5d, 0xf5, 0x55, 0xcf,
    0x65, 0x00, 0x00, 0xed, 0x00, 0x0d, 0xf0, 0x00, 0x00, 0x1f, 0xb0, 0x00, 0xfd, 0x00, 0x00, 0x56, 0xfb, 0x55, 0x6f, 0xc5,
    0x50, 0x0f, 0xff, 0xff, 0xff, 0xff, 0xff, 0x00, 0xff, 0xff, 0xff, 0xff, 0xff, 0xf0, 0x00, 0x8f, 0x50, 0x07, 0xf6, 0x00,
    0x00, 0x0a, 0xf3, 0x00, 0x9f, 0x40, 0x00, 0x00, 0xcf, 0x10, 0x0a, 0xf2, 0x00, 0x00, 0x0d, 0xe0, 0x00, 0xcf, 0x00, 0x00,
    0x00, 0xfc, 0x00, 0x0e, 0xd0, 0x00, 0x00, 0x00, 0x00, 0x00, 0x86, 0x00, 0x00, 0x00, 0x00, 0x00, 0x0f, 0xd0, 0x00, 0x00,
    0x00, 0x00, 0x00, 0xfd, 0x00, 0x00, 0x00, 0x00, 0x07, 0xcf, 0xfc, 0x60, 0x00, 0x00, 0x1c, 0xff, 0xff, 0xff, 0xc1, 0x00,
    0x08, 0xff, 0xc6, 0x59, 0xfe, 0x20, 0x00, 0xdf, 0xe1, 0x00, 0x04, 0x30, 0x00, 0x0f, 0xfc, 0x00, 0x00, 0x00, 0x00, 0x00,
    0xdf, 0xf3, 0x00, 0x00, 0x00, 0x00, 0x07, 0xff, 0xe6, 0x00, 0x00, 0x00, 0x00, 0x0a, 0xff, 0xfc, 0x50, 0x00, 0x00, 0x00,
    0x06, 0xef, 0xff, 0xa1, 0x00, 0x00, 0x00, 0x01, 0x8f, 0xff, 0xc0, 0x00, 0x00, 0x00, 0x00, 0x2d, 0xff, 0x60, 0x00, 0x00,
    0x00, 0x00, 0x3f, 0xfa, 0x00, 0x00, 0x00, 0x00, 0x01, 0xff, 0xb0, 0x00, 0x95, 0x00, 0x00, 0x4f, 0xf9, 0x00, 0x5f, 0xfb,
    0x75, 0x7e, 0xff, 0x30, 0x02, 0xbf, 0xff, 0xff, 0xff, 0x70, 0x00, 0x00, 0x4a, 0xdf, 0xfa, 0x40, 0x00, 0x00, 0x00, 0x00,
    0xfd, 0x00, 0x00, 0x00, 0x00, 0x00, 0x0f, 0xd0, 0x00, 0x00, 0x00, 0x00, 0x00, 0x86, 0x00, 0x00, 0x00, 0x00, 0x2a, 0xee,
    0xa2, 0x00, 0x00, 0x00, 0xac, 0x00, 0x00, 0x00, 0x1e, 0xfe, 0xef, 0xd1, 0x00, 0x00, 0x3f, 0x40, 0x00, 0x00, 0x08, 0xfa,
    0x00, 0xbf, 0x80, 0x00, 0x0b, 0xc0, 0x00, 0x00, 0x00, 0xdf, 0x20, 0x03, 0xfc, 0x00, 0x04, 0xf4, 0x00, 0x00, 0x00, 0x0e,
    0xf0, 0x00, 0x1f, 0xe0, 0x00, 0xcb, 0x00, 0x00, 0x00, 0x00, 0xef, 0x00, 0x01, 0xfe, 0x00, 0x5f, 0x40, 0x00, 0x00, 0x00,
    0x0d, 0xf3, 0x00, 0x3f, 0xc0, 0x0d, 0xb0, 0x17, 0x97, 0x10, 0x00, 0x8f, 0xa0, 0x0b, 0xf8, 0x06, 0xf3, 0x0c, 0xff, 0xfb,
    0x00, 0x01, 0xef, 0xee, 0xfd, 0x11, 0xda, 0x06, 0xfa, 0x1a, 0xf6, 0x00, 0x02, 0xae, 0xea, 0x20, 0x7f, 0x30, 0xbf, 0x20,
    0x2f, 0xb0, 0x00, 0x00, 0x00, 0x00, 0x1e, 0xa0, 0x0e, 0xf0, 0x00, 0xfe, 0x00, 0x00, 0x00, 0x00, 0x08, 0xf2, 0x00, 0xfe,
    0x00, 0x0e, 0xf0, 0x00, 0x00, 0x00, 0x02, 0xea, 0x00, 0x0e, 0xf0, 0x00, 0xfe, 0x00, 0x00, 0x00, 0x00, 0x9f, 0x20, 0x00,
    0xcf, 0x20, 0x2f, 0xc0, 0x00, 0x00, 0x00, 0x2f, 0x90, 0x00, 0x08, 0xf8, 0x09, 0xf8, 0x00, 0x00, 0x00, 0x0a, 0xf2, 0x00,
    0x00, 0x2e, 0xfe, 0xfe, 0x10, 0x00, 0x00, 0x03, 0xf9, 0x00, 0x00, 0x00, 0x3c, 0xec, 0x30, 0x00, 0x00, 0x00, 0x2a, 0xee,
    0xc5, 0x00, 0x00, 0x00, 0x00, 0x02, 0xef, 0xff, 0xff, 0x60, 0x00, 0x00, 0x00, 0x0a, 0xff, 0xb6, 0xbf, 0xd0, 0x00, 0x00,
    0x00, 0x0e, 0xfe, 0x00, 0x3f, 0xe0, 0x00, 0x00, 0x00, 0x0e, 0xfc, 0x00, 0x4f, 0xc0, 0x00, 0x00, 0x00, 0x0c, 0xfe, 0x01,
    0xdf, 0x40, 0x00, 0x00, 0x00, 0x07, 0xff, 0xae, 0xf7, 0x00, 0x00, 0x00, 0x00, 0x01, 0xff, 0xfe, 0x40, 0x00, 0x02, 0x22,
    0x00, 0x08, 0xff, 0xf9, 0x00, 0x00, 0x0e, 0xf8, 0x00, 0xaf, 0xff, 0xff, 0x50, 0x00, 0x5f, 0xf3, 0x07, 0xff, 0x62, 0xef,
    0xf5, 0x00, 0xcf, 0xb0, 0x0d, 0xfd, 0x00, 0x3e, 0xff, 0x57, 0xff, 0x40, 0x0f, 0xfc, 0x00, 0x03, 0xef, 0xff, 0xf9, 0x00,
    0x0d, 0xff, 0x30, 0x00, 0x3f, 0xff, 0xf5, 0x00, 0x07, 0xff, 0xe8, 0x56, 0xcf, 0xff, 0xff, 0xb5, 0x00, 0xbf, 0xff, 0xff,
    0xff, 0xb7, 0xdf, 0xfb, 0x00, 0x06, 0xbe, 0xfd, 0xa4, 0x00, 0x16, 0xc6, 0x00, 0xff, 0xc0, 0x00, 0x0f, 0xfc, 0x00, 0x00,
    0xff, 0xc0, 0x00, 0x0e, 0xfb, 0x00, 0x00, 0xcf, 0x90, 0x00, 0x0b, 0xf7, 0x00, 0x00, 0x9f, 0x60, 0x00, 0x07, 0xf4, 0x00,
    0x00, 0x00, 0x00, 0x00, 0x00, 0x00, 0x00, 0x00, 0x00, 0x00, 0x00, 0x00, 0x00, 0x00, 0x00, 0x00, 0x00, 0x00, 0x00, 0x00,
    0x00, 0x00, 0x00, 0x00, 0x00, 0x00, 0x00, 0x00, 0x00, 0x00, 0x00, 0x00, 0x00, 0x00, 0x00, 0x00, 0x00, 0x07, 0xa2, 0x00,
    0x00, 0x02, 0xef, 0x20, 0x00, 0x00, 0xaf, 0xa0, 0x00, 0x00, 0x2f, 0xf4, 0x00, 0x00, 0x08, 0xfe, 0x00, 0x00, 0x00, 0xef,
    0x90, 0x00, 0x00, 0x4f, 0xf5, 0x00, 0x00, 0x08, 0xff, 0x30, 0x00, 0x00, 0xbf, 0xf0, 0x00, 0x00, 0x0d, 0xfd, 0x00, 0x00,
    0x00, 0xef, 0xd0, 0x00, 0x00, 0x0f, 0xfc, 0x00, 0x00, 0x00, 0xef, 0xc0, 0x00, 0x00, 0x0d, 0xfd, 0x00, 0x00, 0x00, 0xcf,
    0xe0, 0x00, 0x00, 0x0a, 0xff, 0x10, 0x00, 0x00, 0x6f, 0xf4, 0x00, 0x00, 0x03, 0xff, 0x70, 0x00, 0x00, 0x0d, 0xfb, 0x00,
    0x00, 0x00, 0x7f, 0xf1, 0x00, 0x00, 0x01, 0xff, 0x60, 0x00, 0x00, 0x08, 0xfd, 0x00, 0x00, 0x00, 0x1e, 0xf4, 0x00, 0x00,
    0x00, 0x44, 0x00, 0x04, 0xc3, 0x00, 0x00, 0x00, 0x6f, 0xc0, 0x00, 0x00, 0x01, 0xef, 0x60, 0x00, 0x00, 0x08, 0xfd, 0x00,
    0x00, 0x00, 0x3f, 0xf5, 0x00, 0x00, 0x00, 0xdf, 0xb0, 0x00, 0x00, 0x09, 0xff, 0x10, 0x00, 0x00, 0x7f, 0xf4, 0x00, 0x00,
    0x04, 0xff, 0x70, 0x00, 0x00, 0x2f, 0xf9, 0x00, 0x00, 0x01, 0xff, 0xa0, 0x00, 0x00, 0x0f, 0xfb, 0x00, 0x00, 0x01, 0xff,
    0xb0, 0x00, 0x00, 0x2f, 0xfa, 0x00, 0x00, 0x03, 0xff, 0x90, 0x00, 0x00, 0x5f, 0xf6, 0x00, 0x00, 0x08, 0xff, 0x30, 0x00,
    0x00, 0xbf, 0xe0, 0x00, 0x00, 0x1e, 0xfa, 0x00, 0x00, 0x05, 0xff, 0x30, 0x00, 0x00, 0xaf, 0xc0, 0x00, 0x00, 0x2f, 0xf5,
    0x00, 0x00, 0x08, 0xfb, 0x00, 0x00, 0x00, 0x05, 0x30, 0x00, 0x00, 0x00, 0x00, 0x6f, 0x30, 0x00, 0x00, 0x00, 0x08, 0xf4,
    0x00, 0x00, 0x05, 0x84, 0xaf, 0x75, 0x92, 0x00, 0x9f, 0xff, 0xff, 0xff, 0x60, 0x00, 0x5c, 0xff, 0xfa, 0x30, 0x00, 0x00,
    0x9f, 0xff, 0x50, 0x00, 0x00, 0x3f, 0xe6, 0xfd, 0x10, 0x00, 0x06, 0xf3, 0x07, 0xe3, 0x00, 0x00, 0x02, 0x00, 0x02, 0x00,
    0x00, 0x00, 0x00, 0x00, 0x00, 0x00, 0x00, 0x00, 0x00, 0x00, 0x00, 0x00, 0x00, 0x00, 0x00, 0x00, 0x00, 0x00, 0x00, 0x00,
    0x00, 0x00, 0x00, 0x00, 0x00, 0x00, 0x00, 0x00, 0x00, 0x00, 0x00, 0x00, 0x00, 0x00, 0x00, 0x00, 0x00, 0x00, 0x00, 0x00,
    0x00, 0x00, 0x00, 0x00, 0x00, 0x00, 0x00, 0x00, 0x00, 0x00, 0x00, 0x00, 0x0f, 0xf1, 0x00, 0x00, 0x00, 0x00, 0x00, 0xff,
    0x10, 0x00, 0x00, 0x00, 0x00, 0x0f, 0xf1, 0x00, 0x00, 0x00, 0x00, 0x00, 0xff, 0x10, 0x00, 0x00, 0x00, 0x00, 0x0f, 0xf1,
    0x00, 0x00, 0x00, 0xff, 0xff, 0xff, 0xff, 0xff, 0xf0, 0x0f, 0xff, 0xff, 0xff, 0xff, 0xff, 0x00, 0x55, 0x55, 0xff, 0x55,
    0x55, 0x50, 0x00, 0x00, 0x0f, 0xf1, 0x00, 0x00, 0x00, 0x00, 0x00, 0xff, 0x10, 0x00, 0x00, 0x00, 0x00, 0x0f, 0xf1, 0x00,
    0x00, 0x00, 0x00, 0x00, 0xff, 0x10, 0x00, 0x00, 0x00, 0x00, 0x00, 0x00, 0x00, 0x00, 0x00, 0x00, 0x00, 0x00, 0x00, 0x00,
    0x00, 0x00, 0x00, 0x00, 0x00, 0x00, 0x00, 0x00, 0x00, 0x5e, 0xc2, 0x00, 0x0e, 0xff, 0x90, 0x00, 0xef, 0xfc, 0x00, 0x05,
    0xef, 0xd0, 0x00, 0x01, 0xfb, 0x00, 0x00, 0x8f, 0x60, 0x00, 0x7f, 0xd1, 0x00, 0x4f, 0xe2, 0x00, 0x00, 0x81, 0x00, 0x00,
    0x05, 0x55, 0x55, 0x50, 0x0f, 0xff, 0xff, 0xf0, 0x0f, 0xff, 0xff, 0xf0, 0x00, 0x00, 0x00, 0x00, 0x00, 0x00, 0x00, 0x00,
    0x00, 0x00, 0x00, 0x00, 0x00, 0x00, 0x00, 0x00, 0x00, 0x00, 0x00, 0x00, 0x00, 0x5d, 0xe5, 0x00, 0x00, 0xef, 0xfe, 0x00,
    0x00, 0xdf, 0xfd, 0x00, 0x00, 0x5d, 0xe4, 0x00, 0x00, 0x00, 0x00, 0xee, 0x00, 0x00, 0x00, 0x3f, 0xa0, 0x00, 0x00, 0x07,
    0xf6, 0x00, 0x00, 0x00, 0xbf, 0x20, 0x00, 0x00, 0x0e, 0xd0, 0x00, 0x00, 0x04, 0xf9, 0x00, 0x00, 0x00, 0x7f, 0x50, 0x00,
    0x00, 0x0b, 0xf2, 0x00, 0x00, 0x01, 0xfd, 0x00, 0x00, 0x00, 0x4f, 0x90, 0x00, 0x00, 0x08, 0xf5, 0x00, 0x00, 0x00, 0xcf,
    0x10, 0x00, 0x00, 0x1f, 0xc0, 0x00, 0x00, 0x05, 0xf8, 0x00, 0x00, 0x00, 0x9f, 0x40, 0x00, 0x00, 0x0d, 0xf0, 0x00, 0x00,
    0x02, 0xfb, 0x00, 0x00, 0x00, 0x6f, 0x70, 0x00, 0x00, 0x0a, 0xf3, 0x00, 0x00, 0x00, 0xee, 0x00, 0x00, 0x00, 0x3f, 0xa0,
    0x00, 0x00, 0x07, 0xf6, 0x00, 0x00, 0x00, 0x58, 0x20, 0x00, 0x00, 0x00, 0x00, 0x01, 0x8d, 0xec, 0x70, 0x00, 0x00, 0x02,
    0xdf, 0xff, 0xff, 0xb0, 0x00, 0x00, 0xbf, 0xf9, 0x6b, 0xff, 0x70, 0x00, 0x3f, 0xfa, 0x00, 0x0d, 0xfe, 0x10, 0x08, 0xff,
    0x30, 0x00, 0x7f, 0xf4, 0x00, 0xbf, 0xf0, 0x00, 0x03, 0xff, 0x80, 0x0d, 0xfd, 0x00, 0x00, 0x1f, 0xfa, 0x00, 0xef, 0xc0,
    0x00, 0x01, 0xff, 0xb0, 0x0f, 0xfc, 0x00, 0x00, 0x0f, 0xfb, 0x00, 0xef, 0xc0, 0x00, 0x01, 0xff, 0xa0, 0x0d, 0xfd, 0x00,
    0x00, 0x1f, 0xf9, 0x00, 0xbf, 0xf0, 0x00, 0x04, 0xff, 0x70, 0x08, 0xff, 0x30, 0x00, 0x7f, 0xf4, 0x00, 0x3f, 0xfa, 0x00,
    0x0d, 0xfe, 0x00, 0x00, 0xaf, 0xf9, 0x5b, 0xff, 0x70, 0x00, 0x01, 0xdf, 0xff, 0xff, 0xa0, 0x00, 0x00, 0x01, 0x8d, 0xec,
    0x70, 0x00, 0x00, 0x00, 0x00, 0x4c, 0xff, 0x00, 0x00, 0x00, 0x05, 0xdf, 0xff, 0xf0, 0x00, 0x00, 0x00, 0x7f, 0xff, 0xff,
    0x00, 0x00, 0x00, 0x01, 0x22, 0xcf, 0xf0, 0x00, 0x00, 0x00, 0x00, 0x0c, 0xff, 0x00, 0x00, 0x00, 0x00, 0x00, 0xcf, 0xf0,
    0x00, 0x00, 0x00, 0x00, 0x0c, 0xff, 0x00, 0x00, 0x00, 0x00, 0x00, 0xcf, 0xf0, 0x00, 0x00, 0x00, 0x00, 0x0c, 0xff, 0x00,
    0x00, 0x00, 0x00, 0x00, 0xcf, 0xf0, 0x00, 0x00, 0x00, 0x00, 0x0c, 0xff, 0x00, 0x00, 0x00, 0x00, 0x00, 0xcf, 0xf0, 0x00,
    0x00, 0x00, 0x00, 0x0c, 0xff, 0x00, 0x00, 0x00, 0x00, 0x00, 0xcf, 0xf0, 0x00, 0x00, 0x00, 0x55, 0x5d, 0xff, 0x55, 0x50,
    0x00, 0x0f, 0xff, 0xff, 0xff, 0xff, 0x00, 0x00, 0xff, 0xff, 0xff, 0xff, 0xf0, 0x00, 0x00, 0x17, 0xde, 0xeb, 0x40, 0x00,
    0x00, 0x2d, 0xff, 0xff, 0xff, 0x70, 0x00, 0x0d, 0xfe, 0x75, 0x8f, 0xff, 0x20, 0x00, 0x4c, 0x20, 0x00, 0x7f, 0xf8, 0x00,
    0x00, 0x00, 0x00, 0x01, 0xff, 0xb0, 0x00, 0x00, 0x00, 0x00, 0x1f, 0xfb, 0x00, 0x00, 0x00, 0x00, 0x03, 0xff, 0x90, 0x00,
    0x00, 0x00, 0x00, 0x8f, 0xf4, 0x00, 0x00, 0x00, 0x00, 0x1e, 0xfd, 0x00, 0x00, 0x00, 0x00, 0x0a, 0xff, 0x50, 0x00, 0x00,
    0x00, 0x06, 0xff, 0xa0, 0x00, 0x00, 0x00, 0x03, 0xff, 0xd1, 0x00, 0x00, 0x00, 0x03, 0xef, 0xe2, 0x00, 0x00, 0x00, 0x02,
    0xef, 0xe4, 0x00, 0x00, 0x00, 0x02, 0xef, 0xf7, 0x44, 0x55, 0x55, 0x00, 0xef, 0xff, 0xff, 0xff, 0xff, 0xf0, 0x0f, 0xff,
    0xff, 0xff, 0xff, 0xff, 0x00, 0x00, 0x17, 0xce, 0xec, 0x60, 0x00, 0x00, 0x3e, 0xff, 0xff, 0xff, 0xb0, 0x00, 0x07, 0xfe,
    0x85, 0x7d, 0xff, 0x70, 0x00, 0x06, 0x10, 0x00, 0x3f, 0xfa, 0x00, 0x00, 0x00, 0x00, 0x01, 0xff, 0xa0, 0x00, 0x00, 0x00,
    0x00, 0x7f, 0xf6, 0x00, 0x00, 0x00, 0x57, 0xbf, 0xfb, 0x00, 0x00, 0x00, 0x0f, 0xff, 0xf7, 0x00, 0x00, 0x00, 0x00, 0xff,
    0xff, 0xe6, 0x00, 0x00, 0x00, 0x00, 0x26, 0xdf, 0xf4, 0x00, 0x00, 0x00, 0x00, 0x02, 0xff, 0xb0, 0x00, 0x00, 0x00, 0x00,
    0x0c, 0xfe, 0x00, 0x00, 0x00, 0x00, 0x00, 0xdf, 0xe0, 0x00, 0x8a, 0x00, 0x00, 0x3f, 0xfc, 0x00, 0x3f, 0xfd, 0x75, 0x8e,
    0xff, 0x50, 0x00, 0x7f, 0xff, 0xff, 0xff, 0x90, 0x00, 0x00, 0x2a, 0xdf, 0xeb, 0x40, 0x00, 0x00, 0x00, 0x00, 0x00, 0x1e,
    0xff, 0xc0, 0x00, 0x00, 0x00, 0x09, 0xff, 0xfc, 0x00, 0x00, 0x00, 0x04, 0xfe, 0xff, 0xc0, 0x00, 0x00, 0x00, 0xcf, 0x8f,
    0xfc, 0x00, 0x00, 0x00, 0x7f, 0xe1, 0xff, 0xc0, 0x00, 0x00, 0x2e, 0xf7, 0x0f, 0xfc, 0x00, 0x00, 0x0a, 0xfc, 0x00, 0xff,
    0xc0, 0x00, 0x04, 0xff, 0x40, 0x0f, 0xfc, 0x00, 0x00, 0xdf, 0x90, 0x00, 0xff, 0xc0, 0x00, 0x8f, 0xe1, 0x00, 0x0f, 0xfc,
    0x00, 0x0f, 0xff, 0xff, 0xff, 0xff, 0xff, 0x80, 0xff, 0xff, 0xff, 0xff, 0xff, 0xf8, 0x03, 0x33, 0x33, 0x33, 0xff, 0xf3,
    0x20, 0x00, 0x00, 0x00, 0x0f, 0xfc, 0x00, 0x00, 0x00, 0x00, 0x00, 0xff, 0xc0, 0x00, 0x00, 0x00, 0x00, 0x0f, 0xfc, 0x00,
    0x00, 0x00, 0x00, 0x00, 0xff, 0xc0, 0x00, 0x00, 0xff, 0xff, 0xff, 0xff, 0xf0, 0x00, 0x0f, 0xff, 0xff, 0xff, 0xff, 0x00,
    0x00, 0xff, 0x95, 0x55, 0x55, 0x50, 0x00, 0x0f, 0xf5, 0x00, 0x00, 0x00, 0x00, 0x00, 0xff, 0x40, 0x00, 0x00, 0x00, 0x00,
    0x0f, 0xf3, 0x34, 0x20, 0x00, 0x00, 0x00, 0xff, 0xdf, 0xff, 0xb2, 0x00, 0x00, 0x0f, 0xff, 0xff, 0xff, 0xd1, 0x00, 0x00,
    0x79, 0x31, 0x4d, 0xff, 0x80, 0x00, 0x00, 0x00, 0x00, 0x3f, 0xfc, 0x00, 0x00, 0x00, 0x00, 0x00, 0xdf, 0xe0, 0x00, 0x00,
    0x00, 0x00, 0x0c, 0xfe, 0x00, 0x00, 0x00, 0x00, 0x00, 0xef, 0xd0, 0x00, 0x96, 0x00, 0x00, 0x6f, 0xf8, 0x00, 0x4f, 0xfb,
    0x75, 0x9f, 0xfe, 0x20, 0x00, 0x9f, 0xff, 0xff, 0xfe, 0x40, 0x00, 0x00, 0x3a, 0xef, 0xd9, 0x20, 0x00, 0x00, 0x00, 0x00,
    0x4a, 0xef, 0xd8, 0x10, 0x00, 0x00, 0x8f, 0xff, 0xff, 0xfd, 0x20, 0x00, 0x6f, 0xfe, 0x75, 0x8f, 0xb1, 0x00, 0x1e, 0xfe,
    0x20, 0x00, 0x20, 0x00, 0x06, 0xff, 0x70, 0x00, 0x00, 0x00, 0x00, 0xaf, 0xf2, 0x00, 0x00, 0x00, 0x00, 0x0d, 0xfe, 0x07,
    0xde, 0xc6, 0x00, 0x00, 0xef, 0xd9, 0xff, 0xff, 0xf9, 0x00, 0x0f, 0xff, 0xf9, 0x58, 0xff, 0xf3, 0x00, 0xef, 0xf4, 0x00,
    0x06, 0xff, 0x80, 0x0d, 0xfd, 0x00, 0x00, 0x1f, 0xfa, 0x00, 0xbf, 0xf0, 0x00, 0x00, 0xff, 0xb0, 0x08, 0xff, 0x40, 0x00,
    0x2f, 0xfa, 0x00, 0x2f, 0xfb, 0x00, 0x08, 0xff, 0x60, 0x00, 0x9f, 0xfb, 0x58, 0xff, 0xd1, 0x00, 0x01, 0xbf, 0xff, 0xff,
    0xe3, 0x00, 0x00, 0x00, 0x7c, 0xfe, 0xa2, 0x00, 0x00, 0x0f, 0xff, 0xff, 0xff, 0xff, 0xff, 0x00, 0xff, 0xff, 0xff, 0xff,
    0xff, 0xe0, 0x05, 0x55, 0x55, 0x55, 0xaf, 0xf5, 0x00, 0x00, 0x00, 0x00, 0x2e, 0xf9, 0x00, 0x00, 0x00, 0x00, 0x0a, 0xfd,
    0x10, 0x00, 0x00, 0x00, 0x03, 0xff, 0x50, 0x00, 0x00, 0x00, 0x00, 0xaf, 0xd0, 0x00, 0x00, 0x00, 0x00, 0x2f, 0xf7, 0x00,
    0x00, 0x00, 0x00, 0x07, 0xff, 0x10, 0x00, 0x00, 0x00, 0x00, 0xcf, 0xc0, 0x00, 0x00, 0x00, 0x00, 0x0f, 0xf8, 0x00, 0x00,
    0x00, 0x00, 0x03, 0xff, 0x60, 0x00, 0x00, 0x00, 0x00, 0x6f, 0xf4, 0x00, 0x00, 0x00, 0x00, 0x08, 0xff, 0x20, 0x00, 0x00,
    0x00, 0x00, 0xaf, 0xf1, 0x00, 0x00, 0x00, 0x00, 0x0b, 0xff, 0x10, 0x00, 0x00, 0x00, 0x00, 0xbf, 0xf0, 0x00, 0x00, 0x00,
    0x00, 0x05, 0xbe, 0xed, 0x81, 0x00, 0x00, 0x0a, 0xff, 0xff, 0xff, 0xd1, 0x00, 0x05, 0xff, 0xe7, 0x6d, 0xff, 0x90, 0x00,
    0xaf, 0xf4, 0x00, 0x3f, 0xfd, 0x00, 0x0b, 0xff, 0x10, 0x00, 0xcf, 0xf0, 0x00, 0x8f, 0xf2, 0x00, 0x0c, 0xfc, 0x00, 0x01,
    0xdf, 0xa0, 0x02, 0xff, 0x40, 0x00, 0x02, 0xcf, 0xc3, 0xaf, 0x60, 0x00, 0x00, 0x07, 0xff, 0xff, 0xc2, 0x00, 0x00, 0x0a,
    0xf9, 0x39, 0xff, 0xf6, 0x00, 0x06, 0xff, 0x10, 0x02, 0xdf, 0xf3, 0x00, 0xdf, 0xc0, 0x00, 0x03, 0xff, 0x90, 0x0f, 0xfc,
    0x00, 0x00, 0x0f, 0xfb, 0x00, 0xdf, 0xf4, 0x00, 0x05, 0xff, 0xa0, 0x07, 0xff, 0xf8, 0x57, 0xff, 0xf4, 0x00, 0x0a, 0xff,
    0xff, 0xff, 0xf7, 0x00, 0x00, 0x05, 0xbe, 0xfd, 0xa4, 0x00, 0x00, 0x00, 0x04, 0xbe, 0xeb, 0x50, 0x00, 0x00, 0x08, 0xff,
    0xff, 0xff, 0x90, 0x00, 0x04, 0xff, 0xe6, 0x6d, 0xff, 0x60, 0x00, 0xbf, 0xf3, 0x00, 0x1e, 0xfe, 0x00, 0x0e, 0xfd, 0x00,
    0x00, 0x7f, 0xf5, 0x00, 0xff, 0xc0, 0x00, 0x04, 0xff, 0x80, 0x0d, 0xfe, 0x10, 0x00, 0x4f, 0xfa, 0x00, 0x9f, 0xfa, 0x21,
    0x5e, 0xff, 0xb0, 0x03, 0xff, 0xff, 0xff, 0x9f, 0xfb, 0x00, 0x04, 0xdf, 0xff, 0x81, 0xff, 0xa0, 0x00, 0x00, 0x34, 0x20,
    0x3f, 0xf9, 0x00, 0x00, 0x00, 0x00, 0x06, 0xff, 0x60, 0x00, 0x00, 0x00, 0x00, 0xbf, 0xf2, 0x00, 0x03, 0x20, 0x00, 0x4f,
    0xfb, 0x00, 0x02, 0xee, 0x75, 0x8f, 0xfe, 0x20, 0x00, 0x5f, 0xff, 0xff, 0xfe, 0x40, 0x00, 0x00, 0x29, 0xdf, 0xd9, 0x20,
    0x00, 0x00, 0x00, 0x5d, 0xe5, 0x00, 0x00, 0xef, 0xfd, 0x00, 0x00, 0xef, 0xfe, 0x00, 0x00, 0x5e, 0xe5, 0x00, 0x00, 0x00,
    0x00, 0x00, 0x00, 0x00, 0x00, 0x00, 0x00, 0x00, 0x00, 0x00, 0x00, 0x00, 0x00, 0x00, 0x00, 0x00, 0x00, 0x00, 0x00, 0x5d,
    0xe5, 0x00, 0x00, 0xef, 0xfe, 0x00, 0x00, 0xdf, 0xfd, 0x00, 0x00, 0x5d, 0xe4, 0x00, 0x00, 0x5d, 0xe5, 0x00, 0x0e, 0xff,
    0xd0, 0x00, 0xef, 0xfe, 0x00, 0x05, 0xee, 0x50, 0x00, 0x00, 0x00, 0x00, 0x00, 0x00, 0x00, 0x00, 0x00, 0x00, 0x00, 0x00,
    0x00, 0x00, 0x00, 0x00, 0x00, 0x00, 0x05, 0xec, 0x20, 0x00, 0xef, 0xf9, 0x00, 0x0e, 0xff, 0xc0, 0x00, 0x5e, 0xfe, 0x00,
    0x00, 0x1f, 0xb0, 0x00, 0x07, 0xf6, 0x00, 0x06, 0xfd, 0x10, 0x04, 0xfe, 0x20, 0x00, 0x08, 0x10, 0x00, 0x00, 0x00, 0x00,
    0x00, 0x00, 0x00, 0x00, 0x00, 0x00, 0x00, 0x00, 0x17, 0xd0, 0x00, 0x00, 0x00, 0x04, 0xaf, 0xff, 0x00, 0x00, 0x01, 0x7d,
    0xff, 0xfd, 0x70, 0x00, 0x4a, 0xff, 0xfe, 0x93, 0x00, 0x00, 0xdf, 0xff, 0xb5, 0x00, 0x00, 0x00, 0x0f, 0xfe, 0x60, 0x00,
    0x00, 0x00, 0x00, 0xaf, 0xff, 0xd8, 0x20, 0x00, 0x00, 0x00, 0x17, 0xdf, 0xff, 0xc6, 0x10, 0x00, 0x00, 0x00, 0x4a, 0xff,
    0xff, 0xa0, 0x00, 0x00, 0x00, 0x01, 0x7d, 0xff, 0x00, 0x00, 0x00, 0x00, 0x00, 0x05, 0xb0, 0x00, 0x00, 0x00, 0x00, 0x00,
    0x00, 0x00, 0x00, 0x00, 0x00, 0x00, 0x00, 0x00, 0x00, 0x00, 0x00, 0x00, 0x00, 0x00, 0x00, 0x0f, 0xff, 0xff, 0xff, 0xff,
    0xff, 0x00, 0xff, 0xff, 0xff, 0xff, 0xff, 0xf0, 0x05, 0x55, 0x55, 0x55, 0x55, 0x55, 0x00, 0x00, 0x00, 0x00, 0x00, 0x00,
    0x00, 0x00, 0x00, 0x00, 0x00, 0x00, 0x00, 0x00, 0x00, 0x00, 0x00, 0x00, 0x00, 0x00, 0x0f, 0xff, 0xff, 0xff, 0xff, 0xff,
    0x00, 0xff, 0xff, 0xff, 0xff, 0xff, 0xf0, 0x05, 0x55, 0x55, 0x55, 0x55, 0x55, 0x00, 0x00, 0x00, 0x00, 0x00, 0x00, 0x00,
    0x00, 0x00, 0x00, 0x00, 0x00, 0x00, 0x00, 0x00, 0x00, 0x00, 0x00, 0x00, 0x00, 0x00, 0x00, 0x00, 0x00, 0x00, 0x00, 0x00,
    0x00, 0x00, 0x00, 0x00, 0x00, 0x00, 0x00, 0xd7, 0x10, 0x00, 0x00, 0x00, 0x00, 0x0f, 0xff, 0xa4, 0x00, 0x00, 0x00, 0x00,
    0x7d, 0xff, 0xfd, 0x71, 0x00, 0x00, 0x00, 0x03, 0x9e, 0xff, 0xfa, 0x40, 0x00, 0x00, 0x00, 0x05, 0xaf, 0xff, 0xd0, 0x00,
    0x00, 0x00, 0x00, 0x5e, 0xff, 0x00, 0x00, 0x00, 0x28, 0xdf, 0xff, 0xa0, 0x00, 0x16, 0xcf, 0xff, 0xd7, 0x10, 0x00, 0xaf,
    0xff, 0xfa, 0x40, 0x00, 0x00, 0x0f, 0xfd, 0x71, 0x00, 0x00, 0x00, 0x00, 0xb5, 0x00, 0x00, 0x00, 0x00, 0x00, 0x00, 0x00,
    0x00, 0x00, 0x00, 0x00, 0x00, 0x00, 0x00, 0x00, 0x00, 0x00, 0x00, 0x00, 0x00, 0x00, 0x00, 0x00, 0x00, 0x00, 0x00, 0x4a,
    0xef, 0xd8, 0x10, 0x00, 0x9f, 0xff, 0xff, 0xfd, 0x10, 0x2d, 0xfa, 0x57, 0xdf, 0xf8, 0x00, 0x24, 0x00, 0x03, 0xff, 0xb0,
    0x00, 0x00, 0x00, 0x1f, 0xfb, 0x00, 0x00, 0x00, 0x06, 0xff, 0x60, 0x00, 0x00, 0x03, 0xff, 0xb0, 0x00, 0x00, 0x02, 0xef,
    0xd1, 0x00, 0x00, 0x00, 0xbf, 0xf3, 0x00, 0x00, 0x00, 0x3f, 0xf9, 0x00, 0x00, 0x00, 0x06, 0xff, 0x50, 0x00, 0x00, 0x00,
    0x14, 0x41, 0x00, 0x00, 0x00, 0x00, 0x00, 0x00, 0x00, 0x00, 0x00, 0x5d, 0xd5, 0x00, 0x00, 0x00, 0x0e, 0xff, 0xe0, 0x00,
    0x00, 0x00, 0xdf, 0xfd, 0x00, 0x00, 0x00, 0x04, 0xdd, 0x40, 0x00, 0x00, 0x00, 0x00, 0x00, 0x02, 0x7b, 0xdf, 0xec, 0x83,
    0x00, 0x00, 0x00, 0x00, 0x00, 0x18, 0xff, 0xff, 0xff, 0xff, 0xf8, 0x00, 0x00, 0x00, 0x00, 0x1c, 0xff, 0xe9, 0x65, 0x69,
    0xef, 0xfa, 0x00, 0x00, 0x00, 0x1d, 0xfe, 0x70, 0x00, 0x00, 0x00, 0x7f, 0xf7, 0x00, 0x00, 0x0b, 0xfd, 0x30, 0x00, 0x00,
    0x00, 0x00, 0x6f, 0xf1, 0x00, 0x06, 0xfe, 0x20, 0x00, 0x00, 0x00, 0x00, 0x00, 0xbf, 0x70, 0x00, 0xdf, 0x60, 0x00, 0x3b,
    0xec, 0x2e, 0xb0, 0x04, 0xfb, 0x00, 0x4f, 0xd0, 0x00, 0x4f, 0xff, 0xfd, 0xf8, 0x00, 0x1f, 0xe0, 0x08, 0xf7, 0x00, 0x1e,
    0xfd, 0x68, 0xff, 0x50, 0x00, 0xef, 0x00, 0xcf, 0x30, 0x07, 0xfd, 0x10, 0x0c, 0xf2, 0x00, 0x0d, 0xe0, 0x0d, 0xf0, 0x00,
    0xcf, 0x70, 0x00, 0xee, 0x00, 0x00, 0xed, 0x00, 0xee, 0x00, 0x0e, 0xf3, 0x00, 0x2f, 0xb0, 0x00, 0x3f, 0xa0, 0x0f, 0xe0,
    0x00, 0xef, 0x20, 0x04, 0xfa, 0x00, 0x0a, 0xf5, 0x00, 0xef, 0x00, 0x0c, 0xf7, 0x02, 0xdf, 0xc0, 0x07, 0xfb, 0x00, 0x0c,
    0xf3, 0x00, 0x6f, 0xfd, 0xfa, 0xbf, 0xee, 0xfd, 0x20, 0x00, 0x8f, 0x80, 0x00, 0x7d, 0xe8, 0x02, 0xbe, 0xd8, 0x10, 0x00,
    0x04, 0xfe, 0x20, 0x00, 0x00, 0x00, 0x00, 0x00, 0x00, 0x00, 0x00, 0x0c, 0xfc, 0x10, 0x00, 0x00, 0x00, 0x00, 0x00, 0x00,
    0x00, 0x00, 0x3f, 0xfc, 0x30, 0x00, 0x00, 0x03, 0x10, 0x00, 0x00, 0x00, 0x00, 0x5f, 0xff, 0xb7, 0x55, 0x7b, 0xf6, 0x00,
    0x00, 0x00, 0x00, 0x00, 0x4d, 0xff, 0xff, 0xff, 0xff, 0x60, 0x00, 0x00, 0x00, 0x00, 0x00, 0x05, 0xad, 0xee, 0xc8, 0x20,
    0x00, 0x00, 0x00, 0x00, 0x00, 0x00, 0xcf, 0xfd, 0x00, 0x00, 0x00, 0x00, 0x00, 0x02, 0xff, 0xff, 0x30, 0x00, 0x00, 0x00,
    0x00, 0x07, 0xfd, 0xef, 0x70, 0x00, 0x00, 0x00, 0x00, 0x0b, 0xf9, 0xaf, 0xc0, 0x00, 0x00, 0x00, 0x00, 0x1f, 0xf5, 0x6f,
    0xf2, 0x00, 0x00, 0x00, 0x00, 0x6f, 0xf1, 0x1f, 0xf7, 0x00, 0x00, 0x00, 0x00, 0xbf, 0xb0, 0x0c, 0xfc, 0x00, 0x00, 0x00,
    0x01, 0xff, 0x70, 0x08, 0xff, 0x10, 0x00, 0x00, 0x05, 0xff, 0x30, 0x04, 0xff, 0x60, 0x00, 0x00, 0x0a, 0xfd, 0x00, 0x00,
    0xef, 0xb0, 0x00, 0x00, 0x1e, 0xff, 0xff, 0xff, 0xff, 0xf1, 0x00, 0x00, 0x5f, 0xff, 0xff, 0xff, 0xff, 0xf6, 0x00, 0x00,
    0xaf, 0xf4, 0x44, 0x44, 0x5f, 0xfa, 0x00, 0x00, 0xef, 0xb0, 0x00, 0x00, 0x0c, 0xff, 0x10, 0x04, 0xff, 0x60, 0x00, 0x00,
    0x07, 0xff, 0x50, 0x09, 0xff, 0x20, 0x00, 0x00, 0x03, 0xff, 0xa0, 0x0e, 0xfd, 0x00, 0x00, 0x00, 0x00, 0xdf, 0xe0, 0x00,
    0xff, 0xff, 0xff, 0xeb, 0x71, 0x00, 0x00, 0x0f, 0xff, 0xff, 0xff, 0xff, 0xd2, 0x00, 0x00, 0xff, 0xd5, 0x56, 0x8d, 0xff,
    0xa0, 0x00, 0x0f, 0xfc, 0x00, 0x00, 0x2f, 0xfe, 0x00, 0x00, 0xff, 0xc0, 0x00, 0x00, 0xcf, 0xf0, 0x00, 0x0f, 0xfc, 0x00,
    0x00, 0x1e, 0xfb, 0x00, 0x00, 0xff, 0xc0, 0x01, 0x3b, 0xff, 0x40, 0x00, 0x0f, 0xff, 0xff, 0xff, 0xfe, 0x50, 0x00, 0x00,
    0xff, 0xff, 0xff, 0xff, 0xfa, 0x10, 0x00, 0x0f, 0xfd, 0x55, 0x57, 0xbf, 0xfd, 0x10, 0x00, 0xff, 0xc0, 0x00, 0x00, 0x7f,
    0xf7, 0x00, 0x0f, 0xfc, 0x00, 0x00, 0x01, 0xff, 0xa0, 0x00, 0xff, 0xc0, 0x00, 0x00, 0x2f, 0xfa, 0x00, 0x0f, 0xfc, 0x00,
    0x00, 0x09, 0xff, 0x80, 0x00, 0xff, 0xd5, 0x55, 0x7c, 0xff, 0xf2, 0x00, 0x0f, 0xff, 0xff, 0xff, 0xff, 0xe4, 0x00, 0x00,
    0xff, 0xff, 0xff, 0xec, 0x81, 0x00, 0x00, 0x00, 0x00, 0x06, 0xbe, 0xfd, 0x92, 0x00, 0x00, 0x02, 0xcf, 0xff, 0xff, 0xff,
    0x70, 0x00, 0x1e, 0xff, 0xc7, 0x57, 0xef, 0x80, 0x00, 0xbf, 0xf8, 0x00, 0x00, 0x18, 0x00, 0x03, 0xff, 0xb0, 0x00, 0x00,
    0x00, 0x00, 0x09, 0xff, 0x40, 0x00, 0x00, 0x00, 0x00, 0x0c, 0xfe, 0x00, 0x00, 0x00, 0x00, 0x00, 0x0e, 0xfd, 0x00, 0x00,
    0x00, 0x00, 0x00, 0x0f, 0xfc, 0x00, 0x00, 0x00, 0x00, 0x00, 0x0e, 0xfd, 0x00, 0x00, 0x00, 0x00, 0x00, 0x0d, 0xfe, 0x00,
    0x00, 0x00, 0x00, 0x00, 0x09, 0xff, 0x30, 0x00, 0x00, 0x00, 0x00, 0x04, 0xff, 0xa0, 0x00, 0x00, 0x00, 0x00, 0x00, 0xcf,
    0xf7, 0x00, 0x00, 0x1a, 0x50, 0x00, 0x3e, 0xff, 0xb6, 0x57, 0xdf, 0xe2, 0x00, 0x03, 0xdf, 0xff, 0xff, 0xff, 0x70, 0x00,
    0x00, 0x17, 0xce, 0xfd, 0x93, 0x00, 0x00, 0xff, 0xff, 0xfd, 0xb6, 0x10, 0x00, 0x00, 0x0f, 0xff, 0xff, 0xff, 0xfd, 0x40,
    0x00, 0x00, 0xff, 0xd5, 0x57, 0xcf, 0xff, 0x30, 0x00, 0x0f, 0xfc, 0x00, 0x00, 0x7f, 0xfd, 0x00, 0x00, 0xff, 0xc0, 0x00,
    0x00, 0xaf, 0xf5, 0x00, 0x0f, 0xfc, 0x00, 0x00, 0x03, 0xff, 0xa0, 0x00, 0xff, 0xc0, 0x00, 0x00, 0x0e, 0xfc, 0x00, 0x0f,
    0xfc, 0x00, 0x00, 0x00, 0xdf, 0xe0, 0x00, 0xff, 0xc0, 0x00, 0x00, 0x0c, 0xff, 0x00, 0x0f, 0xfc, 0x00, 0x00, 0x00, 0xdf,
    0xe0, 0x00, 0xff, 0xc0, 0x00, 0x00, 0x0e, 0xfc, 0x00, 0x0f, 0xfc, 0x00, 0x00, 0x04, 0xff, 0x90, 0x00, 0xff, 0xc0, 0x00,
    0x00, 0xbf, 0xf4, 0x00, 0x0f, 0xfc, 0x00, 0x00, 0x8f, 0xfc, 0x00, 0x00, 0xff, 0xd5, 0x57, 0xdf, 0xff, 0x30, 0x00, 0x0f,
    0xff, 0xff, 0xff, 0xfe, 0x30, 0x00, 0x00, 0xff, 0xff, 0xfd, 0xb6, 0x10, 0x00, 0x00, 0x00, 0xff, 0xff, 0xff, 0xff, 0xf8,
    0x00, 0x0f, 0xff, 0xff, 0xff, 0xff, 0x80, 0x00, 0xff, 0xd5, 0x55, 0x55, 0x52, 0x00, 0x0f, 0xfc, 0x00, 0x00, 0x00, 0x00,
    0x00, 0xff, 0xc0, 0x00, 0x00, 0x00, 0x00, 0x0f, 0xfc, 0x00, 0x00, 0x00, 0x00, 0x00, 0xff, 0xc0, 0x00, 0x00, 0x00, 0x00,
    0x0f, 0xff, 0xff, 0xff, 0xf8, 0x00, 0x00, 0xff, 0xff, 0xff, 0xff, 0x80, 0x00, 0x0f, 0xfd, 0x55, 0x55, 0x52, 0x00, 0x00,
    0xff, 0xc0, 0x00, 0x00, 0x00, 0x00, 0x0f, 0xfc, 0x00, 0x00, 0x00, 0x00, 0x00, 0xff, 0xc0, 0x00, 0x00, 0x00, 0x00, 0x0f,
    0xfc, 0x00, 0x00, 0x00, 0x00, 0x00, 0xff, 0xd5, 0x55, 0x55, 0x55, 0x00, 0x0f, 0xff, 0xff, 0xff, 0xff, 0xf0, 0x00, 0xff,
    0xff, 0xff, 0xff, 0xff, 0x00, 0x00, 0xff, 0xff, 0xff, 0xff, 0xf8, 0x00, 0xff, 0xff, 0xff, 0xff, 0xf8, 0x00, 0xff, 0xd5,
    0x55, 0x55, 0x52, 0x00, 0xff, 0xc0, 0x00, 0x00, 0x00, 0x00, 0xff, 0xc0, 0x00, 0x00, 0x00, 0x00, 0xff, 0xc0, 0x00, 0x00,
    0x00, 0x00, 0xff, 0xc0, 0x00, 0x00, 0x00, 0x00, 0xff, 0xd5, 0x55, 0x55, 0x20, 0x00, 0xff, 0xff, 0xff, 0xff, 0x80, 0x00,
    0xff, 0xff, 0xff, 0xff, 0x80, 0x00, 0xff, 0xc0, 0x00, 0x00, 0x00, 0x00, 0xff, 0xc0, 0x00, 0x00, 0x00, 0x00, 0xff, 0xc0,
    0x00, 0x00, 0x00, 0x00, 0xff, 0xc0, 0x00, 0x00, 0x00, 0x00, 0xff, 0xc0, 0x00, 0x00, 0x00, 0x00, 0xff, 0xc0, 0x00, 0x00,
    0x00, 0x00, 0xff, 0xc0, 0x00, 0x00, 0x00, 0x00, 0x00, 0x05, 0xad, 0xfe, 0xb6, 0x00, 0x00, 0x00, 0x2c, 0xff, 0xff, 0xff,
    0xfc, 0x20, 0x00, 0x1d, 0xff, 0xd7, 0x56, 0xcf, 0xd2, 0x00, 0x0a, 0xff, 0x90, 0x00, 0x00, 0x72, 0x00, 0x03, 0xff, 0xc0,
    0x00, 0x00, 0x00, 0x00, 0x00, 0x8f, 0xf4, 0x00, 0x00, 0x00, 0x00, 0x00, 0x0c, 0xfe, 0x00, 0x00, 0x00, 0x00, 0x00, 0x00,
    0xef, 0xd0, 0x00, 0x05, 0x55, 0x55, 0x40, 0x0f, 0xfc, 0x00, 0x00, 0xff, 0xff, 0xfc, 0x00, 0xef, 0xd0, 0x00, 0x0f, 0xff,
    0xff, 0xc0, 0x0c, 0xfe, 0x00, 0x00, 0x00, 0x0f, 0xfc, 0x00, 0x9f, 0xf4, 0x00, 0x00, 0x00, 0xff, 0xc0, 0x04, 0xff, 0xb0,
    0x00, 0x00, 0x0f, 0xfc, 0x00, 0x0b, 0xff, 0x80, 0x00, 0x00, 0xff, 0xc0, 0x00, 0x2e, 0xff, 0xc7, 0x57, 0xbf, 0xfc, 0x00,
    0x00, 0x2c, 0xff, 0xff, 0xff, 0xfe, 0x50, 0x00, 0x00, 0x05, 0xbd, 0xfe, 0xc7, 0x10, 0x00, 0x00, 0xff, 0xc0, 0x00, 0x00,
    0x0c, 0xff, 0x00, 0x00, 0xff, 0xc0, 0x00, 0x00, 0x0c, 0xff, 0x00, 0x00, 0xff, 0xc0, 0x00, 0x00, 0x0c, 0xff, 0x00, 0x00,
    0xff, 0xc0, 0x00, 0x00, 0x0c, 0xff, 0x00, 0x00, 0xff, 0xc0, 0x00, 0x00, 0x0c, 0xff, 0x00, 0x00, 0xff, 0xc0, 0x00, 0x00,
    0x0c, 0xff, 0x00, 0x00, 0xff, 0xc0, 0x00, 0x00, 0x0c, 0xff, 0x00, 0x00, 0xff, 0xff, 0xff, 0xff, 0xff, 0xff, 0x00, 0x00,
    0xff, 0xff, 0xff, 0xff, 0xff, 0xff, 0x00, 0x00, 0xff, 0xd5, 0x55, 0x55, 0x5d, 0xff, 0x00, 0x00, 0xff, 0xc0, 0x00, 0x00,
    0x0c, 0xff, 0x00, 0x00, 0xff, 0xc0, 0x00, 0x00, 0x0c, 0xff, 0x00, 0x00, 0xff, 0xc0, 0x00, 0x00, 0x0c, 0xff, 0x00, 0x00,
    0xff, 0xc0, 0x00, 0x00, 0x0c, 0xff, 0x00, 0x00, 0xff, 0xc0, 0x00, 0x00, 0x0c, 0xff, 0x00, 0x00, 0xff, 0xc0, 0x00, 0x00,
    0x0c, 0xff, 0x00, 0x00, 0xff, 0xc0, 0x00, 0x00, 0x0c, 0xff, 0x00, 0x00, 0xff, 0xc0, 0x00, 0x0f, 0xfc, 0x00, 0x00, 0xff,
    0xc0, 0x00, 0x0f, 0xfc, 0x00, 0x00, 0xff, 0xc0, 0x00, 0x0f, 0xfc, 0x00, 0x00, 0xff, 0xc0, 0x00, 0x0f, 0xfc, 0x00, 0x00,
    0xff, 0xc0, 0x00, 0x0f, 0xfc, 0x00, 0x00, 0xff, 0xc0, 0x00, 0x0f, 0xfc, 0x00, 0x00, 0xff, 0xc0, 0x00, 0x0f, 0xfc, 0x00,
    0x00, 0xff, 0xc0, 0x00, 0x0f, 0xfc, 0x00, 0x00, 0xff, 0xc0, 0x00, 0x00, 0x00, 0x00, 0x0f, 0xfc, 0x00, 0x00, 0x00, 0x00,
    0x0f, 0xfc, 0x00, 0x00, 0x00, 0x00, 0x0f, 0xfc, 0x00, 0x00, 0x00, 0x00, 0x0f, 0xfc, 0x00, 0x00, 0x00, 0x00, 0x0f, 0xfc,
    0x00, 0x00, 0x00, 0x00, 0x0f, 0xfc, 0x00, 0x00, 0x00, 0x00, 0x0f, 0xfc, 0x00, 0x00, 0x00, 0x00, 0x0f, 0xfc, 0x00, 0x00,
    0x00, 0x00, 0x0f, 0xfc, 0x00, 0x00, 0x00, 0x00, 0x0f, 0xfc, 0x00, 0x00, 0x00, 0x00, 0x0f, 0xfc, 0x00, 0x00, 0x00, 0x00,
    0x0f, 0xfb, 0x00, 0x00, 0x00, 0x00, 0x1f, 0xfa, 0x00, 0x1a, 0x70, 0x00, 0x5f, 0xf7, 0x00, 0x9f, 0xf9, 0x57, 0xef, 0xf2,
    0x00, 0x1c, 0xff, 0xff, 0xff, 0x70, 0x00, 0x00, 0x7c, 0xee, 0xc5, 0x00, 0x00, 0x00, 0xff, 0xc0, 0x00, 0x00, 0x9f, 0xf7,
    0x00, 0x0f, 0xfc, 0x00, 0x00, 0x6f, 0xfa, 0x00, 0x00, 0xff, 0xc0, 0x00, 0x2e, 0xfd, 0x10, 0x00, 0x0f, 0xfc, 0x00, 0x1d,
    0xff, 0x30, 0x00, 0x00, 0xff, 0xc0, 0x0a, 0xff, 0x60, 0x00, 0x00, 0x0f, 0xfc, 0x06, 0xff, 0xa0, 0x00, 0x00, 0x00, 0xff,
    0xc3, 0xff, 0xe1, 0x00, 0x00, 0x00, 0x0f, 0xfc, 0xdf, 0xff, 0x50, 0x00, 0x00, 0x00, 0xff, 0xff, 0xff, 0xfd, 0x00, 0x00,
    0x00, 0x0f, 0xff, 0xfa, 0x7f, 0xf7, 0x00, 0x00, 0x00, 0xff, 0xfd, 0x11, 0xdf, 0xe1, 0x00, 0x00, 0x0f, 0xfe, 0x30, 0x06,
    0xff, 0x80, 0x00, 0x00, 0xff, 0xc0, 0x00, 0x0c, 0xff, 0x20, 0x00, 0x0f, 0xfc, 0x00, 0x00, 0x4f, 0xfa, 0x00, 0x00, 0xff,
    0xc0, 0x00, 0x00, 0xbf, 0xf4, 0x00, 0x0f, 0xfc, 0x00, 0x00, 0x03, 0xff, 0xc0, 0x00, 0xff, 0xc0, 0x00, 0x00, 0x0a, 0xff,
    0x60, 0x00, 0xff, 0xc0, 0x00, 0x00, 0x00, 0x00, 0xff, 0xc0, 0x00, 0x00, 0x00, 0x00, 0xff, 0xc0, 0x00, 0x00, 0x00, 0x00,
    0xff, 0xc0, 0x00, 0x00, 0x00, 0x00, 0xff, 0xc0, 0x00, 0x00, 0x00, 0x00, 0xff, 0xc0, 0x00, 0x00, 0x00, 0x00, 0xff, 0xc0,
    0x00, 0x00, 0x00, 0x00, 0xff, 0xc0, 0x00, 0x00, 0x00, 0x00, 0xff, 0xc0, 0x00, 0x00, 0x00, 0x00, 0xff, 0xc0, 0x00, 0x00,
    0x00, 0x00, 0xff, 0xc0, 0x00, 0x00, 0x00, 0x00, 0xff, 0xc0, 0x00, 0x00, 0x00, 0x00, 0xff, 0xc0, 0x00, 0x00, 0x00, 0x00,
    0xff, 0xc0, 0x00, 0x00, 0x00, 0x00, 0xff, 0xd6, 0x66, 0x66, 0x63, 0x00, 0xff, 0xff, 0xff, 0xff, 0xf8, 0x00, 0xff, 0xff,
    0xff, 0xff, 0xf8, 0x00, 0xff, 0xf9, 0x00, 0x00, 0x00, 0x8f, 0xff, 0x00, 0x00, 0xff, 0xfd, 0x00, 0x00, 0x00, 0xcf, 0xff,
    0x00, 0x00, 0xff, 0xff, 0x30, 0x00, 0x02, 0xff, 0xff, 0x00, 0x00, 0xff, 0xff, 0x80, 0x00, 0x07, 0xfe, 0xff, 0x00, 0x00,
    0xff, 0xcf, 0xc0, 0x00, 0x0b, 0xfb, 0xff, 0x00, 0x00, 0xff, 0xad, 0xf2, 0x00, 0x1f, 0xda, 0xff, 0x00, 0x00, 0xff, 0xb9,
    0xf7, 0x00, 0x5f, 0x9b, 0xff, 0x00, 0x00, 0xff, 0xb4, 0xfb, 0x00, 0xaf, 0x4b, 0xff, 0x00, 0x00, 0xff, 0xc0, 0xef, 0x10,
    0xee, 0x0c, 0xff, 0x00, 0x00, 0xff, 0xc0, 0xaf, 0x54, 0xfa, 0x0c, 0xff, 0x00, 0x00, 0xff, 0xc0, 0x5f, 0xa8, 0xf5, 0x0c,
    0xff, 0x00, 0x00, 0xff, 0xc0, 0x1e, 0xec, 0xe1, 0x0c, 0xff, 0x00, 0x00, 0xff, 0xc0, 0x0a, 0xff, 0xa0, 0x0c, 0xff, 0x00,
    0x00, 0xff, 0xc0, 0x05, 0xff, 0x50, 0x0c, 0xff, 0x00, 0x00, 0xff, 0xc0, 0x01, 0xff, 0x10, 0x0c, 0xff, 0x00, 0x00, 0xff,
    0xc0, 0x00, 0x55, 0x00, 0x0c, 0xff, 0x00, 0x00, 0xff, 0xc0, 0x00, 0x00, 0x00, 0x0c, 0xff, 0x00, 0x00, 0xff, 0xf3, 0x00,
    0x00, 0x0c, 0xff, 0x00, 0x00, 0xff, 0xfb, 0x00, 0x00, 0x0c, 0xff, 0x00, 0x00, 0xff, 0xff, 0x30, 0x00, 0x0c, 0xff, 0x00,
    0x00, 0xff, 0xff, 0xb0, 0x00, 0x0c, 0xff, 0x00, 0x00, 0xff, 0xaf, 0xf4, 0x00, 0x0c, 0xff, 0x00, 0x00, 0xff, 0x9a, 0xfb,
    0x00, 0x0c, 0xff, 0x00, 0x00, 0xff, 0x93, 0xff, 0x40, 0x0c, 0xff, 0x00, 0x00, 0xff, 0xa0, 0xbf, 0xc0, 0x0b, 0xff, 0x00,
    0x00, 0xff, 0xb0, 0x4f, 0xf4, 0x0b, 0xff, 0x00, 0x00, 0xff, 0xb0, 0x0b, 0xfc, 0x0a, 0xff, 0x00, 0x00, 0xff, 0xc0, 0x04,
    0xff, 0x49, 0xff, 0x00, 0x00, 0xff, 0xc0, 0x00, 0xbf, 0xb8, 0xff, 0x00, 0x00, 0xff, 0xc0, 0x00, 0x4f, 0xfa, 0xff, 0x00,
    0x00, 0xff, 0xc0, 0x00, 0x0b, 0xff, 0xff, 0x00, 0x00, 0xff, 0xc0, 0x00, 0x03, 0xff, 0xff, 0x00, 0x00, 0xff, 0xc0, 0x00,
    0x00, 0xbf, 0xff, 0x00, 0x00, 0xff, 0xc0, 0x00, 0x00, 0x3f, 0xff, 0x00, 0x00, 0x00, 0x18, 0xce, 0xfd, 0x82, 0x00, 0x00,
    0x00, 0x04, 0xef, 0xff, 0xff, 0xfe, 0x40, 0x00, 0x00, 0x4f, 0xff, 0xa6, 0x6a, 0xff, 0xf3, 0x00, 0x00, 0xdf, 0xf5, 0x00,
    0x00, 0x5f, 0xfc, 0x00, 0x05, 0xff, 0x90, 0x00, 0x00, 0x0a, 0xff, 0x40, 0x0a, 0xff, 0x30, 0x00, 0x00, 0x03, 0xff, 0x90,
    0x0c, 0xfe, 0x00, 0x00, 0x00, 0x00, 0xef, 0xc0, 0x0e, 0xfd, 0x00, 0x00, 0x00, 0x00, 0xdf, 0xe0, 0x0f, 0xfc, 0x00, 0x00,
    0x00, 0x00, 0xcf, 0xf0, 0x0e, 0xfd, 0x00, 0x00, 0x00, 0x00, 0xdf, 0xe0, 0x0c, 0xfe, 0x00, 0x00, 0x00, 0x00, 0xef, 0xc0,
    0x09, 0xff, 0x30, 0x00, 0x00, 0x04, 0xff, 0x90, 0x04, 0xff, 0xa0, 0x00, 0x00, 0x0a, 0xff, 0x40, 0x00, 0xcf, 0xf6, 0x00,
    0x00, 0x6f, 0xfc, 0x00, 0x00, 0x3e, 0xff, 0xa6, 0x6a, 0xff, 0xe3, 0x00, 0x00, 0x03, 0xef, 0xff, 0xff, 0xfe, 0x30, 0x00,
    0x00, 0x00, 0x18, 0xdf, 0xfd, 0x81, 0x00, 0x00, 0x00, 0xff, 0xff, 0xfe, 0xd9, 0x40, 0x00, 0x00, 0xff, 0xff, 0xff, 0xff,
    0xf8, 0x00, 0x00, 0xff, 0xd5, 0x56, 0x9f, 0xff, 0x50, 0x00, 0xff, 0xc0, 0x00, 0x04, 0xff, 0xb0, 0x00, 0xff, 0xc0, 0x00,
    0x00, 0xdf, 0xe0, 0x00, 0xff, 0xc0, 0x00, 0x00, 0xcf, 0xf0, 0x00, 0xff, 0xc0, 0x00, 0x00, 0xef, 0xd0, 0x00, 0xff, 0xc0,
    0x00, 0x06, 0xff, 0xa0, 0x00, 0xff, 0xd5, 0x56, 0xaf, 0xff, 0x30, 0x00, 0xff, 0xff, 0xff, 0xff, 0xf6, 0x00, 0x00, 0xff,
    0xff, 0xfe, 0xd9, 0x20, 0x00, 0x00, 0xff, 0xc0, 0x00, 0x00, 0x00, 0x00, 0x00, 0xff, 0xc0, 0x00, 0x00, 0x00, 0x00, 0x00,
    0xff, 0xc0, 0x00, 0x00, 0x00, 0x00, 0x00, 0xff, 0xc0, 0x00, 0x00, 0x00, 0x00, 0x00, 0xff, 0xc0, 0x00, 0x00, 0x00, 0x00,
    0x00, 0xff, 0xc0, 0x00, 0x00, 0x00, 0x00, 0x00, 0x00, 0x18, 0xce, 0xfd, 0x82, 0x00, 0x00, 0x00, 0x04, 0xef, 0xff, 0xff,
    0xfe, 0x40, 0x00, 0x00, 0x4f, 0xff, 0xa6, 0x6a, 0xff, 0xf3, 0x00, 0x00, 0xdf, 0xf5, 0x00, 0x00, 0x5f, 0xfc, 0x00, 0x05,
    0xff, 0x90, 0x00, 0x00, 0x09, 0xff, 0x40, 0x0a, 0xff, 0x30, 0x00, 0x00, 0x03, 0xff, 0x90, 0x0c, 0xfe, 0x00, 0x00, 0x00,
    0x00, 0xef, 0xc0, 0x0e, 0xfc, 0x00, 0x00, 0x00, 0x00, 0xdf, 0xe0, 0x0f, 0xfc, 0x00, 0x00, 0x00, 0x00, 0xcf, 0xf0, 0x0e,
    0xfd, 0x00, 0x00, 0x00, 0x00, 0xdf, 0xe0, 0x0c, 0xfe, 0x00, 0x00, 0x00, 0x00, 0xef, 0xc0, 0x09, 0xff, 0x30, 0x00, 0x00,
    0x04, 0xff, 0x90, 0x04, 0xff, 0xa0, 0x00, 0x00, 0x0a, 0xff, 0x40, 0x00, 0xcf, 0xf6, 0x00, 0x00, 0x6f, 0xfc, 0x00, 0x00,
    0x3e, 0xff, 0xa6, 0x6a, 0xff, 0xe3, 0x00, 0x00, 0x03, 0xef, 0xff, 0xff, 0xfe, 0x30, 0x00, 0x00, 0x00, 0x18, 0xef, 0xff,
    0x81, 0x00, 0x00, 0x00, 0x00, 0x00, 0x0d, 0xfe, 0x30, 0x00, 0x00, 0x00, 0x00, 0x00, 0x04, 0xff, 0xfa, 0x75, 0x71, 0x00,
    0x00, 0x00, 0x00, 0x5e, 0xff, 0xff, 0xf5, 0x00, 0x00, 0x00, 0x00, 0x01, 0x8c, 0xee, 0xd5, 0x00, 0xff, 0xff, 0xff, 0xda,
    0x50, 0x00, 0x00, 0xff, 0xff, 0xff, 0xff, 0xfa, 0x00, 0x00, 0xff, 0xd5, 0x56, 0x8e, 0xff, 0x60, 0x00, 0xff, 0xc0, 0x00,
    0x03, 0xff, 0xc0, 0x00, 0xff, 0xc0, 0x00, 0x00, 0xdf, 0xe0, 0x00, 0xff, 0xc0, 0x00, 0x00, 0xdf, 0xe0, 0x00, 0xff, 0xc0,
    0x00, 0x02, 0xff, 0xc0, 0x00, 0xff, 0xc0, 0x01, 0x5d, 0xff, 0x70, 0x00, 0xff, 0xff, 0xff, 0xff, 0xfc, 0x10, 0x00, 0xff,
    0xff, 0xff, 0xff, 0x91, 0x00, 0x00, 0xff, 0xd5, 0x5f, 0xff, 0x10, 0x00, 0x00, 0xff, 0xc0, 0x04, 0xff, 0x90, 0x00, 0x00,
    0xff, 0xc0, 0x00, 0xcf, 0xf2, 0x00, 0x00, 0xff, 0xc0, 0x00, 0x4f, 0xfa, 0x00, 0x00, 0xff, 0xc0, 0x00, 0x0c, 0xff, 0x30,
    0x00, 0xff, 0xc0, 0x00, 0x04, 0xff, 0xc0, 0x00, 0xff, 0xc0, 0x00, 0x00, 0xcf, 0xf5, 0x00, 0x00, 0x5b, 0xef, 0xd9, 0x30,
    0x00, 0x00, 0x09, 0xff, 0xff, 0xff, 0xf9, 0x00, 0x00, 0x6f, 0xfd, 0x75, 0x7d, 0xfc, 0x10, 0x00, 0xcf, 0xe1, 0x00, 0x00,
    0x72, 0x00, 0x00, 0xff, 0xc0, 0x00, 0x00, 0x00, 0x00, 0x00, 0xdf, 0xf4, 0x00, 0x00, 0x00, 0x00, 0x00, 0x8f, 0xff, 0xa3,
    0x00, 0x00, 0x00, 0x00, 0x1c, 0xff, 0xff, 0xb5, 0x00, 0x00, 0x00, 0x01, 0x8f, 0xff, 0xff, 0xb2, 0x00, 0x00, 0x00, 0x01,
    0x8e, 0xff, 0xfd, 0x10, 0x00, 0x00, 0x00, 0x01, 0x7e, 0xff, 0x70, 0x00, 0x00, 0x00, 0x00, 0x04, 0xff, 0xb0, 0x00, 0x10,
    0x00, 0x00, 0x01, 0xff, 0xb0, 0x00, 0xbb, 0x10, 0x00, 0x05, 0xff, 0x80, 0x07, 0xff, 0xe9, 0x65, 0x8e, 0xfe, 0x20, 0x01,
    0xaf, 0xff, 0xff, 0xff, 0xe4, 0x00, 0x00, 0x03, 0x9d, 0xee, 0xd8, 0x20, 0x00, 0x0f, 0xff, 0xff, 0xff, 0xff, 0xff, 0xf0,
    0x0f, 0xff, 0xff, 0xff, 0xff, 0xff, 0xf0, 0x05, 0x55, 0x55, 0xff, 0xd5, 0x55, 0x50, 0x00, 0x00, 0x00, 0xff, 0xc0, 0x00,
    0x00, 0x00, 0x00, 0x00, 0xff, 0xc0, 0x00, 0x00, 0x00, 0x00, 0x00, 0xff, 0xc0, 0x00, 0x00, 0x00, 0x00, 0x00, 0xff, 0xc0,
    0x00, 0x00, 0x00, 0x00, 0x00, 0xff, 0xc0, 0x00, 0x00, 0x00, 0x00, 0x00, 0xff, 0xc0, 0x00, 0x00, 0x00, 0x00, 0x00, 0xff,
    0xc0, 0x00, 0x00, 0x00, 0x00, 0x00, 0xff, 0xc0, 0x00, 0x00, 0x00, 0x00, 0x00, 0xff, 0xc0, 0x00, 0x00, 0x00, 0x00, 0x00,
    0xff, 0xc0, 0x00, 0x00, 0x00, 0x00, 0x00, 0xff, 0xc0, 0x00, 0x00, 0x00, 0x00, 0x00, 0xff, 0xc0, 0x00, 0x00, 0x00, 0x00,
    0x00, 0xff, 0xc0, 0x00, 0x00, 0x00, 0x00, 0x00, 0xff, 0xc0, 0x00, 0x00, 0x00, 0xff, 0xc0, 0x00, 0x00, 0x0c, 0xff, 0x00,
    0x00, 0xff, 0xc0, 0x00, 0x00, 0x0c, 0xff, 0x00, 0x00, 0xff, 0xc0, 0x00, 0x00, 0x0c, 0xff, 0x00, 0x00, 0xff, 0xc0, 0x00,
    0x00, 0x0c, 0xff, 0x00, 0x00, 0xff, 0xc0, 0x00, 0x00, 0x0c, 0xff, 0x00, 0x00, 0xff, 0xc0, 0x00, 0x00, 0x0c, 0xff, 0x00,
    0x00, 0xff, 0xc0, 0x00, 0x00, 0x0c, 0xff, 0x00, 0x00, 0xff, 0xc0, 0x00, 0x00, 0x0c, 0xff, 0x00, 0x00, 0xff, 0xc0, 0x00,
    0x00, 0x0c, 0xff, 0x00, 0x00, 0xff, 0xc0, 0x00, 0x00, 0x0c, 0xff, 0x00, 0x00, 0xef, 0xc0, 0x00, 0x00, 0x0c, 0xfe, 0x00,
    0x00, 0xdf, 0xe0, 0x00, 0x00, 0x0e, 0xfd, 0x00, 0x00, 0xaf, 0xf2, 0x00, 0x00, 0x2f, 0xfa, 0x00, 0x00, 0x6f, 0xf9, 0x00,
    0x00, 0xaf, 0xf6, 0x00, 0x00, 0x0d, 0xff, 0xa6, 0x6b, 0xff, 0xd1, 0x00, 0x00, 0x03, 0xef, 0xff, 0xff, 0xfe, 0x30, 0x00,
    0x00, 0x00, 0x18, 0xde, 0xed, 0x81, 0x00, 0x00, 0x0e, 0xfe, 0x00, 0x00, 0x00, 0x0a, 0xff, 0x20, 0x9f, 0xf3, 0x00, 0x00,
    0x00, 0xef, 0xc0, 0x05, 0xff, 0x70, 0x00, 0x00, 0x3f, 0xf8, 0x00, 0x1f, 0xfb, 0x00, 0x00, 0x07, 0xff, 0x30, 0x00, 0xbf,
    0xf1, 0x00, 0x00, 0xbf, 0xe0, 0x00, 0x06, 0xff, 0x50, 0x00, 0x0e, 0xfa, 0x00, 0x00, 0x2f, 0xf9, 0x00, 0x03, 0xff, 0x50,
    0x00, 0x00, 0xdf, 0xd0, 0x00, 0x8f, 0xf1, 0x00, 0x00, 0x08, 0xff, 0x20, 0x0b, 0xfb, 0x00, 0x00, 0x00, 0x4f, 0xf6, 0x01,
    0xff, 0x70, 0x00, 0x00, 0x00, 0xef, 0xa0, 0x4f, 0xf2, 0x00, 0x00, 0x00, 0x0a, 0xfd, 0x08, 0xfd, 0x00, 0x00, 0x00, 0x00,
    0x5f, 0xf2, 0xdf, 0x80, 0x00, 0x00, 0x00, 0x01, 0xff, 0x8f, 0xf4, 0x00, 0x00, 0x00, 0x00, 0x0b, 0xff, 0xfe, 0x00, 0x00,
    0x00, 0x00, 0x00, 0x7f, 0xff, 0xa0, 0x00, 0x00, 0x00, 0x00, 0x02, 0xff, 0xf6, 0x00, 0x00, 0x00, 0x6f, 0xf5, 0x00, 0x00,
    0x5f, 0xf4, 0x00, 0x00, 0x6f, 0xf3, 0x3f, 0xf8, 0x00, 0x00, 0x9f, 0xf8, 0x00, 0x00, 0x9f, 0xf0, 0x1f, 0xfa, 0x00, 0x00,
    0xcf, 0xfb, 0x00, 0x00, 0xbf, 0xc0, 0x0d, 0xfd, 0x00, 0x01, 0xff, 0xff, 0x00, 0x00, 0xef, 0x90, 0x0a, 0xff, 0x10, 0x04,
    0xfb, 0xef, 0x30, 0x01, 0xff, 0x60, 0x07, 0xff, 0x30, 0x08, 0xf8, 0xcf, 0x70, 0x04, 0xff, 0x40, 0x04, 0xff, 0x50, 0x0b,
    0xf5, 0x9f, 0xa0, 0x06, 0xff, 0x10, 0x01, 0xff, 0x80, 0x0e, 0xf2, 0x6f, 0xe0, 0x09, 0xfd, 0x00, 0x00, 0xdf, 0xa0, 0x3f,
    0xe0, 0x3f, 0xf2, 0x0b, 0xfa, 0x00, 0x00, 0xbf, 0xd0, 0x6f, 0xb0, 0x0e, 0xf6, 0x0e, 0xf8, 0x00, 0x00, 0x8f, 0xf0, 0x9f,
    0x80, 0x0b, 0xf9, 0x1f, 0xf5, 0x00, 0x00, 0x5f, 0xf3, 0xcf, 0x40, 0x07, 0xfb, 0x3f, 0xf2, 0x00, 0x00, 0x2f, 0xf5, 0xff,
    0x10, 0x04, 0xfe, 0x6f, 0xe0, 0x00, 0x00, 0x0e, 0xfa, 0xfd, 0x00, 0x01, 0xff, 0xaf, 0xc0, 0x00, 0x00, 0x0b, 0xff, 0xf9,
    0x00, 0x00, 0xcf, 0xff, 0x90, 0x00, 0x00, 0x08, 0xff, 0xf6, 0x00, 0x00, 0x9f, 0xff, 0x60, 0x00, 0x00, 0x05, 0xff, 0xf3,
    0x00, 0x00, 0x5f, 0xff, 0x30, 0x00, 0x2f, 0xfd, 0x00, 0x00, 0x07, 0xff, 0x60, 0x9f, 0xf6, 0x00, 0x00, 0xdf, 0xd0, 0x02,
    0xff, 0xd0, 0x00, 0x6f, 0xf5, 0x00, 0x08, 0xff, 0x50, 0x0d, 0xfc, 0x00, 0x00, 0x1e, 0xfc, 0x05, 0xff, 0x50, 0x00, 0x00,
    0x7f, 0xf5, 0xbf, 0xc0, 0x00, 0x00, 0x01, 0xef, 0xdf, 0xf4, 0x00, 0x00, 0x00, 0x06, 0xff, 0xfb, 0x00, 0x00, 0x00, 0x00,
    0x3f, 0xff, 0x70, 0x00, 0x00, 0x00, 0x0a, 0xff, 0xfd, 0x00, 0x00, 0x00, 0x03, 0xff, 0x8f, 0xf7, 0x00, 0x00, 0x00, 0xbf,
    0xd0, 0xcf, 0xe1, 0x00, 0x00, 0x4f, 0xf6, 0x05, 0xff, 0x80, 0x00, 0x0c, 0xfd, 0x00, 0x0c, 0xfe, 0x20, 0x05, 0xff, 0x70,
    0x00, 0x5f, 0xf9, 0x00, 0xdf, 0xe1, 0x00, 0x00, 0xcf, 0xf2, 0x6f, 0xf7, 0x00, 0x00, 0x05, 0xff, 0xa0, 0xaf, 0xf3, 0x00,
    0x00, 0x06, 0xff, 0x73, 0xff, 0xa0, 0x00, 0x00, 0xcf, 0xe1, 0x0b, 0xff, 0x10, 0x00, 0x3f, 0xf8, 0x00, 0x4f, 0xf7, 0x00,
    0x09, 0xff, 0x10, 0x00, 0xcf, 0xd0, 0x01, 0xef, 0x90, 0x00, 0x05, 0xff, 0x40, 0x7f, 0xf2, 0x00, 0x00, 0x0d, 0xfa, 0x0d,
    0xfa, 0x00, 0x00, 0x00, 0x7f, 0xf6, 0xff, 0x30, 0x00, 0x00, 0x01, 0xef, 0xff, 0xb0, 0x00, 0x00, 0x00, 0x08, 0xff, 0xf4,
    0x00, 0x00, 0x00, 0x00, 0x1f, 0xfd, 0x00, 0x00, 0x00, 0x00, 0x00, 0xff, 0xc0, 0x00, 0x00, 0x00, 0x00, 0x0f, 0xfc, 0x00,
    0x00, 0x00, 0x00, 0x00, 0xff, 0xc0, 0x00, 0x00, 0x00, 0x00, 0x0f, 0xfc, 0x00, 0x00, 0x00, 0x00, 0x00, 0xff, 0xc0, 0x00,
    0x00, 0x00, 0x00, 0x0f, 0xfc, 0x00, 0x00, 0x00, 0x00, 0xff, 0xff, 0xff, 0xff, 0xff, 0xf0, 0x00, 0xff, 0xff, 0xff, 0xff,
    0xff, 0xe0, 0x00, 0x55, 0x55, 0x55, 0x5c, 0xff, 0x70, 0x00, 0x00, 0x00, 0x00, 0x4f, 0xfc, 0x00, 0x00, 0x00, 0x00, 0x01,
    0xdf, 0xf3, 0x00, 0x00, 0x00, 0x00, 0x09, 0xff, 0x80, 0x00, 0x00, 0x00, 0x00, 0x3f, 0xfd, 0x10, 0x00, 0x00, 0x00, 0x00,
    0xdf, 0xf4, 0x00, 0x00, 0x00, 0x00, 0x08, 0xff, 0xa0, 0x00, 0x00, 0x00, 0x00, 0x3f, 0xfe, 0x10, 0x00, 0x00, 0x00, 0x00,
    0xcf, 0xf6, 0x00, 0x00, 0x00, 0x00, 0x07, 0xff, 0xb0, 0x00, 0x00, 0x00, 0x00, 0x2f, 0xff, 0x20, 0x00, 0x00, 0x00, 0x00,
    0xcf, 0xf7, 0x00, 0x00, 0x00, 0x00, 0x07, 0xff, 0xe5, 0x55, 0x55, 0x55, 0x50, 0x0e, 0xff, 0xff, 0xff, 0xff, 0xff, 0xf0,
    0x0f, 0xff, 0xff, 0xff, 0xff, 0xff, 0xf0, 0x00, 0xff, 0xff, 0xf0, 0x00, 0xff, 0xdd, 0xd0, 0x00, 0xff, 0x00, 0x00, 0x00,
    0xff, 0x00, 0x00, 0x00, 0xff, 0x00, 0x00, 0x00, 0xff, 0x00, 0x00, 0x00, 0xff, 0x00, 0x00, 0x00, 0xff, 0x00, 0x00, 0x00,
    0xff, 0x00, 0x00, 0x00, 0xff, 0x00, 0x00, 0x00, 0xff, 0x00, 0x00, 0x00, 0xff, 0x00, 0x00, 0x00, 0xff, 0x00, 0x00, 0x00,
    0xff, 0x00, 0x00, 0x00, 0xff, 0x00, 0x00, 0x00, 0xff, 0x00, 0x00, 0x00, 0xff, 0x00, 0x00, 0x00, 0xff, 0x00, 0x00, 0x00,
    0xff, 0x00, 0x00, 0x00, 0xff, 0x00, 0x00, 0x00, 0xff, 0x00, 0x00, 0x00, 0xff, 0xff, 0xf0, 0x00, 0xdd, 0xdd, 0xd0, 0x6f,
    0x70, 0x00, 0x00, 0x02, 0xfb, 0x00, 0x00, 0x00, 0x0d, 0xe0, 0x00, 0x00, 0x00, 0x9f, 0x40, 0x00, 0x00, 0x05, 0xf8, 0x00,
    0x00, 0x00, 0x1f, 0xc0, 0x00, 0x00, 0x00, 0xcf, 0x10, 0x00, 0x00, 0x08, 0xf5, 0x00, 0x00, 0x00, 0x4f, 0x90, 0x00, 0x00,
    0x00, 0xfd, 0x00, 0x00, 0x00, 0x0b, 0xf2, 0x00, 0x00, 0x00, 0x7f, 0x60, 0x00, 0x00, 0x03, 0xfa, 0x00, 0x00, 0x00, 0x0e,
    0xe0, 0x00, 0x00, 0x00, 0xaf, 0x30, 0x00, 0x00, 0x06, 0xf7, 0x00, 0x00, 0x00, 0x2f, 0xb0, 0x00, 0x00, 0x00, 0xde, 0x00,
    0x00, 0x00, 0x0a, 0xf4, 0x00, 0x00, 0x00, 0x6f, 0x80, 0x00, 0x00, 0x02, 0xfc, 0x00, 0x00, 0x00, 0x0d, 0xf1, 0x00, 0x00,
    0x00, 0x58, 0x20, 0x8f, 0xff, 0xf0, 0x06, 0xdd, 0xff, 0x00, 0x00, 0x0f, 0xf0, 0x00, 0x00, 0xff, 0x00, 0x00, 0x0f, 0xf0,
    0x00, 0x00, 0xff, 0x00, 0x00, 0x0f, 0xf0, 0x00, 0x00, 0xff, 0x00, 0x00, 0x0f, 0xf0, 0x00, 0x00, 0xff, 0x00, 0x00, 0x0f,
    0xf0, 0x00, 0x00, 0xff, 0x00, 0x00, 0x0f, 0xf0, 0x00, 0x00, 0xff, 0x00, 0x00, 0x0f, 0xf0, 0x00, 0x00, 0xff, 0x00, 0x00,
    0x0f, 0xf0, 0x00, 0x00, 0xff, 0x00, 0x00, 0x0f, 0xf0, 0x00, 0x00, 0xff, 0x00, 0x00, 0x0f, 0xf0, 0x08, 0xff, 0xff, 0x00,
    0x6d, 0xdd, 0xd0, 0x00, 0x00, 0x00, 0x1e, 0xfa, 0x00, 0x00, 0x00, 0x00, 0x06, 0xff, 0xe1, 0x00, 0x00, 0x00, 0x00, 0xbf,
    0xdf, 0x60, 0x00, 0x00, 0x00, 0x2f, 0xe5, 0xfc, 0x00, 0x00, 0x00, 0x08, 0xf9, 0x0e, 0xf2, 0x00, 0x00, 0x00, 0xdf, 0x40,
    0x9f, 0x80, 0x00, 0x00, 0x4f, 0xe0, 0x04, 0xfe, 0x00, 0x00, 0x0a, 0xf9, 0x00, 0x0e, 0xf5, 0x00, 0x01, 0xff, 0x30, 0x00,
    0x9f, 0xa0, 0x00, 0x6f, 0xd0, 0x00, 0x03, 0xff, 0x10, 0x00, 0x00, 0x00, 0x00, 0x00, 0x00, 0x00, 0x00, 0x00, 0x00, 0x00,
    0x00, 0x00, 0x00, 0x00, 0x00, 0x00, 0x00, 0x00, 0x00, 0x00, 0x00, 0x00, 0x00, 0x00, 0x00, 0x00, 0x00, 0x00, 0x00, 0x00,
    0x00, 0x00, 0x00, 0x00, 0x00, 0x00, 0x00, 0x00, 0x00, 0x00, 0x00, 0x00, 0x00, 0x00, 0x00, 0x05, 0x55, 0x55, 0x55, 0x55,
    0x55, 0x50, 0x0f, 0xff, 0xff, 0xff, 0xff, 0xff, 0xf0, 0x0f, 0xff, 0xff, 0xff, 0xff, 0xff, 0xf0, 0x00, 0x00, 0x60, 0x00,
    0x00, 0x00, 0x00, 0x00, 0x09, 0xf9, 0x00, 0x00, 0x00, 0x00, 0x00, 0x1c, 0xff, 0x60, 0x00, 0x00, 0x00, 0x00, 0x01, 0xcf,
    0xf4, 0x00, 0x00, 0x00, 0x00, 0x00, 0x1c, 0xfe, 0x10, 0x00, 0x00, 0x00, 0x00, 0x01, 0xb8, 0x00, 0x00, 0x00, 0x00, 0x00,
    0x00, 0x00, 0x00, 0x00, 0x00, 0x00, 0x00, 0x00, 0x00, 0x00, 0x00, 0x00, 0x00, 0x00, 0x00, 0x00, 0x00, 0x00, 0x00, 0x00,
    0x00, 0x00, 0x00, 0x00, 0x00, 0x00, 0x00, 0x00, 0x00, 0x00, 0x00, 0x00, 0x00, 0x00, 0x00, 0x00, 0x00, 0x00, 0x00, 0x00,
    0x00, 0x00, 0x00, 0x00, 0x00, 0x00, 0x00, 0x00, 0x00, 0x00, 0x00, 0x00, 0x00, 0x00, 0x00, 0x00, 0x00, 0x00, 0x00, 0x00,
    0x00, 0x00, 0x00, 0x00, 0x00, 0x00, 0x00, 0x00, 0x00, 0x00, 0x00, 0x00, 0x00, 0x00, 0x00, 0x00, 0x00, 0x00, 0x00, 0x00,
    0x00, 0x00, 0x00, 0x00, 0x00, 0x00, 0x00, 0x00, 0x00, 0x00, 0x00, 0x00, 0x00, 0x00, 0x00, 0x00, 0x00, 0x00, 0x00, 0x00,
    0x00, 0x00, 0x00, 0x00, 0x05, 0xbd, 0xfd, 0x91, 0x00, 0x00, 0x3d, 0xff, 0xff, 0xff, 0xd1, 0x00, 0x01, 0xee, 0x96, 0x6c,
    0xff, 0x70, 0x00, 0x04, 0x10, 0x00, 0x1f, 0xfc, 0x00, 0x00, 0x00, 0x00, 0x01, 0xdf, 0xe0, 0x00, 0x00, 0x27, 0xbe, 0xff,
    0xff, 0x00, 0x00, 0x8f, 0xff, 0xc9, 0xdf, 0xf0, 0x00, 0x7f, 0xfa, 0x20, 0x0c, 0xff, 0x00, 0x0d, 0xfd, 0x00, 0x00, 0xcf,
    0xf0, 0x00, 0xff, 0xd0, 0x00, 0x2e, 0xff, 0x00, 0x0c, 0xff, 0x95, 0x8e, 0xff, 0xf0, 0x00, 0x5f, 0xff, 0xff, 0xda, 0xff,
    0x00, 0x00, 0x5c, 0xfd, 0x81, 0x5f, 0xf0, 0x00, 0x00, 0xff, 0xc0, 0x00, 0x00, 0x00, 0x00, 0x00, 0xff, 0xc0, 0x00, 0x00,
    0x00, 0x00, 0x00, 0xff, 0xc0, 0x00, 0x00, 0x00, 0x00, 0x00, 0xff, 0xc0, 0x00, 0x00, 0x00, 0x00, 0x00, 0xff, 0xc0, 0x00,
    0x00, 0x00, 0x00, 0x00, 0xff, 0xc1, 0x8d, 0xec, 0x50, 0x00, 0x00, 0xff, 0xdd, 0xff, 0xff, 0xf8, 0x00, 0x00, 0xff, 0xff,
    0x85, 0x8e, 0xff, 0x30, 0x00, 0xff, 0xe3, 0x00, 0x06, 0xff, 0x90, 0x00, 0xff, 0xc0, 0x00, 0x00, 0xef, 0xc0, 0x00, 0xff,
    0xc0, 0x00, 0x00, 0xcf, 0xe0, 0x00, 0xff, 0xc0, 0x00, 0x00, 0xcf, 0xf0, 0x00, 0xff, 0xc0, 0x00, 0x00, 0xdf, 0xd0, 0x00,
    0xff, 0xc0, 0x00, 0x01, 0xff, 0xb0, 0x00, 0xff, 0xd0, 0x00, 0x09, 0xff, 0x60, 0x00, 0xff, 0xfd, 0x75, 0xaf, 0xfd, 0x00,
    0x00, 0xff, 0xcf, 0xff, 0xff, 0xe3, 0x00, 0x00, 0xff, 0x43, 0xbe, 0xe9, 0x20, 0x00, 0x00, 0x00, 0x6c, 0xee, 0xb4, 0x00,
    0x01, 0xcf, 0xff, 0xff, 0xf5, 0x00, 0xbf, 0xfc, 0x66, 0xbc, 0x00, 0x5f, 0xfb, 0x00, 0x00, 0x10, 0x0b, 0xff, 0x20, 0x00,
    0x00, 0x00, 0xdf, 0xd0, 0x00, 0x00, 0x00, 0x0f, 0xfc, 0x00, 0x00, 0x00, 0x00, 0xef, 0xd0, 0x00, 0x00, 0x00, 0x0b, 0xff,
    0x20, 0x00, 0x00, 0x00, 0x6f, 0xfb, 0x00, 0x00, 0x30, 0x01, 0xdf, 0xfc, 0x65, 0xaf, 0x30, 0x02, 0xdf, 0xff, 0xff, 0xf8,
    0x00, 0x01, 0x8c, 0xee, 0xb5, 0x00, 0x00, 0x00, 0x00, 0x00, 0x0c, 0xff, 0x00, 0x00, 0x00, 0x00, 0x00, 0x0c, 0xff, 0x00,
    0x00, 0x00, 0x00, 0x00, 0x0c, 0xff, 0x00, 0x00, 0x00, 0x00, 0x00, 0x0c, 0xff, 0x00, 0x00, 0x00, 0x00, 0x00, 0x0c, 0xff,
    0x00, 0x00, 0x02, 0xae, 0xeb, 0x3c, 0xff, 0x00, 0x00, 0x4e, 0xff, 0xff, 0xfe, 0xff, 0x00, 0x01, 0xdf, 0xfa, 0x57, 0xdf,
    0xff, 0x00, 0x07, 0xff, 0xa0, 0x00, 0x0d, 0xff, 0x00, 0x0b, 0xff, 0x20, 0x00, 0x0c, 0xff, 0x00, 0x0e, 0xfd, 0x00, 0x00,
    0x0c, 0xff, 0x00, 0x0f, 0xfc, 0x00, 0x00, 0x0c, 0xff, 0x00, 0x0e, 0xfd, 0x00, 0x00, 0x0c, 0xff, 0x00, 0x0c, 0xff, 0x10,
    0x00, 0x0c, 0xff, 0x00, 0x08, 0xff, 0x70, 0x00, 0x2e, 0xff, 0x00, 0x02, 0xff, 0xf9, 0x57, 0xef, 0xff, 0x00, 0x00, 0x6f,
    0xff, 0xff, 0xeb, 0xff, 0x00, 0x00, 0x04, 0xbe, 0xea, 0x26, 0xff, 0x00, 0x00, 0x01, 0x7d, 0xfe, 0xa3, 0x00, 0x00, 0x02,
    0xdf, 0xff, 0xff, 0xf5, 0x00, 0x00, 0xcf, 0xe8, 0x58, 0xff, 0xe1, 0x00, 0x6f, 0xf3, 0x00, 0x06, 0xff, 0x60, 0x0b, 0xfa,
    0x00, 0x00, 0x1f, 0xf9, 0x00, 0xef, 0xff, 0xff, 0xff, 0xff, 0xb0, 0x0f, 0xff, 0xff, 0xff, 0xff, 0xfb, 0x00, 0xdf, 0xc5,
    0x55, 0x55, 0x55, 0x30, 0x0b, 0xfd, 0x00, 0x00, 0x00, 0x00, 0x00, 0x6f, 0xf8, 0x00, 0x00, 0x00, 0x00, 0x00, 0xcf, 0xfb,
    0x65, 0x8d, 0x80, 0x00, 0x02, 0xcf, 0xff, 0xff, 0xfd, 0x10, 0x00, 0x01, 0x7c, 0xee, 0xc7, 0x10, 0x00, 0x00, 0x04, 0xce,
    0xea, 0x00, 0x04, 0xff, 0xff, 0xb0, 0x00, 0xbf, 0xf9, 0x64, 0x00, 0x0e, 0xfd, 0x00, 0x00, 0x00, 0xff, 0xc0, 0x00, 0x07,
    0xef, 0xff, 0xff, 0x00, 0x8f, 0xff, 0xff, 0xf0, 0x02, 0x5f, 0xff, 0x55, 0x00, 0x00, 0xff, 0xc0, 0x00, 0x00, 0x0f, 0xfc,
    0x00, 0x00, 0x00, 0xff, 0xc0, 0x00, 0x00, 0x0f, 0xfc, 0x00, 0x00, 0x00, 0xff, 0xc0, 0x00, 0x00, 0x0f, 0xfc, 0x00, 0x00,
    0x00, 0xff, 0xc0, 0x00, 0x00, 0x0f, 0xfc, 0x00, 0x00, 0x00, 0xff, 0xc0, 0x00, 0x00, 0x0f, 0xfc, 0x00, 0x00, 0x00, 0x07,
    0xce, 0xff, 0xff, 0xff, 0xc0, 0x1c, 0xff, 0xff, 0xff, 0xff, 0xfc, 0x07, 0xff, 0xd6, 0x6b, 0xff, 0x95, 0x40, 0xbf, 0xf2,
    0x00, 0x0d, 0xfd, 0x00, 0x0a, 0xff, 0x20, 0x00, 0xdf, 0xe0, 0x00, 0x3e, 0xfd, 0x66, 0xbf, 0xfb, 0x00, 0x00, 0x3e, 0xff,
    0xff, 0xfe, 0x30, 0x00, 0x09, 0xfc, 0xdf, 0xd9, 0x20, 0x00, 0x07, 0xff, 0x20, 0x00, 0x00, 0x00, 0x00, 0xbf, 0xf1, 0x00,
    0x00, 0x00, 0x00, 0x09, 0xff, 0xb6, 0x55, 0x43, 0x10, 0x00, 0x1c, 0xff, 0xff, 0xff, 0xff, 0x91, 0x00, 0x8f, 0xef, 0xff,
    0xff, 0xff, 0x80, 0x8f, 0xe1, 0x00, 0x01, 0x5f, 0xfb, 0x0e, 0xfd, 0x00, 0x00, 0x03, 0xff, 0x90, 0xdf, 0xfc, 0x75, 0x59,
    0xef, 0xf3, 0x05, 0xff, 0xff, 0xff, 0xff, 0xe4, 0x00, 0x03, 0x9d, 0xef, 0xeb, 0x71, 0x00, 0x00, 0xff, 0xc0, 0x00, 0x00,
    0x00, 0x00, 0x00, 0xff, 0xc0, 0x00, 0x00, 0x00, 0x00, 0x00, 0xff, 0xc0, 0x00, 0x00, 0x00, 0x00, 0x00, 0xff, 0xc0, 0x00,
    0x00, 0x00, 0x00, 0x00, 0xff, 0xc0, 0x00, 0x00, 0x00, 0x00, 0x00, 0xff, 0xc0, 0x7d, 0xfd, 0x50, 0x00, 0x00, 0xff, 0xcb,
    0xff, 0xff, 0xf4, 0x00, 0x00, 0xff, 0xff, 0x85, 0xbf, 0xfa, 0x00, 0x00, 0xff, 0xe4, 0x00, 0x1f, 0xfd, 0x00, 0x00, 0xff,
    0xc0, 0x00, 0x0c, 0xff, 0x00, 0x00, 0xff, 0xc0, 0x00, 0x0c, 0xff, 0x00, 0x00, 0xff, 0xc0, 0x00, 0x0c, 0xff, 0x00, 0x00,
    0xff, 0xc0, 0x00, 0x0c, 0xff, 0x00, 0x00, 0xff, 0xc0, 0x00, 0x0c, 0xff, 0x00, 0x00, 0xff, 0xc0, 0x00, 0x0c, 0xff, 0x00,
    0x00, 0xff, 0xc0, 0x00, 0x0c, 0xff, 0x00, 0x00, 0xff, 0xc0, 0x00, 0x0c, 0xff, 0x00, 0x00, 0xff, 0xc0, 0x00, 0x0c, 0xff,
    0x00, 0x00, 0x9e, 0x80, 0x00, 0x0e, 0xfe, 0x00, 0x00, 0x9e, 0x80, 0x00, 0x00, 0x00, 0x00, 0x00, 0x00, 0x00, 0x00, 0x0c,
    0xff, 0x00, 0x00, 0xcf, 0xf0, 0x00, 0x0c, 0xff, 0x00, 0x00, 0xcf, 0xf0, 0x00, 0x0c, 0xff, 0x00, 0x00, 0xcf, 0xf0, 0x00,
    0x0c, 0xff, 0x00, 0x00, 0xcf, 0xf0, 0x00, 0x0c, 0xff, 0x00, 0x00, 0xcf, 0xf0, 0x00, 0x0c, 0xff, 0x00, 0x00, 0xcf, 0xf0,
    0x00, 0x0c, 0xff, 0x00, 0x00, 0x08, 0xe8, 0x00, 0x00, 0x0e, 0xfe, 0x00, 0x00, 0x08, 0xe8, 0x00, 0x00, 0x00, 0x00, 0x00,
    0x00, 0x00, 0x00, 0x00, 0x00, 0x0c, 0xff, 0x00, 0x00, 0x0c, 0xff, 0x00, 0x00, 0x0c, 0xff, 0x00, 0x00, 0x0c, 0xff, 0x00,
    0x00, 0x0c, 0xff, 0x00, 0x00, 0x0c, 0xff, 0x00, 0x00, 0x0c, 0xff, 0x00, 0x00, 0x0c, 0xff, 0x00, 0x00, 0x0c, 0xff, 0x00,
    0x00, 0x0c, 0xff, 0x00, 0x00, 0x0c, 0xff, 0x00, 0x00, 0x0c, 0xff, 0x00, 0x00, 0x0c, 0xff, 0x00, 0x00, 0x0c, 0xff, 0x00,
    0x00, 0x0d, 0xfe, 0x00, 0x14, 0x7f, 0xfb, 0x00, 0x6f, 0xff, 0xf4, 0x00, 0x7e, 0xfc, 0x50, 0x00, 0x00, 0xff, 0xc0, 0x00,
    0x00, 0x00, 0x00, 0x0f, 0xfc, 0x00, 0x00, 0x00, 0x00, 0x00, 0xff, 0xc0, 0x00, 0x00, 0x00, 0x00, 0x0f, 0xfc, 0x00, 0x00,
    0x00, 0x00, 0x00, 0xff, 0xc0, 0x00, 0x00, 0x00, 0x00, 0x0f, 0xfc, 0x00, 0x01, 0xdf, 0xe2, 0x00, 0xff, 0xc0, 0x00, 0xaf,
    0xf4, 0x00, 0x0f, 0xfc, 0x00, 0x7f, 0xf7, 0x00, 0x00, 0xff, 0xc0, 0x3f, 0xfb, 0x00, 0x00, 0x0f, 0xfc, 0x1d, 0xfd, 0x10,
    0x00, 0x00, 0xff, 0xca, 0xff, 0x70, 0x00, 0x00, 0x0f, 0xff, 0xff, 0xfe, 0x10, 0x00, 0x00, 0xff, 0xff, 0x9f, 0xf9, 0x00,
    0x00, 0x0f, 0xff, 0xa0, 0x9f, 0xf3, 0x00, 0x00, 0xff, 0xd1, 0x01, 0xef, 0xc0, 0x00, 0x0f, 0xfc, 0x00, 0x07, 0xff, 0x60,
    0x00, 0xff, 0xc0, 0x00, 0x0d, 0xfe, 0x10, 0x0f, 0xfc, 0x00, 0x00, 0x5f, 0xf8, 0x00, 0xff, 0xc0, 0x00, 0x0f, 0xfc, 0x00,
    0x00, 0xff, 0xc0, 0x00, 0x0f, 0xfc, 0x00, 0x00, 0xff, 0xc0, 0x00, 0x0f, 0xfc, 0x00, 0x00, 0xff, 0xc0, 0x00, 0x0f, 0xfc,
    0x00, 0x00, 0xff, 0xc0, 0x00, 0x0f, 0xfc, 0x00, 0x00, 0xff, 0xc0, 0x00, 0x0f, 0xfc, 0x00, 0x00, 0xff, 0xc0, 0x00, 0x0f,
    0xfc, 0x00, 0x00, 0xff, 0xc0, 0x00, 0x0d, 0xfe, 0x40, 0x00, 0xaf, 0xfe, 0x00, 0x02, 0xbf, 0xe1, 0x00, 0xff, 0x51, 0x8d,
    0xec, 0x40, 0x06, 0xcf, 0xd7, 0x00, 0x00, 0x0f, 0xf8, 0xcf, 0xff, 0xff, 0x4a, 0xff, 0xff, 0xf6, 0x00, 0x00, 0xff, 0xff,
    0x86, 0xbf, 0xff, 0xfa, 0x59, 0xff, 0xd0, 0x00, 0x0f, 0xfe, 0x40, 0x01, 0xff, 0xf7, 0x00, 0x0c, 0xff, 0x20, 0x00, 0xff,
    0xc0, 0x00, 0x0d, 0xff, 0x00, 0x00, 0x9f, 0xf3, 0x00, 0x0f, 0xfc, 0x00, 0x00, 0xcf, 0xf0, 0x00, 0x08, 0xff, 0x30, 0x00,
    0xff, 0xc0, 0x00, 0x0c, 0xff, 0x00, 0x00, 0x8f, 0xf4, 0x00, 0x0f, 0xfc, 0x00, 0x00, 0xcf, 0xf0, 0x00, 0x08, 0xff, 0x40,
    0x00, 0xff, 0xc0, 0x00, 0x0c, 0xff, 0x00, 0x00, 0x8f, 0xf4, 0x00, 0x0f, 0xfc, 0x00, 0x00, 0xcf, 0xf0, 0x00, 0x08, 0xff,
    0x40, 0x00, 0xff, 0xc0, 0x00, 0x0c, 0xff, 0x00, 0x00, 0x8f, 0xf4, 0x00, 0x0f, 0xfc, 0x00, 0x00, 0xcf, 0xf0, 0x00, 0x08,
    0xff, 0x40, 0x00, 0xff, 0xc0, 0x00, 0x0c, 0xff, 0x00, 0x00, 0x8f, 0xf4, 0x00, 0x00, 0xff, 0x50, 0x8d, 0xfd, 0x50, 0x00,
    0x00, 0xff, 0x9c, 0xff, 0xff, 0xf3, 0x00, 0x00, 0xff, 0xff, 0x85, 0xbf, 0xfa, 0x00, 0x00, 0xff, 0xe4, 0x00, 0x1f, 0xfd,
    0x00, 0x00, 0xff, 0xc0, 0x00, 0x0c, 0xff, 0x00, 0x00, 0xff, 0xc0, 0x00, 0x0c, 0xff, 0x00, 0x00, 0xff, 0xc0, 0x00, 0x0c,
    0xff, 0x00, 0x00, 0xff, 0xc0, 0x00, 0x0c, 0xff, 0x00, 0x00, 0xff, 0xc0, 0x00, 0x0c, 0xff, 0x00, 0x00, 0xff, 0xc0, 0x00,
    0x0c, 0xff, 0x00, 0x00, 0xff, 0xc0, 0x00, 0x0c, 0xff, 0x00, 0x00, 0xff, 0xc0, 0x00, 0x0c, 0xff, 0x00, 0x00, 0xff, 0xc0,
    0x00, 0x0c, 0xff, 0x00, 0x00, 0x00, 0x7c, 0xee, 0xb5, 0x00, 0x00, 0x00, 0x2c, 0xff, 0xff, 0xff, 0xa0, 0x00, 0x00, 0xcf,
    0xfb, 0x66, 0xcf, 0xf9, 0x00, 0x06, 0xff, 0x90, 0x00, 0x1c, 0xff, 0x20, 0x0b, 0xff, 0x10, 0x00, 0x05, 0xff, 0x70, 0x0d,
    0xfd, 0x00, 0x00, 0x01, 0xff, 0xa0, 0x0f, 0xfc, 0x00, 0x00, 0x00, 0xff, 0xb0, 0x0d, 0xfd, 0x00, 0x00, 0x01, 0xff, 0xa0,
    0x0b, 0xff, 0x10, 0x00, 0x05, 0xff, 0x70, 0x05, 0xff, 0x90, 0x00, 0x1c, 0xff, 0x20, 0x00, 0xcf, 0xfa, 0x66, 0xcf, 0xf8,
    0x00, 0x00, 0x2c, 0xff, 0xff, 0xff, 0xa0, 0x00, 0x00, 0x01, 0x7c, 0xee, 0xb5, 0x00, 0x00, 0x00, 0xff, 0x51, 0x9e, 0xec,
    0x50, 0x00, 0x00, 0xff, 0xbe, 0xff, 0xff, 0xf8, 0x00, 0x00, 0xff, 0xff, 0x85, 0x8e, 0xff, 0x30, 0x00, 0xff, 0xe3, 0x00,
    0x06, 0xff, 0x90, 0x00, 0xff, 0xc0, 0x00, 0x00, 0xef, 0xd0, 0x00, 0xff, 0xc0, 0x00, 0x00, 0xcf, 0xe0, 0x00, 0xff, 0xc0,
    0x00, 0x00, 0xcf, 0xf0, 0x00, 0xff, 0xc0, 0x00, 0x00, 0xdf, 0xd0, 0x00, 0xff, 0xc0, 0x00, 0x01, 0xff, 0xb0, 0x00, 0xff,
    0xd0, 0x00, 0x09, 0xff, 0x60, 0x00, 0xff, 0xfd, 0x75, 0xaf, 0xfd, 0x10, 0x00, 0xff, 0xef, 0xff, 0xff, 0xe3, 0x00, 0x00,
    0xff, 0xc3, 0xbe, 0xea, 0x20, 0x00, 0x00, 0xff, 0xc0, 0x00, 0x00, 0x00, 0x00, 0x00, 0xff, 0xc0, 0x00, 0x00, 0x00, 0x00,
    0x00, 0xff, 0xc0, 0x00, 0x00, 0x00, 0x00, 0x00, 0xff, 0xc0, 0x00, 0x00, 0x00, 0x00, 0x00, 0xff, 0xc0, 0x00, 0x00, 0x00,
    0x00, 0x00, 0x02, 0xae, 0xec, 0x55, 0xff, 0x00, 0x00, 0x3e, 0xff, 0xff, 0xfd, 0xff, 0x00, 0x01, 0xdf, 0xfa, 0x57, 0xdf,
    0xff, 0x00, 0x07, 0xff, 0xa0, 0x00, 0x0d, 0xff, 0x00, 0x0b, 0xff, 0x20, 0x00, 0x0c, 0xff, 0x00, 0x0e, 0xfd, 0x00, 0x00,
    0x0c, 0xff, 0x00, 0x0f, 0xfc, 0x00, 0x00, 0x0c, 0xff, 0x00, 0x0e, 0xfd, 0x00, 0x00, 0x0c, 0xff, 0x00, 0x0c, 0xff, 0x10,
    0x00, 0x0c, 0xff, 0x00, 0x08, 0xff, 0x70, 0x00, 0x2e, 0xff, 0x00, 0x02, 0xff, 0xf9, 0x57, 0xef, 0xff, 0x00, 0x00, 0x7f,
    0xff, 0xff, 0xdd, 0xff, 0x00, 0x00, 0x05, 0xce, 0xe9, 0x1c, 0xff, 0x00, 0x00, 0x00, 0x00, 0x00, 0x0c, 0xff, 0x00, 0x00,
    0x00, 0x00, 0x00, 0x0c, 0xff, 0x00, 0x00, 0x00, 0x00, 0x00, 0x0c, 0xff, 0x00, 0x00, 0x00, 0x00, 0x00, 0x0c, 0xff, 0x00,
    0x00, 0x00, 0x00, 0x00, 0x0c, 0xff, 0x00, 0x00, 0xff, 0x41, 0x9e, 0xf4, 0x00, 0xff, 0x6c, 0xff, 0xf1, 0x00, 0xff, 0xef,
    0xb5, 0x60, 0x00, 0xff, 0xfa, 0x00, 0x00, 0x00, 0xff, 0xe1, 0x00, 0x00, 0x00, 0xff, 0xc0, 0x00, 0x00, 0x00, 0xff, 0xc0,
    0x00, 0x00, 0x00, 0xff, 0xc0, 0x00, 0x00, 0x00, 0xff, 0xc0, 0x00, 0x00, 0x00, 0xff, 0xc0, 0x00, 0x00, 0x00, 0xff, 0xc0,
    0x00, 0x00, 0x00, 0xff, 0xc0, 0x00, 0x00, 0x00, 0xff, 0xc0, 0x00, 0x00, 0x00, 0x3a, 0xef, 0xd9, 0x20, 0x00, 0x4f, 0xff,
    0xff, 0xff, 0x40, 0x0c, 0xff, 0x95, 0x7d, 0xc1, 0x00, 0xef, 0xc0, 0x00, 0x11, 0x00, 0x0c, 0xfe, 0x40, 0x00, 0x00, 0x00,
    0x4e, 0xff, 0xb5, 0x00, 0x00, 0x00, 0x3b, 0xff, 0xfd, 0x40, 0x00, 0x00, 0x03, 0x9f, 0xff, 0x30, 0x00, 0x00, 0x00, 0x4f,
    0xfa, 0x00, 0x52, 0x00, 0x01, 0xff, 0xb0, 0x4f, 0xf9, 0x56, 0xcf, 0xf7, 0x04, 0xef, 0xff, 0xff, 0xfc, 0x10, 0x01, 0x7c,
    0xee, 0xd8, 0x10, 0x00, 0x00, 0x04, 0x86, 0x00, 0x00, 0x00, 0x09, 0xfc, 0x00, 0x00, 0x00, 0x0b, 0xfc, 0x00, 0x00, 0x00,
    0x0c, 0xfc, 0x00, 0x00, 0x0f, 0xff, 0xff, 0xff, 0xf0, 0x0f, 0xff, 0xff, 0xff, 0xf0, 0x05, 0x5f, 0xfd, 0x55, 0x50, 0x00,
    0x0f, 0xfc, 0x00, 0x00, 0x00, 0x0f, 0xfc, 0x00, 0x00, 0x00, 0x0f, 0xfc, 0x00, 0x00, 0x00, 0x0f, 0xfc, 0x00, 0x00, 0x00,
    0x0f, 0xfc, 0x00, 0x00, 0x00, 0x0f, 0xfc, 0x00, 0x00, 0x00, 0x0e, 0xfe, 0x00, 0x00, 0x00, 0x0b, 0xff, 0xa5, 0x60, 0x00,
    0x04, 0xff, 0xff, 0xf2, 0x00, 0x00, 0x5c, 0xee, 0xb3, 0x00, 0xff, 0xc0, 0x00, 0x0c, 0xff, 0x00, 0x00, 0xff, 0xc0, 0x00,
    0x0c, 0xff, 0x00, 0x00, 0xff, 0xc0, 0x00, 0x0c, 0xff, 0x00, 0x00, 0xff, 0xc0, 0x00, 0x0c, 0xff, 0x00, 0x00, 0xff, 0xc0,
    0x00, 0x0c, 0xff, 0x00, 0x00, 0xff, 0xc0, 0x00, 0x0c, 0xff, 0x00, 0x00, 0xff, 0xc0, 0x00, 0x0c, 0xff, 0x00, 0x00, 0xff,
    0xc0, 0x00, 0x0c, 0xff, 0x00, 0x00, 0xff, 0xd0, 0x00, 0x0c, 0xff, 0x00, 0x00, 0xdf, 0xf1, 0x00, 0x6f, 0xff, 0x00, 0x00,
    0xaf, 0xfd, 0x8a, 0xff, 0xff, 0x00, 0x00, 0x3f, 0xff, 0xff, 0xc7, 0xff, 0x00, 0x00, 0x05, 0xcf, 0xd8, 0x05, 0xff, 0x00,
    0x8f, 0xf3, 0x00, 0x00, 0x0e, 0xfa, 0x3f, 0xf7, 0x00, 0x00, 0x3f, 0xf6, 0x0d, 0xfc, 0x00, 0x00, 0x7f, 0xf1, 0x08, 0xff,
    0x10, 0x00, 0xcf, 0xb0, 0x03, 0xff, 0x50, 0x01, 0xff, 0x60, 0x00, 0xdf, 0xa0, 0x06, 0xff, 0x20, 0x00, 0x9f, 0xe0, 0x0a,
    0xfc, 0x00, 0x00, 0x4f, 0xf3, 0x0e, 0xf7, 0x00, 0x00, 0x0e, 0xf7, 0x3f, 0xf2, 0x00, 0x00, 0x09, 0xfb, 0x7f, 0xc0, 0x00,
    0x00, 0x04, 0xff, 0xcf, 0x80, 0x00, 0x00, 0x00, 0xef, 0xff, 0x30, 0x00, 0x00, 0x00, 0x9f, 0xfd, 0x00, 0x00, 0x4f, 0xf7,
    0x00, 0x01, 0xff, 0xa0, 0x00, 0x0d, 0xfa, 0x1f, 0xfa, 0x00, 0x05, 0xff, 0xd0, 0x00, 0x1f, 0xf7, 0x0c, 0xfd, 0x00, 0x09,
    0xff, 0xf2, 0x00, 0x4f, 0xf3, 0x08, 0xff, 0x20, 0x0c, 0xfb, 0xf6, 0x00, 0x8f, 0xe0, 0x04, 0xff, 0x50, 0x1f, 0xd7, 0xf9,
    0x00, 0xbf, 0xb0, 0x01, 0xff, 0x80, 0x4f, 0xa4, 0xfd, 0x00, 0xef, 0x70, 0x00, 0xcf, 0xc0, 0x8f, 0x71, 0xff, 0x12, 0xff,
    0x40, 0x00, 0x8f, 0xe0, 0xbf, 0x40, 0xdf, 0x55, 0xff, 0x10, 0x00, 0x4f, 0xf2, 0xef, 0x00, 0x9f, 0x88, 0xfc, 0x00, 0x00,
    0x1f, 0xf7, 0xfc, 0x00, 0x5f, 0xba, 0xf8, 0x00, 0x00, 0x0c, 0xfd, 0xf8, 0x00, 0x2f, 0xee, 0xf4, 0x00, 0x00, 0x08, 0xff,
    0xf5, 0x00, 0x0d, 0xff, 0xf1, 0x00, 0x00, 0x04, 0xff, 0xf1, 0x00, 0x0a, 0xff, 0xc0, 0x00, 0x2f, 0xfc, 0x00, 0x00, 0xdf,
    0xd0, 0x08, 0xff, 0x50, 0x06, 0xff, 0x50, 0x01, 0xdf, 0xd0, 0x0d, 0xfc, 0x00, 0x00, 0x6f, 0xf6, 0x5f, 0xf3, 0x00, 0x00,
    0x0c, 0xfd, 0xcf, 0xa0, 0x00, 0x00, 0x03, 0xff, 0xff, 0x20, 0x00, 0x00, 0x01, 0xef, 0xfa, 0x00, 0x00, 0x00, 0x08, 0xff,
    0xff, 0x20, 0x00, 0x00, 0x2e, 0xf7, 0xef, 0xb0, 0x00, 0x00, 0xaf, 0xd0, 0x7f, 0xf5, 0x00, 0x03, 0xff, 0x70, 0x1e, 0xfd,
    0x10, 0x0c, 0xfd, 0x00, 0x06, 0xff, 0x80, 0x5f, 0xf6, 0x00, 0x00, 0xcf, 0xf2, 0x8f, 0xf3, 0x00, 0x00, 0x0e, 0xfa, 0x2f,
    0xf9, 0x00, 0x00, 0x3f, 0xf5, 0x0b, 0xfd, 0x00, 0x00, 0x8f, 0xf1, 0x05, 0xff, 0x40, 0x00, 0xcf, 0xa0, 0x01, 0xef, 0x90,
    0x01, 0xff, 0x50, 0x00, 0x9f, 0xe0, 0x06, 0xff, 0x10, 0x00, 0x3f, 0xf4, 0x0a, 0xfa, 0x00, 0x00, 0x0c, 0xf8, 0x0e, 0xf5,
    0x00, 0x00, 0x07, 0xfd, 0x3f, 0xf1, 0x00, 0x00, 0x01, 0xff, 0x9f, 0xa0, 0x00, 0x00, 0x00, 0xaf, 0xff, 0x50, 0x00, 0x00,
    0x00, 0x5f, 0xff, 0x10, 0x00, 0x00, 0x00, 0x0e, 0xfb, 0x00, 0x00, 0x00, 0x00, 0x3f, 0xf5, 0x00, 0x00, 0x00, 0x00, 0xaf,
    0xe1, 0x00, 0x00, 0x03, 0x59, 0xff, 0x70, 0x00, 0x00, 0x0b, 0xff, 0xfb, 0x00, 0x00, 0x00, 0x0c, 0xfd, 0x80, 0x00, 0x00,
    0x00, 0x0f, 0xff, 0xff, 0xff, 0xff, 0x00, 0xff, 0xff, 0xff, 0xff, 0xe0, 0x05, 0x55, 0x55, 0xdf, 0xf6, 0x00, 0x00, 0x00,
    0x4f, 0xfa, 0x00, 0x00, 0x00, 0x0d, 0xfe, 0x10, 0x00, 0x00, 0x07, 0xff, 0x50, 0x00, 0x00, 0x02, 0xef, 0xa0, 0x00, 0x00,
    0x00, 0xaf, 0xe1, 0x00, 0x00, 0x00, 0x4f, 0xf5, 0x00, 0x00, 0x00, 0x0c, 0xfa, 0x00, 0x00, 0x00, 0x07, 0xff, 0x65, 0x55,
    0x55, 0x00, 0xef, 0xff, 0xff, 0xff, 0xf0, 0x0f, 0xff, 0xff, 0xff, 0xff, 0x00, 0x00, 0x02, 0xae, 0xf8, 0x00, 0x0a, 0xff,
    0xe6, 0x00, 0x0e, 0xfe, 0x10, 0x00, 0x0f, 0xfc, 0x00, 0x00, 0x0f, 0xfc, 0x00, 0x00, 0x0f, 0xfc, 0x00, 0x00, 0x0f, 0xfc,
    0x00, 0x00, 0x0f, 0xfc, 0x00, 0x00, 0x2f, 0xfb, 0x00, 0x06, 0xcf, 0xf7, 0x00, 0x0f, 0xff, 0x80, 0x00, 0x0f, 0xff, 0xc2,
    0x00, 0x01, 0x9f, 0xf8, 0x00, 0x00, 0x2f, 0xfb, 0x00, 0x00, 0x0f, 0xfc, 0x00, 0x00, 0x0f, 0xfc, 0x00, 0x00, 0x0f, 0xfc,
    0x00, 0x00, 0x0f, 0xfc, 0x00, 0x00, 0x0f, 0xfc, 0x00, 0x00, 0x0f, 0xfc, 0x00, 0x00, 0x0d, 0xff, 0x30, 0x00, 0x08, 0xff,
    0xf8, 0x00, 0x01, 0x8c, 0xd6, 0x00, 0xfd, 0x00, 0x00, 0xfd, 0x00, 0x00, 0xfd, 0x00, 0x00, 0xfd, 0x00, 0x00, 0xfd, 0x00,
    0x00, 0xfd, 0x00, 0x00, 0xfd, 0x00, 0x00, 0xfd, 0x00, 0x00, 0xfd, 0x00, 0x00, 0xfd, 0x00, 0x00, 0xfd, 0x00, 0x00, 0xfd,
    0x00, 0x00, 0xfd, 0x00, 0x00, 0xfd, 0x00, 0x00, 0xfd, 0x00, 0x00, 0xfd, 0x00, 0x00, 0xfd, 0x00, 0x00, 0xfd, 0x00, 0x00,
    0xfd, 0x00, 0x00, 0xfd, 0x00, 0x00, 0xfd, 0x00, 0x00, 0xfd, 0x00, 0x00, 0xfd, 0x00, 0x00, 0xfd, 0x00, 0x00, 0xfd, 0x00,
    0x00, 0xfd, 0x00, 0x0f, 0xfd, 0x80, 0x00, 0x0d, 0xff, 0xf7, 0x00, 0x00, 0x4f, 0xfb, 0x00, 0x00, 0x0f, 0xfb, 0x00, 0x00,
    0x0f, 0xfc, 0x00, 0x00, 0x0f, 0xfc, 0x00, 0x00, 0x0f, 0xfc, 0x00, 0x00, 0x0f, 0xfc, 0x00, 0x00, 0x0e, 0xfd, 0x00, 0x00,
    0x0b, 0xff, 0x80, 0x00, 0x02, 0xaf, 0xf0, 0x00, 0x03, 0xdf, 0xf0, 0x00, 0x0c, 0xff, 0x30, 0x00, 0x0e, 0xfc, 0x00, 0x00,
    0x0f, 0xfc, 0x00, 0x00, 0x0f, 0xfc, 0x00, 0x00, 0x0f, 0xfc, 0x00, 0x00, 0x0f, 0xfc, 0x00, 0x00, 0x0f, 0xfc, 0x00, 0x00,
    0x1f, 0xfb, 0x00, 0x00, 0x6f, 0xfa, 0x00, 0x0f, 0xff, 0xf5, 0x00, 0x0d, 0xcb, 0x50, 0x00, 0x00, 0x03, 0x41, 0x00, 0x00,
    0x00, 0x00, 0x1b, 0xff, 0xe5, 0x00, 0x08, 0x10, 0x0b, 0xfd, 0xcf, 0xfa, 0x5b, 0xf9, 0x00, 0xac, 0x10, 0x6f, 0xff, 0xfe,
    0x20, 0x00, 0x20, 0x00, 0x3c, 0xeb, 0x20, 0x00, 0x00, 0x00, 0x00, 0x00, 0x00, 0x00, 0x00, 0x00, 0x00, 0x00, 0x00, 0x00,
    0x00, 0x00, 0x00, 0x00, 0x00, 0x00, 0x00, 0x00, 0x00, 0x00, 0x00, 0x00, 0x00, 0x00, 0x00, 0x00, 0x00, 0x00, 0x00, 0x00,
    0x00, 0x00, 0x00, 0x00, 0x00, 0x00, 0x00, 0x00, 0x00, 0x00, 0x00, 0x00, 0x00, 0x00, 0x00, 0x00, 0x00, 0x00, 0x01, 0xb9,
    0x00, 0x00, 0x00, 0x00, 0x00, 0x00, 0x00, 0x00, 0x00, 0x0b, 0xff, 0xb0, 0x00, 0x00, 0x00, 0x00, 0x00, 0x00, 0x00, 0x00,
    0x02, 0xcf, 0xfb, 0x00, 0x00, 0x00, 0x00, 0x00, 0x00, 0x00, 0x00, 0x00, 0x1c, 0xff, 0xb0, 0x00, 0x00, 0x00, 0x00, 0x00,
    0x00, 0x00, 0x00, 0x01, 0xcf, 0xf7, 0x00, 0x00, 0x00, 0x00, 0x00, 0x00, 0x00, 0x00, 0x00, 0x2d, 0xb1, 0x00, 0x00, 0x00,
    0x00, 0x00, 0x00, 0x00, 0x00, 0x00, 0x02, 0x00, 0x00, 0x00, 0x00, 0x00, 0x00, 0x00, 0x00, 0x1f, 0xff, 0xff, 0xff, 0xff,
    0xff, 0xff, 0xff, 0xff, 0xff, 0xf3, 0x1f, 0xff, 0xff, 0xff, 0xff, 0xff, 0xff, 0xff, 0xff, 0xff, 0xf3, 0x16, 0x66, 0x66,
    0x66, 0x66, 0x66, 0x66, 0x66, 0x66, 0x66, 0x61, 0x00, 0x00, 0x00, 0x00, 0x00, 0x00, 0x00, 0x00, 0x00, 0x00, 0x00, 0x00,
    0x00, 0x00, 0x00, 0x00, 0x00, 0x00, 0x00, 0x00, 0x00, 0x00, 0x00, 0x00, 0x00, 0x00, 0x00, 0x00, 0x00, 0x00, 0x00, 0x00,
    0x00, 0x00, 0x00, 0x00, 0x00, 0x00, 0x00, 0x00, 0x00, 0x00, 0x00, 0x00, 0x00, 0x00, 0x00, 0x00, 0x00, 0x00, 0x00, 0x00,
    0x00, 0x00, 0x00, 0x00, 0x00, 0x00, 0x00, 0x00, 0x00, 0x00, 0x00, 0x00, 0x00, 0x00, 0x00, 0x00, 0x00, 0x00, 0x00, 0x00,
    0x00, 0x00, 0x00, 0x00, 0x00, 0x00, 0x00, 0x00, 0x00, 0x28, 0x81, 0x00, 0x00, 0x00, 0x00, 0x00, 0x00, 0x00, 0x00, 0x00,
    0x4f, 0xf2, 0x00, 0x00, 0x00, 0x00, 0x00, 0x00, 0x00, 0x00, 0x00, 0x4f, 0xf2, 0x00, 0x00, 0x00, 0x00, 0x00, 0x00, 0x00,
    0x00, 0x00, 0x4f, 0xf2, 0x00, 0x00, 0x00, 0x00, 0x00, 0x00, 0x00, 0x00, 0x00, 0x4f, 0xf2, 0x00, 0x00, 0x00, 0x00, 0x00,
    0x00, 0x00, 0x00, 0x00, 0x4f, 0xf2, 0x00, 0x00, 0x00, 0x00, 0x00, 0x00, 0x00, 0x00, 0x00, 0x4f, 0xf2, 0x00, 0x00, 0x00,
    0x00, 0x00, 0x00, 0x00, 0x00, 0x00, 0x4f, 0xff, 0xff, 0xff, 0xff, 0xf2, 0x00, 0x00, 0x00, 0x00, 0x00, 0x4f, 0xff, 0xff,
    0xff, 0xff, 0xf2, 0x00, 0x00, 0x00, 0x00, 0x00, 0x4f, 0xf4, 0x22, 0x22, 0x22, 0x20, 0x00, 0x00, 0x00, 0x00, 0x00, 0x4f,
    0xf2, 0x00, 0x00, 0x00, 0x00, 0x00, 0x00, 0x00, 0x00, 0x00, 0x4f, 0xf2, 0x00, 0x00, 0x00, 0x00, 0x00, 0x00, 0x00, 0x00,
    0x00, 0x4f, 0xf2, 0x00, 0x00, 0x00, 0x00, 0x00, 0x00, 0x00, 0x00, 0x00, 0x4f, 0xf2, 0x00, 0x00, 0x00, 0x00, 0x00, 0x00,
    0x00, 0x00, 0x00, 0x4f, 0xf2, 0x00, 0x00, 0x00, 0x00, 0x00, 0x00, 0x00, 0x00, 0x00, 0x4f, 0xf2, 0x00, 0x00, 0x00, 0x00,
    0x00, 0x00, 0x00, 0x00, 0x00, 0x4f, 0xf2, 0x00, 0x00, 0x00, 0x00, 0x00, 0x12, 0x22, 0x22, 0x22, 0x6f, 0xf4, 0x22, 0x22,
    0x22, 0x22, 0x10, 0x5f, 0xff, 0xff, 0xff, 0xff, 0xff, 0xff, 0xff, 0xff, 0xff, 0x90, 0x5f, 0xff, 0xff, 0xff, 0xff, 0xff,
    0xff, 0xff, 0xff, 0xff, 0x90, 0x00, 0x00, 0x00, 0x00, 0x00, 0x00, 0x00, 0x00, 0x00, 0x00, 0x00, 0x08, 0xee, 0xee, 0xee,
    0xee, 0xee, 0xee, 0xee, 0xee, 0xee, 0xe2, 0x09, 0xff, 0xff, 0xff, 0xff, 0xff, 0xff, 0xff, 0xff, 0xff, 0xf2, 0x07, 0xbb,
    0xbb, 0xbb, 0xbf, 0xff, 0xbb, 0xbb, 0xbb, 0xbb, 0xb1, 0x00, 0x00, 0x00, 0x00, 0x06, 0xff, 0x00, 0x00, 0x00, 0x00, 0x00,
    0x00, 0x00, 0x00, 0x00, 0x06, 0xff, 0x00, 0x00, 0x00, 0x00, 0x00, 0x00, 0x00, 0x00, 0x00, 0x06, 0xff, 0x00, 0x00, 0x00,
    0x00, 0x00, 0x00, 0x00, 0x00, 0x00, 0x06, 0xff, 0xe8, 0x10, 0x00, 0x00, 0x00, 0x00, 0x00, 0x00, 0x00, 0x06, 0xff, 0xff,
    0xe7, 0x10, 0x00, 0x00, 0x00, 0x00, 0x00, 0x00, 0x06, 0xff, 0x8e, 0xff, 0xd5, 0x00, 0x00, 0x00, 0x00, 0x00, 0x00, 0x06,
    0xff, 0x02, 0xaf, 0xff, 0xb2, 0x00, 0x00, 0x00, 0x00, 0x00, 0x06, 0xff, 0x00, 0x04, 0xdf, 0xfc, 0x00, 0x00, 0x00, 0x00,
    0x00, 0x06, 0xff, 0x00, 0x00, 0x19, 0xe3, 0x00, 0x00, 0x00, 0x00, 0x00, 0x06, 0xff, 0x00, 0x00, 0x00, 0x20, 0x00, 0x00,
    0x00, 0x00, 0x00, 0x06, 0xff, 0x00, 0x00, 0x00, 0x00, 0x00, 0x00, 0x00, 0x00, 0x00, 0x06, 0xff, 0x00, 0x00, 0x00, 0x00,
    0x00, 0x00, 0x00, 0x00, 0x00, 0x06, 0xff, 0x00, 0x00, 0x00, 0x00, 0x00, 0x00, 0x00, 0x00, 0x00, 0x06, 0xff, 0x00, 0x00,
    0x00, 0x00, 0x00, 0x00, 0x00, 0x00, 0x00, 0x06, 0xff, 0x00, 0x00, 0x00, 0x00, 0x00, 0x00, 0x00, 0x00, 0x00, 0x06, 0xff,
    0x00, 0x00, 0x00, 0x00, 0x00, 0x00, 0x00, 0x00, 0x00, 0x00, 0x00, 0x00, 0x00, 0x00, 0x00, 0x00, 0x01, 0xff, 0xff, 0xff,
    0xff, 0xff, 0xff, 0xff, 0xff, 0xff, 0xf0, 0x01, 0xff, 0xff, 0xff, 0xff, 0xff, 0xff, 0xff, 0xff, 0xff, 0xf0, 0x00, 0x22,
    0x22, 0x22, 0x22, 0x4f, 0xfe, 0x22, 0x22, 0x22, 0x20, 0x00, 0x00, 0x00, 0x00, 0x00, 0xbf, 0xf3, 0x00, 0x00, 0x00, 0x00,
    0x00, 0x00, 0x00, 0x00, 0x07, 0xff, 0xf0, 0x00, 0x00, 0x00, 0x00, 0x00, 0x00, 0x00, 0x00, 0x4f, 0xff, 0xa1, 0x50, 0x00,
    0x00, 0x00, 0x00, 0x00, 0x00, 0x04, 0xef, 0xff, 0xbc, 0xfb, 0x10, 0x00, 0x00, 0x00, 0x00, 0x00, 0x5f, 0xfe, 0xff, 0xa8,
    0xff, 0xe4, 0x00, 0x00, 0x00, 0x00, 0x07, 0xff, 0xe4, 0xcf, 0xa0, 0x5e, 0xff, 0x70, 0x00, 0x00, 0x01, 0x9f, 0xfe, 0x30,
    0xcf, 0xa0, 0x03, 0xdf, 0xf9, 0x00, 0x00, 0x5d, 0xff, 0xd2, 0x00, 0xcf, 0xa0, 0x00, 0x1c, 0xff, 0xb1, 0x06, 0xff, 0xfa,
    0x10, 0x00, 0xcf, 0xa0, 0x00, 0x01, 0xbf, 0xf7, 0x00, 0xcd, 0x50, 0x00, 0x00, 0xcf, 0xa0, 0x00, 0x00, 0x0a, 0x90, 0x00,
    0x11, 0x00, 0x00, 0x00, 0xcf, 0xa0, 0x00, 0x00, 0x00, 0x00, 0x00, 0x00, 0x00, 0x00, 0x00, 0xcf, 0xa0, 0x00, 0x00, 0x00,
    0x00, 0x00, 0x00, 0x00, 0x00, 0x00, 0xcf, 0xa0, 0x00, 0x00, 0x00, 0x00, 0x00, 0x00, 0x00, 0x00, 0x00, 0xcf, 0xa0, 0x00,
    0x00, 0x00, 0x00, 0x00, 0x00, 0x00, 0x00, 0x00, 0xcf, 0xa0, 0x00, 0x00, 0x00, 0x00, 0x00, 0x00, 0x00, 0x00, 0x00, 0xcf,
    0xa0, 0x00, 0x00, 0x00, 0x00, 0x00, 0x00, 0x04, 0x42, 0x00, 0x00, 0x00, 0x00, 0x00, 0x00, 0x00, 0x00, 0x00, 0x0b, 0xf7,
    0x00, 0x00, 0x00, 0x00, 0x00, 0x00, 0x00, 0x00, 0x00, 0x0e, 0xf5, 0x00, 0x00, 0x00, 0x00, 0x00, 0x00, 0x00, 0x00, 0x00,
    0x1f, 0xff, 0xff, 0xff, 0xff, 0xff, 0xff, 0xf4, 0x00, 0x00, 0x00, 0x4f, 0xff, 0xff, 0xff, 0xff, 0xff, 0xff, 0xf4, 0x00,
    0x00, 0x00, 0x7f, 0xd2, 0x22, 0x22, 0x22, 0x22, 0x22, 0x21, 0x00, 0x00, 0x00, 0xaf, 0x80, 0x00, 0x00, 0x00, 0x00, 0x00,
    0x00, 0x00, 0x00, 0x00, 0xdf, 0x50, 0x00, 0x00, 0x00, 0x00, 0x00, 0x00, 0x00, 0x00, 0x01, 0xff, 0x31, 0x11, 0x11, 0x11,
    0x11, 0x12, 0x11, 0x00, 0x00, 0x04, 0xff, 0xff, 0xff, 0xff, 0xff, 0xff, 0xff, 0xfa, 0x00, 0x00, 0x08, 0xff, 0xff, 0xff,
    0xff, 0xff, 0xff, 0xff, 0xf9, 0x00, 0x00, 0x00, 0x00, 0x00, 0x00, 0x00, 0x00, 0x00, 0x0e, 0xf8, 0x00, 0x00, 0x00, 0x00,
    0x00, 0x00, 0x00, 0x00, 0x00, 0x1f, 0xf6, 0x00, 0x01, 0x22, 0x22, 0x22, 0x22, 0x22, 0x22, 0x20, 0x3f, 0xf4, 0x00, 0x0b,
    0xff, 0xff, 0xff, 0xff, 0xff, 0xff, 0xf0, 0x5f, 0xf2, 0x00, 0x0b, 0xff, 0xff, 0xff, 0xff, 0xff, 0xff, 0xf0, 0x7f, 0xf0,
    0x00, 0x00, 0x00, 0x00, 0x00, 0x00, 0x00, 0x00, 0x00, 0xaf, 0xc0, 0x00, 0x00, 0x00, 0x00, 0x00, 0x00, 0x00, 0x00, 0x01,
    0xef, 0x90, 0x00, 0x00, 0x00, 0x00, 0x00, 0x00, 0x33, 0x22, 0x29, 0xff, 0x40, 0x00, 0x00, 0x00, 0x00, 0x00, 0x00, 0x6f,
    0xff, 0xff, 0xfc, 0x00, 0x00, 0x00, 0x00, 0x00, 0x00, 0x00, 0x1e, 0xff, 0xfd, 0xa2, 0x00, 0x00, 0x00, 0x00, 0x00, 0x00,
    0x00, 0x00, 0x00, 0x00, 0x00, 0x00, 0x00, 0x00, 0x00, 0x00, 0x00, 0x00, 0x14, 0x00, 0x00, 0x00, 0x00, 0x00, 0x00, 0x00,
    0x00, 0x00, 0x00, 0xaf, 0xa0, 0x00, 0x00, 0x00, 0x00, 0x00, 0x00, 0x00, 0x00, 0x06, 0xff, 0xb0, 0x00, 0x00, 0x00, 0x00,
    0x00, 0x00, 0x00, 0x00, 0x5f, 0xff, 0xf6, 0x00, 0x00, 0x00, 0x00, 0x00, 0x00, 0x00, 0x06, 0xff, 0xba, 0xff, 0x80, 0x00,
    0x00, 0x00, 0x00, 0x00, 0x00, 0x8f, 0xfc, 0x10, 0xaf, 0xfa, 0x10, 0x00, 0x00, 0x00, 0x00, 0x2c, 0xff, 0xc1, 0x00, 0x09,
    0xff, 0xd3, 0x00, 0x00, 0x00, 0x18, 0xff, 0xfa, 0x11, 0x99, 0x00, 0x7f, 0xff, 0x92, 0x00, 0x18, 0xef, 0xff, 0x70, 0x02,
    0xff, 0x10, 0x04, 0xef, 0xff, 0x91, 0x0b, 0xff, 0xc3, 0x00, 0x02, 0xff, 0x10, 0x00, 0x1a, 0xff, 0xc1, 0x01, 0xb5, 0x00,
    0x00, 0x02, 0xff, 0x10, 0x00, 0x00, 0x3c, 0x20, 0x00, 0x00, 0x00, 0x00, 0x02, 0xff, 0x10, 0x00, 0x00, 0x00, 0x00, 0x00,
    0x00, 0x00, 0x00, 0x02, 0xff, 0x10, 0x00, 0x00, 0x00, 0x00, 0x00, 0x00, 0x00, 0x00, 0x02, 0xff, 0x10, 0x00, 0x00, 0x00,
    0x00, 0x00, 0x00, 0x00, 0x00, 0x02, 0xff, 0x10, 0x00, 0x00, 0x00, 0x00, 0x00, 0x00, 0x00, 0x00, 0x02, 0xff, 0x10, 0x00,
    0x00, 0x00, 0x00, 0x00, 0x00, 0x00, 0x00, 0x02, 0xff, 0x10, 0x00, 0x00, 0x00, 0x00, 0x00, 0x00, 0x00, 0x00, 0x02, 0xff,
    0x10, 0x00, 0x00, 0x00, 0x00, 0x00, 0x00, 0x00, 0x00, 0x02, 0xff, 0x10, 0x00, 0x00, 0x00, 0x00, 0x00, 0x00, 0x00, 0x00,
    0x02, 0xff, 0x10, 0x00, 0x00, 0x00, 0x00, 0x00, 0x00, 0x00, 0x00, 0x02, 0xff, 0x10, 0x00, 0x00, 0x00, 0x00, 0x00, 0x00,
    0x00, 0x00, 0x05, 0xdd, 0x00, 0x00, 0x00, 0x00, 0x00, 0x00, 0x00, 0x00, 0x00, 0x05, 0xff, 0x00, 0x00, 0x00, 0x00, 0x00,
    0x00, 0x00, 0x00, 0x00, 0x05, 0xff, 0x00, 0x00, 0x00, 0x00, 0x00, 0x00, 0x00, 0x00, 0x00, 0x05, 0xff, 0x00, 0x00, 0x00,
    0x00, 0x00, 0x03, 0xff, 0xff, 0xff, 0xff, 0xff, 0xff, 0xff, 0xff, 0xff, 0x00, 0x03, 0xff, 0xff, 0xff, 0xff, 0xff, 0xff,
    0xff, 0xff, 0xff, 0x00, 0x03, 0xff, 0x32, 0x22, 0x28, 0xff, 0x22, 0x22, 0x24, 0xff, 0x00, 0x03, 0xff, 0x10, 0x00, 0x05,
    0xff, 0x00, 0x00, 0x02, 0xff, 0x00, 0x03, 0xff, 0x10, 0x00, 0x05, 0xff, 0x00, 0x00, 0x02, 0xff, 0x00, 0x03, 0xff, 0x10,
    0x00, 0x05, 0xff, 0x00, 0x00, 0x02, 0xff, 0x00, 0x03, 0xff, 0x10, 0x00, 0x05, 0xff, 0x00, 0x00, 0x02, 0xff, 0x00, 0x03,
    0xff, 0x32, 0x22, 0x28, 0xff, 0x22, 0x22, 0x25, 0xff, 0x00, 0x03, 0xff, 0xff, 0xff, 0xff, 0xff, 0xff, 0xff, 0xff, 0xff,
    0x00, 0x03, 0xff, 0xff, 0xff, 0xff, 0xff, 0xff, 0xff, 0xff, 0xff, 0x00, 0x03, 0xff, 0x10, 0x00, 0x05, 0xff, 0x00, 0x00,
    0x02, 0xff, 0x00, 0x01, 0x44, 0x00, 0x00, 0x05, 0xff, 0x00, 0x00, 0x00, 0x22, 0x00, 0x00, 0x00, 0x00, 0x00, 0x05, 0xff,
    0x00, 0x00, 0x00, 0x00, 0x00, 0x00, 0x00, 0x00, 0x00, 0x05, 0xff, 0x00, 0x00, 0x00, 0x00, 0x00, 0x00, 0x00, 0x00, 0x00,
    0x05, 0xff, 0x00, 0x00, 0x00, 0x00, 0x00, 0x00, 0x00, 0x00, 0x00, 0x05, 0xff, 0x00, 0x00, 0x00, 0x00, 0x00, 0x00, 0x00,
    0x00, 0x00, 0x05, 0xff, 0x00, 0x00, 0x00, 0x00, 0x00, 0x00, 0x00, 0x00, 0x00, 0x00, 0x00, 0x00, 0x01, 0x47, 0x10, 0x00,
    0x00, 0x00, 0x01, 0x13, 0x45, 0x68, 0xac, 0xef, 0xff, 0x80, 0x00, 0x00, 0x6e, 0xff, 0xff, 0xff, 0xff, 0xff, 0xff, 0xfe,
    0xb0, 0x00, 0x00, 0x3f, 0xff, 0xfe, 0xdc, 0xff, 0xe7, 0x53, 0x10, 0x00, 0x00, 0x00, 0x02, 0x22, 0x00, 0x00, 0xff, 0x60,
    0x00, 0x38, 0x30, 0x00, 0x00, 0x06, 0xfa, 0x00, 0x00, 0xff, 0x60, 0x00, 0x8f, 0xe1, 0x00, 0x00, 0x03, 0xff, 0x20, 0x00,
    0xff, 0x60, 0x00, 0xef, 0x80, 0x00, 0x00, 0x00, 0xbf, 0x90, 0x00, 0xff, 0x60, 0x05, 0xfe, 0x10, 0x00, 0x00, 0x00, 0x5f,
    0xe0, 0x00, 0xff, 0x60, 0x0c, 0xf8, 0x00, 0x00, 0x00, 0x00, 0x1f, 0xc2, 0x00, 0xff, 0x60, 0x2c, 0xe1, 0x00, 0x00, 0x02,
    0x22, 0x24, 0x22, 0x22, 0xff, 0x82, 0x22, 0x42, 0x22, 0x20, 0x0e, 0xff, 0xff, 0xff, 0xff, 0xff, 0xff, 0xff, 0xff, 0xff,
    0xe0, 0x0e, 0xff, 0xff, 0xff, 0xff, 0xff, 0xff, 0xff, 0xff, 0xff, 0xe0, 0x00, 0x00, 0x00, 0x00, 0x00, 0xff, 0x60, 0x00,
    0x00, 0x00, 0x00, 0x00, 0x00, 0x00, 0x00, 0x00, 0xff, 0x60, 0x00, 0x00, 0x00, 0x00, 0x00, 0x00, 0x00, 0x00, 0x00, 0xff,
    0x60, 0x00, 0x00, 0x00, 0x00, 0x00, 0x00, 0x00, 0x00, 0x00, 0xff, 0x60, 0x00, 0x00, 0x00, 0x00, 0x00, 0x00, 0x00, 0x00,
    0x00, 0xff, 0x60, 0x00, 0x00, 0x00, 0x00, 0x00, 0x00, 0x02, 0x22, 0x24, 0xff, 0x50, 0x00, 0x00, 0x00, 0x00, 0x00, 0x00,
    0x05, 0xff, 0xff, 0xff, 0x30, 0x00, 0x00, 0x00, 0x00, 0x00, 0x00, 0x00, 0xef, 0xfe, 0xc5, 0x00, 0x00, 0x00, 0x00, 0x00,
    0x00, 0x00, 0x00, 0x11, 0x00, 0x00, 0x00, 0x00, 0x00, 0x00, 0x00, 0x00, 0x00, 0x00, 0x00, 0x00, 0x09, 0x91, 0x00, 0x00,
    0x00, 0x00, 0x00, 0x00, 0x01, 0x10, 0x00, 0x1f, 0xf2, 0x00, 0x00, 0x00, 0x00, 0x00, 0x00, 0x2f, 0xf0, 0x00, 0x1f, 0xf2,
    0x00, 0x00, 0x00, 0x00, 0x00, 0x00, 0x2f, 0xf0, 0x00, 0x1f, 0xf2, 0x00, 0x00, 0x41, 0x00, 0x00, 0x00, 0x2f, 0xf0, 0x00,
    0x1f, 0xf2, 0x03, 0x8d, 0xfe, 0x00, 0x00, 0x00, 0x2f, 0xf0, 0x00, 0x1f, 0xfb, 0xdf, 0xff, 0xff, 0x00, 0x00, 0x00, 0x2f,
    0xf0, 0x16, 0xbf, 0xff, 0xfe, 0xa6, 0xff, 0x00, 0x00, 0x00, 0x2f, 0xfc, 0xff, 0xff, 0xfa, 0x40, 0x02, 0xfe, 0x00, 0x00,
    0x48, 0xff, 0xff, 0xfc, 0x8f, 0xf2, 0x00, 0x02, 0xfd, 0x00, 0x0d, 0xff, 0xff, 0xf6, 0x20, 0x1f, 0xf2, 0x00, 0x03, 0xfc,
    0x00, 0x0a, 0xea, 0x7f, 0xf0, 0x00, 0x1f, 0xf2, 0x00, 0x04, 0xfb, 0x00, 0x01, 0x00, 0x2f, 0xf0, 0x00, 0x1f, 0xf2, 0x00,
    0x07, 0xf9, 0x00, 0x00, 0x00, 0x2f, 0xf0, 0x00, 0x1f, 0xf2, 0x44, 0x5d, 0xf6, 0x00, 0x00, 0x00, 0x2f, 0xf0, 0x00, 0x1f,
    0xf2, 0x9f, 0xff, 0xd1, 0x00, 0x00, 0x00, 0x2f, 0xf0, 0x00, 0x1f, 0xf2, 0x4b, 0xa7, 0x11, 0x00, 0x00, 0x00, 0x2f, 0xf0,
    0x00, 0x1f, 0xf2, 0x00, 0x00, 0x06, 0xd6, 0x00, 0x00, 0x2f, 0xf0, 0x00, 0x00, 0x00, 0x00, 0x00, 0x08, 0xf9, 0x00, 0x00,
    0x2f, 0xf1, 0x00, 0x00, 0x00, 0x00, 0x00, 0x0c, 0xf7, 0x00, 0x00, 0x0e, 0xf7, 0x10, 0x00, 0x00, 0x00, 0x01, 0x6f, 0xf3,
    0x00, 0x00, 0x09, 0xff, 0xff, 0xff, 0xff, 0xff, 0xff, 0xff, 0xb0, 0x00, 0x00, 0x01, 0x8c, 0xef, 0xff, 0xff, 0xff, 0xfe,
    0xd8, 0x10, 0x00, 0x00, 0x00, 0x00, 0x00, 0x00, 0x00, 0x00, 0x00, 0x00, 0x00, 0x00, 0xef, 0xff, 0xff, 0xff, 0xff, 0xff,
    0xff, 0xff, 0xd3, 0x00, 0x00, 0xef, 0xff, 0xff, 0xff, 0xff, 0xff, 0xff, 0xff, 0xf9, 0x00, 0x00, 0x22, 0x22, 0x22, 0x22,
    0x22, 0x22, 0x4e, 0xff, 0x90, 0x00, 0x00, 0x00, 0x00, 0x00, 0x00, 0x00, 0x02, 0xdf, 0xf8, 0x00, 0x00, 0x00, 0x00, 0x00,
    0x00, 0x00, 0x00, 0x5e, 0xfe, 0x50, 0x00, 0x00, 0x00, 0x00, 0x00, 0x00, 0x00, 0x2a, 0xff, 0xd3, 0x00, 0x00, 0x00, 0x00,
    0x00, 0x00, 0x00, 0x01, 0xff, 0xf9, 0x10, 0x00, 0x00, 0x00, 0x00, 0x00, 0x00, 0x00, 0x01, 0xff, 0x80, 0x00, 0x00, 0x00,
    0x00, 0x00, 0x00, 0x00, 0x00, 0x01, 0xff, 0x40, 0x00, 0x00, 0x00, 0x00, 0x00, 0x00, 0x00, 0x00, 0x01, 0xff, 0x40, 0x00,
    0x00, 0x00, 0x00, 0x00, 0x00, 0x00, 0x00, 0x01, 0xff, 0x40, 0x00, 0x00, 0x00, 0x00, 0x00, 0x00, 0x00, 0x00, 0x01, 0xff,
    0x40, 0x00, 0x00, 0x00, 0x00, 0x00, 0x00, 0x00, 0x00, 0x01, 0xff, 0x40, 0x00, 0x00, 0x00, 0x00, 0x00, 0x00, 0x00, 0x00,
    0x01, 0xff, 0x40, 0x00, 0x00, 0x00, 0x00, 0x00, 0x00, 0x00, 0x00, 0x01, 0xff, 0x40, 0x00, 0x00, 0x00, 0x00, 0x00, 0x00,
    0x00, 0x00, 0x01, 0xff, 0x40, 0x00, 0x00, 0x00, 0x00, 0x00, 0x00, 0x02, 0x22, 0x24, 0xff, 0x40, 0x00, 0x00, 0x00, 0x00,
    0x00, 0x00, 0x05, 0xff, 0xff, 0xff, 0x20, 0x00, 0x00, 0x00, 0x00, 0x00, 0x00, 0x00, 0xef, 0xfe, 0xc5, 0x00, 0x00, 0x00,
    0x00, 0x00, 0x00, 0x00, 0x00, 0x11, 0x00, 0x00, 0x00, 0x00, 0x00, 0x00, 0x00, 0x00, 0x00, 0x00, 0x00, 0x00, 0x99, 0x10,
    0x00, 0x00, 0x00, 0x00, 0x00, 0x00, 0x00, 0x00, 0x00, 0xff, 0x20, 0x00, 0x00, 0x00, 0x00, 0x06, 0xff, 0xff, 0xff, 0xff,
    0xff, 0xff, 0xff, 0xff, 0xff, 0xb0, 0x05, 0xdd, 0xdd, 0xdd, 0xdd, 0xff, 0xfd, 0xdd, 0xdd, 0xdd, 0xa0, 0x00, 0x00, 0x33,
    0x33, 0x33, 0xff, 0x53, 0x33, 0x33, 0x00, 0x00, 0x00, 0x02, 0xff, 0xff, 0xff, 0xff, 0xff, 0xff, 0xff, 0x20, 0x00, 0x00,
    0x02, 0xff, 0x44, 0x44, 0xff, 0x64, 0x44, 0xff, 0x20, 0x00, 0x00, 0x02, 0xff, 0x77, 0x77, 0xff, 0x97, 0x77, 0xff, 0x20,
    0x00, 0x00, 0x02, 0xff, 0xff, 0xff, 0xff, 0xff, 0xff, 0xff, 0x20, 0x00, 0x00, 0x00, 0x00, 0x00, 0x00, 0xff, 0x20, 0x00,
    0x00, 0x00, 0x00, 0x00, 0x0a, 0xff, 0xff, 0xff, 0xff, 0xff, 0xff, 0xff, 0x90, 0x00, 0x00, 0x06, 0x88, 0x88, 0x88, 0xff,
    0xb8, 0x88, 0xdf, 0x90, 0x00, 0x00, 0x00, 0x00, 0x00, 0x00, 0xff, 0x20, 0x00, 0xaf, 0x90, 0x00, 0x0d, 0xff, 0xff, 0xff,
    0xff, 0xff, 0xff, 0xff, 0xff, 0xff, 0xf3, 0x0b, 0xdd, 0xdd, 0xdd, 0xdd, 0xff, 0xfd, 0xdd, 0xff, 0xfd, 0xd3, 0x00, 0x00,
    0x00, 0x00, 0x00, 0xff, 0x20, 0x00, 0xaf, 0x90, 0x00, 0x00, 0x0d, 0xff, 0xff, 0xff, 0xff, 0xff, 0xff, 0xff, 0x90, 0x00,
    0x00, 0x09, 0xaa, 0xaa, 0xaa, 0xff, 0xca, 0xaa, 0xff, 0x90, 0x00, 0x00, 0x00, 0x00, 0x00, 0x00, 0xff, 0x20, 0x00, 0x69,
    0x50, 0x00, 0x00, 0x00, 0x00, 0x3d, 0xcd, 0xff, 0x10, 0x00, 0x00, 0x00, 0x00, 0x00, 0x00, 0x00, 0x0d, 0xff, 0xd7, 0x00,
    0x00, 0x00, 0x00, 0x00, 0x00, 0x00, 0x00, 0x00, 0x00, 0x00, 0x00, 0x00, 0x00, 0x00, 0x00, 0x03, 0xaa, 0xaa, 0xaa, 0xaa,
    0xaa, 0xaa, 0xaa, 0xaa, 0xaa, 0x30, 0x04, 0xff, 0xff, 0xff, 0xff, 0xff, 0xff, 0xff, 0xff, 0xff, 0x50, 0x03, 0xbb, 0xbb,
    0xff, 0xfb, 0xbb, 0xbb, 0xbb, 0xbb, 0xbb, 0x40, 0x00, 0x00, 0x00, 0xaf, 0xb0, 0x00, 0x00, 0x00, 0x00, 0x00, 0x00, 0x00,
    0x00, 0x00, 0xdf, 0x80, 0x00, 0x00, 0x00, 0x00, 0x00, 0x00, 0x00, 0x00, 0x01, 0xff, 0x61, 0x11, 0x11, 0x12, 0x10, 0x00,
    0x00, 0x00, 0x00, 0x04, 0xff, 0xff, 0xff, 0xff, 0xff, 0xf3, 0x00, 0x00, 0x00, 0x00, 0x07, 0xff, 0xff, 0xff, 0xff, 0xff,
    0xf2, 0x00, 0x00, 0x00, 0x00, 0x0a, 0xfb, 0x00, 0x00, 0x00, 0x5f, 0xf0, 0x00, 0x00, 0x00, 0x00, 0x0d, 0xf8, 0x00, 0x00,
    0x00, 0x7f, 0xd0, 0x00, 0x00, 0x00, 0x00, 0x2f, 0xf5, 0x00, 0x00, 0x00, 0x9f, 0xb0, 0x00, 0x00, 0x00, 0x00, 0x5f, 0xf3,
    0x11, 0x11, 0x11, 0xbf, 0x90, 0x00, 0x00, 0x00, 0x00, 0x9f, 0xff, 0xff, 0xff, 0xff, 0xff, 0x70, 0x00, 0x00, 0x00, 0x00,
    0xdf, 0xff, 0xff, 0xff, 0xff, 0xff, 0x50, 0x00, 0x00, 0x00, 0x00, 0x00, 0x00, 0x00, 0x00, 0x02, 0xff, 0x20, 0x00, 0x00,
    0x00, 0x00, 0x00, 0x00, 0x00, 0x00, 0x05, 0xff, 0x00, 0x00, 0x00, 0x00, 0x00, 0x00, 0x00, 0x00, 0x00, 0x07, 0xfd, 0x00,
    0x00, 0x00, 0x0f, 0xff, 0xff, 0xff, 0xff, 0xff, 0xff, 0xff, 0xff, 0xff, 0xf0, 0x0f, 0xff, 0xff, 0xff, 0xff, 0xff, 0xff,
    0xff, 0xff, 0xff, 0xf0, 0x02, 0x22, 0x22, 0x22, 0x22, 0x22, 0x22, 0x22, 0x22, 0x22, 0x20, 0x00, 0x00, 0x00, 0x00, 0x05,
    0xba, 0x00, 0x00, 0x00, 0x00, 0x00, 0x00, 0x00, 0x00, 0x00, 0x04, 0xff, 0x40, 0x00, 0x00, 0x00, 0x00, 0x0d, 0xdd, 0xdd,
    0xdd, 0xdd, 0xff, 0xfd, 0xdd, 0xdd, 0xdd, 0x80, 0x0f, 0xff, 0xff, 0xff, 0xff, 0xff, 0xff, 0xff, 0xff, 0xff, 0x90, 0x00,
    0x00, 0x00, 0x00, 0x00, 0x00, 0x00, 0x00, 0x00, 0x00, 0x00, 0x00, 0x00, 0xcf, 0xff, 0xff, 0xff, 0xff, 0xff, 0xfc, 0x00,
    0x00, 0x00, 0x00, 0xcf, 0xb8, 0x88, 0x88, 0x88, 0x8b, 0xfc, 0x00, 0x00, 0x00, 0x00, 0xcf, 0x80, 0x00, 0x00, 0x00, 0x08,
    0xfc, 0x00, 0x00, 0x00, 0x00, 0xcf, 0xff, 0xff, 0xff, 0xff, 0xff, 0xfc, 0x00, 0x00, 0x00, 0x00, 0x68, 0x88, 0x88, 0x88,
    0x88, 0x88, 0x86, 0x00, 0x00, 0x00, 0x00, 0x00, 0x00, 0x00, 0x00, 0x00, 0x00, 0x00, 0x00, 0x00, 0x0a, 0xff, 0xff, 0xff,
    0xff, 0xff, 0xff, 0xff, 0xff, 0xff, 0x50, 0x0a, 0xfe, 0xdd, 0xdd, 0xdd, 0xdd, 0xdd, 0xdd, 0xdd, 0xff, 0x50, 0x0a, 0xf8,
    0x00, 0x00, 0x00, 0x00, 0x00, 0x00, 0x00, 0xcf, 0x50, 0x0a, 0xf8, 0x00, 0xaf, 0xff, 0xff, 0xff, 0xf9, 0x00, 0xcf, 0x50,
    0x02, 0x21, 0x00, 0xcf, 0xfd, 0xdd, 0xdf, 0xf9, 0x00, 0x22, 0x10, 0x00, 0x00, 0x01, 0xff, 0x60, 0x00, 0x0c, 0xf9, 0x00,
    0x10, 0x00, 0x00, 0x00, 0x08, 0xff, 0x10, 0x00, 0x0c, 0xf9, 0x00, 0x4d, 0x60, 0x00, 0x03, 0xaf, 0xf8, 0x00, 0x00, 0x0c,
    0xf9, 0x00, 0x7f, 0x80, 0x08, 0xdf, 0xff, 0x90, 0x00, 0x00, 0x0a, 0xff, 0xee, 0xff, 0x50, 0x04, 0xff, 0xa4, 0x00, 0x00,
    0x00, 0x03, 0xcf, 0xff, 0xfa, 0x00, 0x00, 0x41, 0x00, 0x00, 0x00, 0x00, 0x00, 0x00, 0x00, 0x00, 0x00, 0x00, 0x00, 0x00,
    0x00, 0x02, 0x67, 0x00, 0x00, 0x00, 0x00, 0x00, 0x00, 0x00, 0x00, 0x00, 0x05, 0xff, 0x30, 0x00, 0x00, 0x00, 0x00, 0x00,
    0x00, 0x00, 0x00, 0x00, 0xef, 0x90, 0x00, 0x00, 0x00, 0x00, 0x00, 0x0f, 0xff, 0xff, 0xff, 0xff, 0xff, 0xff, 0xff, 0xfd,
    0x00, 0x00, 0x0d, 0xdd, 0xdd, 0xdd, 0xdd, 0xdd, 0xdd, 0xdd, 0xdc, 0x00, 0x00, 0x00, 0x02, 0xce, 0x10, 0x00, 0x00, 0x7d,
    0x90, 0x00, 0x00, 0x00, 0x00, 0x00, 0xbf, 0x90, 0x00, 0x00, 0xdf, 0x70, 0x00, 0x00, 0x02, 0x44, 0x44, 0x9f, 0xf5, 0x44,
    0x4a, 0xff, 0x54, 0x44, 0x20, 0x08, 0xff, 0xff, 0xff, 0xff, 0xff, 0xff, 0xff, 0xff, 0xff, 0x80, 0x08, 0xff, 0xff, 0xff,
    0xff, 0xff, 0xff, 0xff, 0xff, 0xff, 0x80, 0x00, 0x00, 0x00, 0x00, 0x00, 0xbf, 0x80, 0x00, 0x00, 0x00, 0x00, 0x00, 0x00,
    0x00, 0x00, 0x00, 0xbf, 0x80, 0x00, 0x00, 0x00, 0x00, 0x00, 0xee, 0xee, 0xee, 0xee, 0xff, 0xfe, 0xee, 0xee, 0xee, 0x30,
    0x00, 0xff, 0xff, 0xff, 0xff, 0xff, 0xff, 0xff, 0xff, 0xff, 0x30, 0x00, 0x00, 0x02, 0x10, 0x00, 0xbf, 0x80, 0x02, 0x30,
    0x00, 0x00, 0x00, 0x00, 0x0c, 0xfa, 0x00, 0xbf, 0x80, 0x5f, 0xe3, 0x00, 0x00, 0x00, 0x00, 0x9f, 0xf4, 0x00, 0xbf, 0x80,
    0x1c, 0xfe, 0x20, 0x00, 0x00, 0x08, 0xff, 0x80, 0x00, 0xbf, 0x80, 0x01, 0xdf, 0xd1, 0x00, 0x00, 0xaf, 0xfa, 0x00, 0x00,
    0xbf, 0x80, 0x00, 0x2e, 0xfa, 0x00, 0x00, 0x5d, 0xb0, 0x07, 0xee, 0xff, 0x60, 0x00, 0x05, 0xe5, 0x00, 0x00, 0x01, 0x00,
    0x02, 0xff, 0xea, 0x10, 0x00, 0x00, 0x10, 0x00, 0x00, 0x00, 0x00, 0x00, 0x00, 0x00, 0x00, 0x00, 0x00, 0x00, 0x00, 0x00,
    0x00, 0x04, 0x00, 0x00, 0x00, 0x00, 0x00, 0x00, 0x00, 0x00, 0x00, 0x00, 0x5f, 0xe1, 0x00, 0x00, 0x00, 0x00, 0x00, 0x00,
    0x00, 0x00, 0x00, 0xbf, 0xa6, 0xef, 0xff, 0xfe, 0xef, 0xfc, 0x00, 0x00, 0x00, 0x02, 0xff, 0x36, 0xff, 0xff, 0xff, 0xff,
    0xfa, 0x00, 0x00, 0x00, 0x0a, 0xfd, 0x00, 0x02, 0xff, 0x10, 0x06, 0xf8, 0x00, 0x00, 0x00, 0x3f, 0xf6, 0x00, 0x02, 0xff,
    0x00, 0x09, 0xf5, 0x00, 0x00, 0x00, 0xcf, 0xf2, 0x00, 0x03, 0xff, 0x00, 0x0c, 0xf2, 0x00, 0x00, 0x07, 0xff, 0xf2, 0x00,
    0x04, 0xfe, 0x00, 0x0f, 0xe0, 0x00, 0x00, 0x4f, 0xff, 0xf2, 0x00, 0x05, 0xfd, 0x00, 0x3f, 0xff, 0xff, 0x70, 0x4f, 0xdf,
    0xf2, 0x00, 0x06, 0xfc, 0x00, 0x7f, 0xff, 0xff, 0x70, 0x0c, 0x3f, 0xf2, 0x00, 0x07, 0xfb, 0x00, 0x01, 0x11, 0xdf, 0x60,
    0x01, 0x0f, 0xf2, 0x00, 0x09, 0xf9, 0x00, 0x00, 0x00, 0xdf, 0x50, 0x00, 0x0f, 0xf2, 0x00, 0x0c, 0xf6, 0x00, 0x00, 0x00,
    0xef, 0x40, 0x00, 0x0f, 0xf2, 0x00, 0x1f, 0xf3, 0x00, 0x00, 0x00, 0xff, 0x30, 0x00, 0x0f, 0xf2, 0x00, 0x5f, 0xf0, 0x00,
    0x00, 0x01, 0xff, 0x20, 0x00, 0x0f, 0xf2, 0x00, 0xaf, 0xb0, 0x00, 0x00, 0x02, 0xff, 0x10, 0x00, 0x0f, 0xf2, 0x02, 0xff,
    0x60, 0x00, 0x00, 0x04, 0xfe, 0x00, 0x00, 0x0f, 0xf2, 0x0a, 0xfe, 0x10, 0x00, 0x00, 0x06, 0xfc, 0x00, 0x00, 0x0f, 0xf2,
    0x5f, 0xf8, 0x00, 0x01, 0x21, 0x1c, 0xfa, 0x00, 0x00, 0x0f, 0xf3, 0xef, 0xe1, 0x00, 0x01, 0xef, 0xff, 0xf5, 0x00, 0x00,
    0x0f, 0xf2, 0x3d, 0x40, 0x00, 0x00, 0xaf, 0xfe, 0x80, 0x00, 0x00, 0x02, 0x20, 0x01, 0x00, 0x00, 0x00, 0x00, 0x00, 0x00,
    0x00, 0x00, 0x00, 0x00, 0x00, 0x00, 0x00, 0x00, 0x00, 0x3a, 0x91, 0x00, 0x00, 0x06, 0xff, 0x00, 0x01, 0x20, 0x00, 0x00,
    0x5f, 0xf1, 0x00, 0x00, 0x06, 0xff, 0x00, 0x5e, 0xd1, 0x00, 0x00, 0x6f, 0xf0, 0x00, 0x00, 0x06, 0xff, 0x00, 0x2e, 0xfa,
    0x00, 0x00, 0x7f, 0xe0, 0x00, 0x00, 0x06, 0xff, 0x00, 0x05, 0xff, 0x50, 0x00, 0x8f, 0xc0, 0x00, 0x00, 0x06, 0xff, 0x00,
    0x00, 0xbf, 0xd0, 0x00, 0xaf, 0xa0, 0x00, 0x00, 0x06, 0xff, 0x00, 0x00, 0x2f, 0xf5, 0x00, 0xcf, 0x80, 0x00, 0x00, 0x06,
    0xff, 0x00, 0x00, 0x08, 0x40, 0x00, 0xef, 0x60, 0x00, 0x00, 0x06, 0xff, 0x00, 0x00, 0x00, 0x00, 0x03, 0xff, 0x30, 0x00,
    0x00, 0x06, 0xff, 0x00, 0x00, 0x00, 0x00, 0x06, 0xfe, 0x00, 0x00, 0x00, 0x06, 0xff, 0x00, 0x00, 0x00, 0x00, 0x0c, 0xfa,
    0x00, 0x00, 0x00, 0x06, 0xff, 0x00, 0x01, 0x40, 0x00, 0x2f, 0xf5, 0x00, 0x00, 0x00, 0x06, 0xff, 0x01, 0x8e, 0xd0, 0x00,
    0xaf, 0xf0, 0x00, 0x00, 0x00, 0x06, 0xff, 0x9f, 0xff, 0xd1, 0x03, 0xff, 0xf7, 0x00, 0x00, 0x00, 0x0a, 0xff, 0xff, 0xd6,
    0x00, 0x1d, 0xff, 0xff, 0x70, 0x00, 0x00, 0x5f, 0xff, 0xd6, 0x00, 0x01, 0xcf, 0xf4, 0xaf, 0xf6, 0x00, 0x00, 0x9f, 0xf7,
    0x10, 0x00, 0x4e, 0xff, 0x70, 0x0c, 0xff, 0x40, 0x00, 0x1d, 0x20, 0x00, 0x3a, 0xff, 0xf6, 0x00, 0x01, 0xdf, 0xe2, 0x00,
    0x00, 0x00, 0x00, 0x9f, 0xfd, 0x40, 0x00, 0x00, 0x3e, 0xf6, 0x00, 0x00, 0x00, 0x00, 0x0a, 0x81, 0x00, 0x00, 0x00, 0x06,
    0x40, 0x00, 0x00, 0x56, 0x20, 0x28, 0x00, 0x00, 0x00, 0x00, 0x00, 0x00, 0x00, 0x00, 0xcf, 0x60, 0xdf, 0x80, 0x7f, 0xff,
    0xff, 0xff, 0x60, 0x00, 0x01, 0xff, 0x10, 0x4f, 0xf3, 0x7f, 0xff, 0xff, 0xff, 0x60, 0x00, 0x06, 0xfb, 0x00, 0x0a, 0xfc,
    0x00, 0x00, 0x00, 0xdf, 0x60, 0x00, 0x0c, 0xf7, 0x00, 0x02, 0xff, 0x30, 0x00, 0x00, 0xdf, 0x60, 0x00, 0x4f, 0xf2, 0x0c,
    0xc2, 0x73, 0x00, 0x00, 0x00, 0xdf, 0x60, 0x00, 0xbf, 0xf1, 0x0f, 0xf2, 0x00, 0x00, 0x00, 0x00, 0xdf, 0x60, 0x03, 0xff,
    0xf1, 0x0f, 0xf2, 0x00, 0x00, 0x00, 0x00, 0xdf, 0x60, 0x0b, 0xff, 0xf1, 0x0f, 0xf2, 0x00, 0x00, 0x00, 0x00, 0xdf, 0x60,
    0x3f, 0xff, 0xf1, 0x0f, 0xf2, 0x00, 0x00, 0x00, 0x00, 0xdf, 0x60, 0x0b, 0xbf, 0xf1, 0x0f, 0xf2, 0x00, 0x00, 0x00, 0x00,
    0xdf, 0x60, 0x03, 0x2f, 0xf1, 0x0f, 0xf2, 0x00, 0x00, 0x00, 0x00, 0xdf, 0x60, 0x00, 0x1f, 0xf1, 0x0f, 0xf2, 0x00, 0x00,
    0x00, 0x00, 0xdf, 0x60, 0x00, 0x1f, 0xf1, 0x0f, 0xf2, 0x00, 0x00, 0x00, 0x00, 0xdf, 0x60, 0x00, 0x1f, 0xf1, 0x0f, 0xf2,
    0x00, 0x00, 0x00, 0x00, 0xdf, 0x60, 0x00, 0x1f, 0xf1, 0x0f, 0xf2, 0x00, 0x00, 0x00, 0x00, 0xdf, 0x60, 0x00, 0x1f, 0xf1,
    0x0f, 0xf2, 0x00, 0x00, 0x00, 0x00, 0xdf, 0x60, 0x00, 0x1f, 0xf1, 0x0f, 0xf2, 0x00, 0x00, 0x00, 0x00, 0xdf, 0x60, 0x00,
    0x1f, 0xf1, 0x0f, 0xf2, 0x00, 0x00, 0x01, 0x01, 0xdf, 0x50, 0x00, 0x1f, 0xf1, 0x0f, 0xf2, 0x00, 0x00, 0x0b, 0xff, 0xff,
    0x30, 0x00, 0x1f, 0xf1, 0x0f, 0xf2, 0x00, 0x00, 0x06, 0xfe, 0xd7, 0x00, 0x00, 0x00, 0x00, 0x51, 0x00, 0x00, 0x14, 0x40,
    0x00, 0x00, 0x00, 0x00, 0x00, 0x04, 0xff, 0x30, 0x00, 0x2f, 0xf0, 0x00, 0x00, 0x00, 0x00, 0x00, 0x0c, 0xfc, 0x00, 0x00,
    0x2f, 0xf0, 0x00, 0x00, 0x00, 0x00, 0x00, 0x4f, 0xf5, 0x00, 0x00, 0x2f, 0xf0, 0x00, 0x00, 0x00, 0x00, 0x00, 0xcf, 0xc0,
    0x00, 0x00, 0x2f, 0xf0, 0x00, 0x00, 0x00, 0x00, 0x08, 0xff, 0x42, 0x22, 0x22, 0x4f, 0xf2, 0x22, 0x22, 0x20, 0x00, 0x3f,
    0xff, 0x0f, 0xff, 0xff, 0xff, 0xff, 0xff, 0xff, 0xf1, 0x02, 0xdf, 0xff, 0x0f, 0xff, 0xff, 0xff, 0xff, 0xff, 0xff, 0xf1,
    0x1d, 0xff, 0xff, 0x00, 0x00, 0x05, 0xff, 0xff, 0x60, 0x00, 0x00, 0x6f, 0xfb, 0xff, 0x00, 0x00, 0x0c, 0xff, 0xff, 0xc0,
    0x00, 0x00, 0x0c, 0xa3, 0xff, 0x00, 0x00, 0x4f, 0xff, 0xfd, 0xf4, 0x00, 0x00, 0x03, 0x02, 0xff, 0x00, 0x00, 0xcf, 0xaf,
    0xf7, 0xfc, 0x00, 0x00, 0x00, 0x02, 0xff, 0x00, 0x07, 0xfe, 0x3f, 0xf1, 0xef, 0x60, 0x00, 0x00, 0x02, 0xff, 0x00, 0x2f,
    0xf7, 0x2f, 0xf0, 0x7f, 0xe2, 0x00, 0x00, 0x02, 0xff, 0x01, 0xdf, 0xd0, 0x2f, 0xf0, 0x0c, 0xfc, 0x00, 0x00, 0x02, 0xff,
    0x1b, 0xff, 0x30, 0x2f, 0xf0, 0x03, 0xff, 0xa0, 0x00, 0x02, 0xff, 0xbf, 0xf6, 0x00, 0x2f, 0xf0, 0x00, 0x8f, 0xf6, 0x00,
    0x02, 0xff, 0x2e, 0x80, 0x00, 0x2f, 0xf0, 0x00, 0x0a, 0x90, 0x00, 0x02, 0xff, 0x02, 0x00, 0x00, 0x2f, 0xf0, 0x00, 0x00,
    0x00, 0x00, 0x02, 0xff, 0x00, 0x00, 0x00, 0x2f, 0xf0, 0x00, 0x00, 0x00, 0x00, 0x02, 0xee, 0x00, 0x00, 0x00, 0x2f, 0xf0,
    0x00, 0x00, 0x00, 0x00, 0x00, 0x00, 0x00, 0x00, 0x48, 0x20, 0x00, 0x00, 0x00, 0x00, 0x00, 0x00, 0x00, 0x00, 0x02, 0xff,
    0xb0, 0x00, 0x00, 0x00, 0x00, 0x00, 0x00, 0x00, 0x00, 0x3e, 0xff, 0xc1, 0x00, 0x00, 0x00, 0x00, 0x00, 0x00, 0x00, 0x05,
    0xef, 0xfe, 0xfd, 0x40, 0x00, 0x00, 0x00, 0x00, 0x00, 0x01, 0x9f, 0xfc, 0x21, 0xbf, 0xf8, 0x10, 0x00, 0x00, 0x00, 0x00,
    0x5d, 0xff, 0xb1, 0x00, 0x08, 0xff, 0xe6, 0x00, 0x00, 0x00, 0x4c, 0xff, 0xe7, 0x00, 0x00, 0x00, 0x4d, 0xff, 0xd7, 0x10,
    0x1c, 0xff, 0xfe, 0xff, 0xff, 0xff, 0xff, 0xff, 0xcf, 0xff, 0xe1, 0x05, 0xfc, 0x52, 0xff, 0xff, 0xff, 0xff, 0xff, 0x42,
    0x9f, 0x50, 0x00, 0x30, 0x00, 0x11, 0x11, 0x11, 0x11, 0x11, 0x00, 0x01, 0x00, 0x00, 0x00, 0x00, 0x00, 0x00, 0x00, 0x00,
    0x00, 0x00, 0x00, 0x00, 0x01, 0xff, 0xff, 0xff, 0xff, 0xff, 0xff, 0xff, 0xff, 0xff, 0x30, 0x01, 0xff, 0xff, 0xff, 0xff,
    0xff, 0xff, 0xff, 0xff, 0xff, 0x30, 0x00, 0x22, 0x22, 0x2b, 0xff, 0xa2, 0x22, 0x45, 0x22, 0x22, 0x00, 0x00, 0x00, 0x00,
    0x6f, 0xfa, 0x00, 0x04, 0xee, 0x40, 0x00, 0x00, 0x00, 0x00, 0x05, 0xff, 0xb0, 0x00, 0x00, 0xbf, 0xe4, 0x00, 0x00, 0x00,
    0x00, 0x6f, 0xfb, 0x10, 0x00, 0x01, 0x2e, 0xff, 0x20, 0x00, 0x00, 0x19, 0xff, 0xfa, 0xbc, 0xde, 0xff, 0xff, 0xff, 0xd1,
    0x00, 0x00, 0x1f, 0xff, 0xff, 0xff, 0xff, 0xff, 0xed, 0xff, 0xfa, 0x00, 0x00, 0x0f, 0xfb, 0x98, 0x75, 0x43, 0x21, 0x00,
    0x06, 0xfb, 0x10, 0x00, 0x00, 0x00, 0x00, 0x00, 0x00, 0x00, 0x00, 0x00, 0x40, 0x00, 0x00, 0x00, 0x03, 0xc6, 0x00, 0x00,
    0x0b, 0xb2, 0x00, 0x00, 0x00, 0x00, 0x00, 0x0a, 0xfa, 0x6b, 0x10, 0x0f, 0xf2, 0x00, 0xca, 0x30, 0x00, 0x00, 0x2f, 0xf3,
    0xcf, 0x70, 0x0f, 0xf2, 0x02, 0xff, 0x40, 0x00, 0x00, 0xaf, 0xb0, 0x5f, 0xe0, 0x0f, 0xf2, 0x09, 0xfc, 0x00, 0x00, 0x04,
    0xff, 0x40, 0x0e, 0xf5, 0x0f, 0xf2, 0x1e, 0xf4, 0x00, 0x00, 0x1d, 0xff, 0x00, 0x09, 0xf8, 0x0f, 0xf2, 0x6f, 0xb0, 0x00,
    0x00, 0x9f, 0xff, 0x00, 0x03, 0x40, 0x0f, 0xf2, 0x03, 0x20, 0x00, 0x07, 0xff, 0xff, 0x02, 0xff, 0xff, 0xff, 0xff, 0xff,
    0xff, 0x70, 0x3f, 0xfe, 0xff, 0x02, 0xff, 0xff, 0xff, 0xff, 0xff, 0xff, 0x70, 0x0d, 0xe4, 0xff, 0x00, 0x11, 0x11, 0x1f,
    0xf3, 0x11, 0x11, 0x00, 0x06, 0x42, 0xff, 0x00, 0x00, 0x00, 0x0f, 0xf2, 0x00, 0x00, 0x00, 0x00, 0x02, 0xff, 0x00, 0x00,
    0x00, 0x0f, 0xf2, 0x00, 0x00, 0x00, 0x00, 0x02, 0xff, 0x01, 0x11, 0x11, 0x1f, 0xf3, 0x11, 0x11, 0x10, 0x00, 0x02, 0xff,
    0x1f, 0xff, 0xff, 0xff, 0xff, 0xff, 0xff, 0xf5, 0x00, 0x02, 0xff, 0x1f, 0xff, 0xff, 0xff, 0xff, 0xff, 0xff, 0xf5, 0x00,
    0x02, 0xff, 0x00, 0x00, 0x00, 0x0f, 0xf2, 0x00, 0x00, 0x00, 0x00, 0x02, 0xff, 0x00, 0x00, 0x00, 0x0f, 0xf2, 0x00, 0x00,
    0x00, 0x00, 0x02, 0xff, 0x00, 0x00, 0x00, 0x0f, 0xf2, 0x00, 0x00, 0x00, 0x00, 0x02, 0xff, 0x00, 0x00, 0x00, 0x0f, 0xf2,
    0x00, 0x00, 0x00, 0x00, 0x02, 0xff, 0x00, 0x00, 0x00, 0x0f, 0xf2, 0x00, 0x00, 0x00, 0x00, 0x02, 0xee, 0x00, 0x00, 0x00,
    0x0f, 0xf2, 0x00, 0x00, 0x00, 0x00, 0x00, 0x01, 0x10, 0x00, 0x00, 0x04, 0x00, 0x00, 0x00, 0x00, 0x00, 0x00, 0x08, 0xf8,
    0x00, 0x00, 0xdf, 0x60, 0x00, 0x00, 0x00, 0x00, 0x00, 0x0e, 0xf6, 0x00, 0x00, 0x7f, 0xe1, 0x00, 0x00, 0x00, 0x00, 0x00,
    0x5f, 0xe0, 0x00, 0x00, 0x1e, 0xf6, 0x00, 0x00, 0x00, 0x00, 0x00, 0xdf, 0x81, 0x22, 0x22, 0x29, 0xa4, 0x22, 0x22, 0x10,
    0x00, 0x07, 0xff, 0x29, 0xff, 0xff, 0xff, 0xff, 0xff, 0xff, 0xc0, 0x00, 0x2f, 0xff, 0x09, 0xff, 0xff, 0xff, 0xff, 0xff,
    0xff, 0xc0, 0x00, 0xbf, 0xff, 0x00, 0x00, 0x00, 0x0f, 0xf2, 0x00, 0x00, 0x00, 0x09, 0xff, 0xff, 0x00, 0x00, 0x00, 0x0f,
    0xf2, 0x00, 0x00, 0x00, 0x0c, 0xfb, 0xff, 0x00, 0x00, 0x00, 0x0f, 0xf2, 0x00, 0x00, 0x00, 0x04, 0xb3, 0xff, 0x00, 0x00,
    0x00, 0x0f, 0xf2, 0x00, 0x00, 0x00, 0x00, 0x12, 0xff, 0x00, 0xdf, 0xff, 0xff, 0xff, 0xff, 0xff, 0x20, 0x00, 0x02, 0xff,
    0x00, 0xdf, 0xff, 0xff, 0xff, 0xff, 0xff, 0x20, 0x00, 0x02, 0xff, 0x00, 0x11, 0x11, 0x1f, 0xf4, 0x11, 0x11, 0x00, 0x00,
    0x02, 0xff, 0x00, 0x00, 0x00, 0x0f, 0xf2, 0x00, 0x00, 0x00, 0x00, 0x02, 0xff, 0x00, 0x00, 0x00, 0x0f, 0xf2, 0x00, 0x00,
    0x00, 0x00, 0x02, 0xff, 0x00, 0x00, 0x00, 0x0f, 0xf2, 0x00, 0x00, 0x00, 0x00, 0x02, 0xff, 0x00, 0x00, 0x00, 0x0f, 0xf2,
    0x00, 0x00, 0x00, 0x00, 0x02, 0xff, 0x2f, 0xff, 0xff, 0xff, 0xff, 0xff, 0xff, 0xf1, 0x00, 0x02, 0xff, 0x2e, 0xee, 0xee,
    0xef, 0xff, 0xee, 0xee, 0xe1, 0x00, 0x02, 0xff, 0x00, 0x00, 0x00, 0x00, 0x00, 0x00, 0x00, 0x00, 0x00, 0x00, 0x10, 0x00,
    0x00, 0x00, 0x22, 0x00, 0x00, 0x00, 0x00, 0x00, 0x00, 0x9e, 0x50, 0x00, 0x00, 0xff, 0x20, 0x00, 0x00, 0x00, 0x00, 0x01,
    0xef, 0x40, 0x00, 0x00, 0xff, 0x20, 0x00, 0x00, 0x00, 0x00, 0x06, 0xfd, 0x00, 0x00, 0x00, 0xff, 0x20, 0x00, 0x00, 0x00,
    0x00, 0x0d, 0xf7, 0x12, 0x22, 0x22, 0xff, 0x42, 0x22, 0x22, 0x10, 0x00, 0x6f, 0xf3, 0xdf, 0xff, 0xff, 0xff, 0xff, 0xff,
    0xff, 0x70, 0x00, 0xdf, 0xf2, 0xdf, 0xff, 0xff, 0xff, 0xff, 0xff, 0xff, 0x70, 0x08, 0xff, 0xf2, 0x00, 0x00, 0x4f, 0xff,
    0xf9, 0x00, 0x00, 0x00, 0x4f, 0xff, 0xf2, 0x00, 0x00, 0xaf, 0xff, 0xfe, 0x10, 0x00, 0x00, 0x9f, 0xcf, 0xf2, 0x00, 0x02,
    0xfb, 0xff, 0x9f, 0x70, 0x00, 0x00, 0x1e, 0x2f, 0xf2, 0x00, 0x0a, 0xf5, 0xff, 0x4f, 0xe1, 0x00, 0x00, 0x01, 0x0f, 0xf2,
    0x00, 0x3f, 0xc0, 0xff, 0x2a, 0xf9, 0x00, 0x00, 0x00, 0x0f, 0xf2, 0x00, 0xcf, 0x50, 0xff, 0x23, 0xff, 0x40, 0x00, 0x00,
    0x0f, 0xf2, 0x08, 0xfc, 0x00, 0xff, 0x20, 0x9f, 0xd1, 0x00, 0x00, 0x0f, 0xf2, 0x5f, 0xf3, 0x00, 0xff, 0x20, 0x1e, 0xfb,
    0x00, 0x00, 0x0f, 0xf6, 0xff, 0xaf, 0xff, 0xff, 0xff, 0xfa, 0xff, 0xa0, 0x00, 0x0f, 0xf4, 0xea, 0x3f, 0xff, 0xff, 0xff,
    0xf5, 0x8e, 0x30, 0x00, 0x0f, 0xf2, 0x30, 0x00, 0x00, 0xff, 0x20, 0x00, 0x03, 0x00, 0x00, 0x0f, 0xf2, 0x00, 0x00, 0x00,
    0xff, 0x20, 0x00, 0x00, 0x00, 0x00, 0x0f, 0xf2, 0x00, 0x00, 0x00, 0xff, 0x20, 0x00, 0x00, 0x00, 0x00, 0x0f, 0xf2, 0x00,
    0x00, 0x00, 0xdd, 0x20, 0x00, 0x00, 0x00, 0x00, 0x00, 0x00, 0x61, 0x00, 0x02, 0x20, 0x00, 0x00, 0x00, 0x00, 0x00, 0x00,
    0x05, 0xff, 0x10, 0x0a, 0xf9, 0x00, 0x00, 0x00, 0x00, 0x00, 0x00, 0x0b, 0xfa, 0x00, 0x1f, 0xf4, 0x00, 0x00, 0x00, 0x00,
    0x00, 0x00, 0x3f, 0xf4, 0x00, 0x7f, 0xd0, 0x00, 0x00, 0x00, 0x00, 0x00, 0x00, 0xcf, 0xc0, 0x01, 0xff, 0xff, 0xff, 0xff,
    0xff, 0xf8, 0x00, 0x06, 0xff, 0x40, 0x08, 0xff, 0xff, 0xff, 0xff, 0xff, 0xf8, 0x00, 0x1f, 0xff, 0x00, 0x2f, 0xf9, 0x6f,
    0xf3, 0x22, 0x22, 0x21, 0x00, 0xbf, 0xff, 0x00, 0xbf, 0xd0, 0x4f, 0xf0, 0x00, 0x00, 0x00, 0x08, 0xff, 0xff, 0x08, 0xff,
    0x40, 0x4f, 0xf1, 0x00, 0x00, 0x00, 0x0d, 0xfd, 0xff, 0x1a, 0xf9, 0x00, 0x4f, 0xff, 0xff, 0xff, 0xf0, 0x05, 0xd4, 0xff,
    0x00, 0x70, 0x00, 0x4f, 0xff, 0xff, 0xff, 0xf0, 0x00, 0x22, 0xff, 0x00, 0x00, 0x00, 0x4f, 0xf0, 0x00, 0x00, 0x00, 0x00,
    0x02, 0xff, 0x00, 0x00, 0x00, 0x4f, 0xf0, 0x00, 0x00, 0x00, 0x00, 0x02, 0xff, 0x00, 0x00, 0x00, 0x4f, 0xf2, 0x11, 0x11,
    0x10, 0x00, 0x02, 0xff, 0x00, 0x00, 0x00, 0x4f, 0xff, 0xff, 0xff, 0xf4, 0x00, 0x02, 0xff, 0x00, 0x00, 0x00, 0x4f, 0xff,
    0xff, 0xff, 0xf4, 0x00, 0x02, 0xff, 0x00, 0x00, 0x00, 0x4f, 0xf0, 0x00, 0x00, 0x00, 0x00, 0x02, 0xff, 0x00, 0x00, 0x00,
    0x4f, 0xf0, 0x00, 0x00, 0x00, 0x00, 0x02, 0xff, 0x00, 0x00, 0x00, 0x4f, 0xf0, 0x00, 0x00, 0x00, 0x00, 0x02, 0xff, 0x00,
    0x00, 0x00, 0x4f, 0xf0, 0x00, 0x00, 0x00, 0x00, 0x02, 0xff, 0x00, 0x00, 0x00, 0x4f, 0xf0, 0x00, 0x00, 0x00, 0x00, 0x00,
    0x01, 0xb7, 0x10, 0x5b, 0x70, 0x00, 0x00, 0x00, 0x00, 0x00, 0x00, 0x00, 0x6f, 0xe1, 0x09, 0xfb, 0x00, 0x00, 0x00, 0x00,
    0x00, 0x00, 0x00, 0x0d, 0xf9, 0x00, 0xef, 0x60, 0x00, 0x00, 0x00, 0x00, 0x00, 0x00, 0x05, 0xff, 0x20, 0x4f, 0xf1, 0x00,
    0x00, 0x00, 0x00, 0x00, 0x00, 0x01, 0xdf, 0xb0, 0x0a, 0xff, 0xdd, 0xdd, 0xdd, 0xdd, 0xfc, 0x30, 0x00, 0x8f, 0xf3, 0x02,
    0xff, 0xff, 0xff, 0xff, 0xff, 0xff, 0xf2, 0x00, 0x3f, 0xff, 0x20, 0xaf, 0xe2, 0x24, 0xff, 0x32, 0x26, 0xff, 0x00, 0x1d,
    0xff, 0xf2, 0x4f, 0xf5, 0x00, 0x2f, 0xf1, 0x00, 0x6f, 0xc0, 0x0c, 0xff, 0xff, 0x29, 0xfc, 0x00, 0x02, 0xff, 0x10, 0x09,
    0xf9, 0x00, 0x8f, 0x7f, 0xf2, 0x08, 0x21, 0x00, 0x2f, 0xf1, 0x01, 0x34, 0x30, 0x01, 0xa0, 0xff, 0x20, 0x00, 0xdd, 0x42,
    0xff, 0x16, 0xfc, 0x00, 0x00, 0x00, 0x0f, 0xf2, 0x00, 0x2f, 0xf2, 0x2f, 0xf1, 0x2f, 0xf4, 0x00, 0x00, 0x00, 0xff, 0x20,
    0x07, 0xfd, 0x02, 0xff, 0x10, 0xbf, 0xb0, 0x00, 0x00, 0x0f, 0xf2, 0x00, 0xcf, 0x80, 0x2f, 0xf1, 0x05, 0xff, 0x10, 0x00,
    0x00, 0xff, 0x20, 0x4f, 0xf2, 0x02, 0xff, 0x10, 0x1f, 0xf6, 0x00, 0x00, 0x0f, 0xf2, 0x0b, 0xfb, 0x00, 0x2f, 0xf1, 0x00,
    0xbf, 0xb0, 0x00, 0x00, 0xff, 0x25, 0xff, 0x40, 0x02, 0xff, 0x10, 0x07, 0xfe, 0x00, 0x00, 0x0f, 0xf2, 0x07, 0xa0, 0x00,
    0x2f, 0xf1, 0x00, 0x3c, 0x70, 0x00, 0x00, 0xff, 0x20, 0x00, 0x02, 0x24, 0xff, 0x00, 0x00, 0x00, 0x00, 0x00, 0x0f, 0xf2,
    0x00, 0x00, 0x6f, 0xff, 0xe0, 0x00, 0x00, 0x00, 0x00, 0x00, 0xee, 0x20, 0x00, 0x01, 0xfe, 0xb4, 0x00, 0x00, 0x00, 0x00,
    0x00, 0x00, 0x05, 0x40, 0x00, 0x00, 0x1a, 0xa0, 0x00, 0x00, 0x00, 0x00, 0x00, 0x1e, 0xf6, 0x00, 0x00, 0x2f, 0xf0, 0x00,
    0x00, 0x00, 0x00, 0x00, 0x7f, 0xe1, 0x00, 0x00, 0x2f, 0xf0, 0x00, 0x00, 0x00, 0x00, 0x00, 0xdf, 0x80, 0xbf, 0xff, 0xff,
    0xff, 0xff, 0xfb, 0x00, 0x00, 0x08, 0xff, 0x20, 0xbf, 0xff, 0xff, 0xff, 0xff, 0xfb, 0x00, 0x00, 0x2f, 0xfb, 0x00, 0x11,
    0x11, 0x3f, 0xf1, 0x11, 0x11, 0x00, 0x00, 0xbf, 0xf3, 0x00, 0x00, 0x00, 0x2f, 0xf0, 0x00, 0x00, 0x00, 0x07, 0xff, 0xf3,
    0x02, 0x22, 0x22, 0x5f, 0xf2, 0x22, 0x22, 0x20, 0x5f, 0xff, 0xf3, 0x0c, 0xff, 0xff, 0xff, 0xff, 0xff, 0xff, 0xb0, 0x6f,
    0xef, 0xf3, 0x0a, 0xdd, 0xdd, 0xdd, 0xdd, 0xdd, 0xdd, 0x90, 0x0d, 0x4f, 0xf3, 0x00, 0x00, 0x00, 0x14, 0x40, 0x00, 0x00,
    0x00, 0x01, 0x0f, 0xf3, 0x00, 0x00, 0x00, 0x2f, 0xf0, 0x00, 0x00, 0x00, 0x00, 0x0f, 0xf3, 0x00, 0x11, 0x11, 0x4f, 0xf1,
    0x11, 0x11, 0x00, 0x00, 0x0f, 0xf3, 0x03, 0xff, 0xff, 0xff, 0xff, 0xff, 0xff, 0x20, 0x00, 0x0f, 0xf3, 0x03, 0xff, 0xff,
    0xff, 0xff, 0xff, 0xff, 0x20, 0x00, 0x0f, 0xf3, 0x00, 0x00, 0x00, 0x2f, 0xf0, 0x00, 0x00, 0x00, 0x00, 0x0f, 0xf3, 0x00,
    0x00, 0x00, 0x2f, 0xf0, 0x00, 0x00, 0x00, 0x00, 0x0f, 0xf3, 0x00, 0x00, 0x00, 0x2f, 0xf0, 0x00, 0x00, 0x00, 0x00, 0x0f,
    0xf3, 0x7f, 0xff, 0xff, 0xff, 0xff, 0xff, 0xff, 0xf2, 0x00, 0x0f, 0xf3, 0x7f, 0xff, 0xff, 0xff, 0xff, 0xff, 0xff, 0xf2,
    0x00, 0x0f, 0xf3, 0x12, 0x22, 0x22, 0x22, 0x22, 0x22, 0x22, 0x20, 0x00, 0x00, 0x01, 0xb7, 0x10, 0x00, 0x00, 0x00, 0x00,
    0x00, 0x00, 0x00, 0x00, 0x07, 0xfd, 0x1e, 0xee, 0xee, 0xee, 0xee, 0xee, 0x20, 0x00, 0x00, 0x0d, 0xf7, 0x1f, 0xff, 0xff,
    0xff, 0xff, 0xff, 0x20, 0x00, 0x00, 0x6f, 0xe1, 0x1f, 0xf0, 0x00, 0x00, 0x00, 0xff, 0x20, 0x00, 0x01, 0xef, 0x80, 0x1f,
    0xf0, 0x00, 0x00, 0x00, 0xff, 0x20, 0x00, 0x09, 0xff, 0x10, 0x1f, 0xf0, 0x00, 0x00, 0x00, 0xff, 0x20, 0x00, 0x4f, 0xff,
    0x00, 0x1f, 0xf4, 0x44, 0x44, 0x44, 0xff, 0x20, 0x02, 0xef, 0xff, 0x00, 0x1f, 0xff, 0xff, 0xff, 0xff, 0xff, 0x20, 0x1c,
    0xff, 0xff, 0x00, 0x1c, 0xcc, 0xcf, 0xfe, 0xcc, 0xcc, 0x20, 0x1d, 0xf6, 0xff, 0x00, 0x00, 0x00, 0x0f, 0xf2, 0x00, 0x00,
    0x00, 0x06, 0x72, 0xff, 0x00, 0x00, 0x00, 0x0f, 0xf2, 0x00, 0x00, 0x00, 0x00, 0x02, 0xff, 0x1f, 0xff, 0xff, 0xff, 0xff,
    0xff, 0xff, 0xf1, 0x00, 0x02, 0xff, 0x1f, 0xff, 0xff, 0xff, 0xff, 0xff, 0xff, 0xf1, 0x00, 0x02, 0xff, 0x00, 0x00, 0x07,
    0xff, 0xff, 0xb0, 0x00, 0x00, 0x00, 0x02, 0xff, 0x00, 0x00, 0x4f, 0xff, 0xff, 0xf6, 0x00, 0x00, 0x00, 0x02, 0xff, 0x00,
    0x03, 0xef, 0x7f, 0xf6, 0xff, 0x50, 0x00, 0x00, 0x02, 0xff, 0x00, 0x3e, 0xfa, 0x0f, 0xf2, 0x6f, 0xf5, 0x00, 0x00, 0x02,
    0xff, 0x07, 0xff, 0xc1, 0x0f, 0xf2, 0x09, 0xff, 0x70, 0x00, 0x02, 0xff, 0x5f, 0xfc, 0x20, 0x0f, 0xf2, 0x00, 0x9f, 0xf6,
    0x00, 0x02, 0xff, 0x07, 0xa1, 0x00, 0x0f, 0xf2, 0x00, 0x08, 0xb0, 0x00, 0x02, 0xee, 0x00, 0x00, 0x00, 0x0f, 0xf2, 0x00,
    0x00, 0x00, 0x00, 0x00, 0x03, 0x20, 0x00, 0x00, 0x03, 0x40, 0x00, 0x00, 0x00, 0x00, 0x00, 0x0c, 0xf4, 0x00, 0x00, 0x5f,
    0xe1, 0x00, 0x00, 0x00, 0x00, 0x00, 0x3f, 0xe0, 0x00, 0x00, 0x0c, 0xf8, 0x00, 0x00, 0x00, 0x00, 0x00, 0x9f, 0x80, 0x00,
    0x00, 0x05, 0xe8, 0x00, 0x00, 0x00, 0x00, 0x02, 0xef, 0x2e, 0xff, 0xff, 0xff, 0xff, 0xff, 0xff, 0xf0, 0x00, 0x09, 0xff,
    0x0c, 0xdd, 0xdd, 0xdd, 0xdd, 0xdd, 0xdd, 0xd0, 0x00, 0x2f, 0xff, 0x00, 0x00, 0x00, 0x00, 0x00, 0x00, 0x00, 0x00, 0x00,
    0xcf, 0xff, 0x00, 0x0d, 0xdd, 0xdd, 0xdd, 0xdd, 0xdc, 0x00, 0x09, 0xfe, 0xff, 0x00, 0x0f, 0xff, 0xff, 0xff, 0xff, 0xfe,
    0x00, 0x0a, 0xf5, 0xff, 0x00, 0x00, 0x00, 0x00, 0x00, 0x00, 0x00, 0x00, 0x02, 0x80, 0xff, 0x00, 0x0d, 0xdd, 0xdd, 0xdd,
    0xdd, 0xdc, 0x00, 0x00, 0x00, 0xff, 0x00, 0x0f, 0xff, 0xff, 0xff, 0xff, 0xfe, 0x00, 0x00, 0x00, 0xff, 0x00, 0x00, 0x00,
    0x00, 0x00, 0x00, 0x00, 0x00, 0x00, 0x00, 0xff, 0x00, 0xbd, 0xdd, 0xdd, 0xdd, 0xdd, 0xd8, 0x00, 0x00, 0x00, 0xff, 0x00,
    0xdf, 0xff, 0xff, 0xff, 0xff, 0xf9, 0x00, 0x00, 0x00, 0xff, 0x00, 0xdf, 0x90, 0x00, 0x00, 0x00, 0xc9, 0x00, 0x00, 0x00,
    0xff, 0x00, 0xdf, 0x90, 0x00, 0x00, 0x00, 0xc9, 0x00, 0x00, 0x00, 0xff, 0x00, 0xdf, 0x90, 0x00, 0x00, 0x00, 0xc9, 0x00,
    0x00, 0x00, 0xff, 0x00, 0xdf, 0xfd, 0xdd, 0xdd, 0xdd, 0xf9, 0x00, 0x00, 0x00, 0xff, 0x00, 0xdf, 0xff, 0xff, 0xff, 0xff,
    0xf9, 0x00, 0x00, 0x00, 0xff, 0x00, 0xdf, 0x90, 0x00, 0x00, 0x00, 0xc9, 0x00, 0x00, 0x00, 0x22, 0x00, 0x11, 0x10, 0x00,
    0x00, 0x00, 0x00, 0x00, 0x00, 0x00, 0x66, 0x10, 0x00, 0x00, 0x00, 0x00, 0x00, 0x00, 0x00, 0x00, 0x00, 0xdf, 0x30, 0x00,
    0xad, 0xdd, 0xdd, 0xdf, 0xd4, 0x00, 0x00, 0x03, 0xfd, 0x00, 0x00, 0xbf, 0xff, 0xff, 0xff, 0xf3, 0x00, 0x00, 0x08, 0xf8,
    0x00, 0x00, 0x00, 0x00, 0x00, 0x0f, 0xf1, 0x00, 0x00, 0x0e, 0xf4, 0x00, 0x00, 0x00, 0x00, 0x00, 0x2f, 0xe0, 0x00, 0x00,
    0x6f, 0xf1, 0xef, 0x09, 0x99, 0x99, 0x99, 0xef, 0xf9, 0x80, 0x00, 0xdf, 0xf1, 0xef, 0x0f, 0xff, 0xff, 0xff, 0xff, 0xff,
    0xe0, 0x05, 0xff, 0xf1, 0xef, 0x03, 0x4c, 0xb6, 0x44, 0x44, 0x44, 0x30, 0x1d, 0xff, 0xf1, 0xef, 0x00, 0x2f, 0xf3, 0x00,
    0x00, 0x00, 0x00, 0x4f, 0xef, 0xf1, 0xef, 0x00, 0x9f, 0xfe, 0xee, 0xee, 0xee, 0x60, 0x0b, 0x6f, 0xf1, 0xef, 0x03, 0xff,
    0xfe, 0xff, 0xfe, 0xee, 0x60, 0x03, 0x0f, 0xf1, 0xef, 0x1d, 0xfb, 0x00, 0xef, 0x40, 0x00, 0x00, 0x00, 0x0f, 0xf1, 0xef,
    0x18, 0xe2, 0x00, 0xef, 0x40, 0x00, 0x00, 0x00, 0x0f, 0xf1, 0xef, 0x08, 0x99, 0x99, 0xff, 0xc9, 0x99, 0x90, 0x00, 0x0f,
    0xf1, 0xef, 0x0e, 0xff, 0xff, 0xff, 0xff, 0xff, 0xf0, 0x00, 0x0f, 0xf1, 0xef, 0x04, 0x55, 0x5a, 0xff, 0xe5, 0x55, 0x50,
    0x00, 0x0f, 0xf1, 0x89, 0x00, 0x00, 0x2d, 0xff, 0xf3, 0x00, 0x00, 0x00, 0x0f, 0xf1, 0x00, 0x00, 0x03, 0xdf, 0xd8, 0xfe,
    0x40, 0x00, 0x00, 0x0f, 0xf1, 0x00, 0x03, 0x9f, 0xfd, 0x20, 0xaf, 0xfa, 0x40, 0x00, 0x0f, 0xf1, 0x00, 0xaf, 0xff, 0xa1,
    0x00, 0x08, 0xff, 0xe2, 0x00, 0x0f, 0xf1, 0x00, 0x1c, 0xa3, 0x00, 0x00, 0x00, 0x29, 0x60, 0x00, 0x00, 0x00, 0x00, 0x00,
    0x00, 0x00, 0x00, 0x00, 0x00, 0x00, 0x00, 0x00, 0x1c, 0x91, 0x00, 0x00, 0x1f, 0xe4, 0x00, 0x00, 0x00, 0x00, 0x00, 0x6f,
    0xd0, 0x00, 0x00, 0x2f, 0xf2, 0x00, 0x00, 0x00, 0x00, 0x00, 0xcf, 0x7e, 0xee, 0xee, 0xff, 0xfe, 0xee, 0xee, 0x40, 0x00,
    0x03, 0xff, 0x1f, 0xff, 0xff, 0xff, 0xff, 0xff, 0xff, 0x50, 0x00, 0x0b, 0xfb, 0x00, 0x00, 0x00, 0x8f, 0x80, 0x00, 0x00,
    0x00, 0x00, 0x4f, 0xf3, 0x00, 0x00, 0x00, 0xbf, 0x50, 0x00, 0x00, 0x00, 0x00, 0xcf, 0xf1, 0x00, 0x8d, 0xdd, 0xff, 0xed,
    0xdd, 0xd5, 0x00, 0x07, 0xff, 0xf1, 0x00, 0xaf, 0xff, 0xff, 0xff, 0xff, 0xf6, 0x00, 0x4f, 0xff, 0xf1, 0x00, 0xaf, 0x50,
    0x00, 0x00, 0x0a, 0xf6, 0x00, 0x6f, 0xdf, 0xf1, 0x00, 0xaf, 0xd8, 0x88, 0x88, 0x8f, 0xf6, 0x00, 0x0c, 0x3f, 0xf1, 0x00,
    0xaf, 0xff, 0xff, 0xff, 0xff, 0xf6, 0x00, 0x01, 0x0f, 0xf1, 0x00, 0xaf, 0x50, 0x00, 0x00, 0x0a, 0xf6, 0x00, 0x00, 0x0f,
    0xf1, 0x00, 0xaf, 0xd8, 0x88, 0x88, 0x8f, 0xf6, 0x00, 0x00, 0x0f, 0xf1, 0x00, 0xaf, 0xff, 0xff, 0xff, 0xff, 0xf6, 0x00,
    0x00, 0x0f, 0xf1, 0x00, 0xaf, 0x50, 0x00, 0x00, 0x0a, 0xf6, 0x00, 0x00, 0x0f, 0xf1, 0x00, 0xaf, 0xd8, 0x88, 0x88, 0x8f,
    0xf6, 0x00, 0x00, 0x0f, 0xf1, 0x00, 0xaf, 0xff, 0xff, 0xff, 0xff, 0xf6, 0x00, 0x00, 0x0f, 0xf1, 0x00, 0xaf, 0x50, 0x00,
    0x00, 0x0a, 0xf6, 0x00, 0x00, 0x0f, 0xf1, 0x7b, 0xff, 0xfb, 0xbb, 0xbb, 0xbf, 0xff, 0xb2, 0x00, 0x0f, 0xf1, 0xaf, 0xff,
    0xff, 0xff, 0xff, 0xff, 0xff, 0xf3, 0x00, 0x0f, 0xf1, 0xaf, 0xff, 0xff, 0xff, 0xff, 0xff, 0xff, 0xf3, 0x00, 0x00, 0x25,
    0x10, 0x00, 0x00, 0x39, 0x50, 0x00, 0x00, 0x00, 0x00, 0x00, 0x8f, 0x90, 0x00, 0x00, 0x6f, 0xd0, 0x00, 0x00, 0x00, 0x00,
    0x00, 0xef, 0x9c, 0xcc, 0xcc, 0xdf, 0xff, 0xcc, 0xcc, 0xa0, 0x00, 0x05, 0xfd, 0x7f, 0xff, 0xff, 0xff, 0xff, 0xff, 0xff,
    0xc0, 0x00, 0x0c, 0xf8, 0x00, 0x00, 0x00, 0x00, 0x00, 0x00, 0x00, 0x00, 0x00, 0x5f, 0xf2, 0x01, 0xff, 0xff, 0xff, 0xff,
    0xff, 0xf2, 0x00, 0x00, 0xdf, 0xf1, 0x01, 0xff, 0xc8, 0x88, 0x88, 0x8f, 0xf2, 0x00, 0x08, 0xff, 0xf1, 0x01, 0xff, 0x90,
    0x00, 0x00, 0x0f, 0xf2, 0x00, 0x4f, 0xff, 0xf1, 0x01, 0xff, 0xff, 0xff, 0xff, 0xff, 0xf2, 0x00, 0x5f, 0xef, 0xf1, 0x00,
    0x88, 0x88, 0x88, 0x88, 0x88, 0x81, 0x00, 0x0d, 0x5f, 0xf1, 0x00, 0x00, 0x00, 0x00, 0x00, 0x00, 0x00, 0x00, 0x03, 0x0f,
    0xf1, 0xef, 0xff, 0xff, 0xff, 0xff, 0xff, 0xff, 0xd0, 0x00, 0x0f, 0xf1, 0xef, 0xdd, 0xdd, 0xdd, 0xdd, 0xdd, 0xdf, 0xd0,
    0x00, 0x0f, 0xf1, 0xef, 0x00, 0x00, 0x00, 0x00, 0x00, 0x1f, 0xd0, 0x00, 0x0f, 0xf1, 0xcd, 0x2c, 0xcc, 0xcc, 0xcc, 0xcc,
    0xad, 0xc0, 0x00, 0x0f, 0xf1, 0x00, 0x2f, 0xff, 0xff, 0xff, 0xff, 0xc0, 0x00, 0x00, 0x0f, 0xf1, 0x00, 0x00, 0x00, 0x2f,
    0xf0, 0x00, 0x00, 0x00, 0x00, 0x0f, 0xf1, 0x00, 0x00, 0x00, 0x2f, 0xf0, 0x00, 0x00, 0x00, 0x00, 0x0f, 0xf1, 0x00, 0x00,
    0x00, 0x2f, 0xf0, 0x00, 0x00, 0x00, 0x00, 0x0f, 0xf1, 0x00, 0x02, 0xdd, 0xef, 0xe0, 0x00, 0x00, 0x00, 0x00, 0x0f, 0xf1,
    0x00, 0x00, 0xcf, 0xfd, 0x60, 0x00, 0x00, 0x00, 0x00, 0x02, 0x20, 0x00, 0x00, 0x00, 0x00, 0x00, 0x00, 0x00, 0x00, 0x00,
    0x00, 0x05, 0x20, 0x00, 0x65, 0x10, 0x00, 0x00, 0x00, 0x00, 0x00, 0x00, 0x1f, 0xf6, 0x04, 0xfe, 0x20, 0x00, 0x00, 0x00,
    0x00, 0x00, 0x00, 0x7f, 0xe1, 0x1d, 0xff, 0xff, 0xff, 0xa1, 0x00, 0x00, 0x00, 0x01, 0xef, 0x90, 0xcf, 0xfd, 0xdd, 0xff,
    0xc1, 0x00, 0x00, 0x00, 0x08, 0xff, 0x2b, 0xfe, 0x20, 0x07, 0xfe, 0x20, 0x00, 0x00, 0x00, 0x2f, 0xfb, 0xcf, 0xff, 0xff,
    0xff, 0xff, 0xff, 0xff, 0x00, 0x00, 0xbf, 0xf4, 0xce, 0xff, 0xaa, 0xbf, 0xfa, 0xaa, 0xff, 0x00, 0x07, 0xff, 0xf2, 0x12,
    0xfe, 0x00, 0x6f, 0x90, 0x01, 0xff, 0x00, 0x5f, 0xff, 0xf2, 0x00, 0xff, 0xaa, 0xff, 0xea, 0xaa, 0xff, 0x00, 0x6f, 0xdf,
    0xf2, 0x00, 0xff, 0xff, 0xff, 0xff, 0xff, 0xff, 0x00, 0x0c, 0x3f, 0xf2, 0x00, 0x02, 0xcf, 0xf3, 0x00, 0x00, 0x10, 0x00,
    0x01, 0x0f, 0xf2, 0x03, 0x9f, 0xff, 0xfd, 0x10, 0x06, 0xea, 0x00, 0x00, 0x0f, 0xf2, 0x6f, 0xfd, 0x62, 0xff, 0x94, 0xcf,
    0xf9, 0x10, 0x00, 0x0f, 0xf2, 0x07, 0x41, 0x6e, 0xff, 0xff, 0xff, 0x50, 0x00, 0x00, 0x0f, 0xf2, 0x01, 0x6d, 0xfb, 0x2f,
    0xff, 0x8f, 0x90, 0x00, 0x00, 0x0f, 0xf2, 0x4f, 0xfe, 0x61, 0xaf, 0xfb, 0x1e, 0xf3, 0x00, 0x00, 0x0f, 0xf2, 0x08, 0x61,
    0x6d, 0xff, 0xfc, 0x08, 0xfc, 0x00, 0x00, 0x0f, 0xf2, 0x01, 0x5c, 0xfe, 0x75, 0xfd, 0x01, 0xdf, 0xb1, 0x00, 0x0f, 0xf2,
    0x8e, 0xff, 0xb2, 0x09, 0xfa, 0x00, 0x4e, 0xe3, 0x00, 0x0f, 0xf2, 0x2e, 0xb4, 0x0a, 0xdf, 0xf5, 0x00, 0x03, 0x50, 0x00,
    0x0e, 0xe2, 0x00, 0x00, 0x08, 0xfe, 0x80, 0x00, 0x00, 0x00, 0x00, 0x00, 0x00, 0x00, 0x00, 0x00, 0x00, 0x00, 0x00, 0x00,
    0x00, 0x00, 0x00, 0x01, 0x44, 0x00, 0x00, 0x01, 0x55, 0x00, 0x00, 0x00, 0x00, 0x00, 0x00, 0x2f, 0xf0, 0x00, 0x00, 0x2f,
    0xf0, 0x00, 0x00, 0x00, 0x00, 0x00, 0x02, 0xff, 0x00, 0x00, 0x02, 0xff, 0x00, 0x00, 0x00, 0x00, 0x00, 0x00, 0x2f, 0xf0,
    0x00, 0x00, 0x2f, 0xf0, 0x00, 0x00, 0x00, 0x00, 0x00, 0x02, 0xff, 0x00, 0x00, 0x02, 0xff, 0x00, 0x00, 0x00, 0x00, 0x00,
    0x00, 0x2f, 0xf0, 0x00, 0x00, 0x2f, 0xf0, 0x00, 0x00, 0x00, 0x00, 0x00, 0x02, 0xff, 0x00, 0x00, 0x02, 0xff, 0x00, 0x00,
    0x00, 0x00, 0x00, 0x00, 0x2f, 0xf0, 0x00, 0x00, 0x2f, 0xf0, 0x00, 0x00, 0x00, 0x00, 0x00, 0x03, 0xfe, 0x00, 0x00, 0x02,
    0xff, 0x00, 0x00, 0x00, 0x00, 0x00, 0x00, 0x4f, 0xe0, 0x00, 0x00, 0x2f, 0xf0, 0x00, 0x00, 0x00, 0x00, 0x00, 0x05, 0xfd,
    0x00, 0x00, 0x02, 0xff, 0x00, 0x00, 0x00, 0x00, 0x00, 0x00, 0x7f, 0xc0, 0x00, 0x00, 0x2f, 0xf0, 0x00, 0x00, 0x00, 0x00,
    0x00, 0x0a, 0xf9, 0x00, 0x00, 0x02, 0xff, 0x00, 0x00, 0x00, 0x00, 0x00, 0x00, 0xef, 0x60, 0x00, 0x00, 0x2f, 0xf0, 0x00,
    0x04, 0x00, 0x00, 0x00, 0x6f, 0xf2, 0x00, 0x00, 0x02, 0xff, 0x00, 0x01, 0xfc, 0x00, 0x00, 0x1d, 0xfa, 0x00, 0x00, 0x00,
    0x2f, 0xf0, 0x00, 0x1f, 0xf0, 0x00, 0x0a, 0xff, 0x30, 0x00, 0x00, 0x02, 0xff, 0x00, 0x03, 0xfd, 0x00, 0x1a, 0xff, 0x80,
    0x00, 0x00, 0x00, 0x1f, 0xf4, 0x22, 0x8f, 0xb0, 0x0b, 0xff, 0xa0, 0x00, 0x00, 0x00, 0x00, 0xdf, 0xff, 0xff, 0xf6, 0x00,
    0x3e, 0x80, 0x00, 0x00, 0x00, 0x00, 0x05, 0xdf, 0xff, 0xea, 0x00, 0x00, 0x10, 0x00, 0x00, 0x00, 0x00, 0x00, 0x00, 0x00,
    0x00, 0x00, 0x00, 0x00, 0x00, 0x00, 0x00, 0x00, 0x55, 0x00, 0x00, 0x00, 0x00, 0x00, 0x00, 0x00, 0x1d, 0xa2, 0x01, 0xff,
    0x10, 0x00, 0x00, 0x00, 0x00, 0x00, 0x00, 0x5f, 0xf1, 0x01, 0xff, 0x10, 0x00, 0x00, 0x00, 0x00, 0x00, 0x00, 0xaf, 0xd2,
    0x23, 0xff, 0x42, 0x22, 0x22, 0x20, 0x00, 0x00, 0x01, 0xff, 0xff, 0xff, 0xff, 0xff, 0xff, 0xff, 0xf1, 0x00, 0x00, 0x07,
    0xff, 0xff, 0xff, 0xff, 0xff, 0xff, 0xff, 0xf1, 0x00, 0x00, 0x1e, 0xf7, 0x00, 0x01, 0xff, 0x10, 0x00, 0x00, 0x00, 0x00,
    0x00, 0x9f, 0xe1, 0x00, 0x01, 0xff, 0x10, 0x00, 0x00, 0x00, 0x00, 0x00, 0x3a, 0x50, 0x00, 0x01, 0xff, 0x10, 0x00, 0x00,
    0x00, 0x00, 0x04, 0x55, 0x55, 0x55, 0x56, 0xff, 0x75, 0x55, 0x55, 0x55, 0x40, 0x0a, 0xff, 0xff, 0xff, 0xff, 0xff, 0xff,
    0xff, 0xff, 0xff, 0xc0, 0x09, 0xdd, 0xdd, 0xff, 0xfe, 0xdd, 0xff, 0xfd, 0xdd, 0xdd, 0xb0, 0x00, 0x00, 0x00, 0x6f, 0xe0,
    0x00, 0x6f, 0xd0, 0x00, 0x00, 0x00, 0x00, 0x00, 0x00, 0x8f, 0xb0, 0x00, 0x6f, 0xd0, 0x00, 0x00, 0x00, 0x00, 0x00, 0x00,
    0xcf, 0x90, 0x00, 0x6f, 0xd0, 0x00, 0x00, 0x00, 0x00, 0x00, 0x02, 0xff, 0x40, 0x00, 0x6f, 0xd0, 0x00, 0x02, 0x00, 0x00,
    0x00, 0x0b, 0xfd, 0x00, 0x00, 0x6f, 0xd0, 0x00, 0x0f, 0xa0, 0x00, 0x00, 0x8f, 0xf6, 0x00, 0x00, 0x6f, 0xd0, 0x00, 0x1f,
    0xe0, 0x00, 0x2b, 0xff, 0xa0, 0x00, 0x00, 0x5f, 0xe2, 0x22, 0x6f, 0xc0, 0x09, 0xff, 0xfa, 0x00, 0x00, 0x00, 0x3f, 0xff,
    0xff, 0xff, 0x80, 0x03, 0xfe, 0x60, 0x00, 0x00, 0x00, 0x08, 0xef, 0xff, 0xfb, 0x10, 0x00, 0x40, 0x00, 0x00, 0x00, 0x00,
    0x00, 0x00, 0x00, 0x00, 0x00, 0x00, 0x00, 0x00, 0x00, 0x02, 0xbb, 0x00, 0x00, 0x00, 0x00, 0x00, 0x00, 0x03, 0x91, 0x00,
    0x02, 0xff, 0x00, 0x00, 0x2c, 0x61, 0x00, 0x00, 0x0d, 0xf9, 0x00, 0x02, 0xff, 0x00, 0x00, 0x8f, 0xe1, 0x00, 0x00, 0x05,
    0xff, 0x20, 0x02, 0xff, 0x00, 0x00, 0xef, 0x80, 0x00, 0x00, 0x00, 0xdf, 0x90, 0x02, 0xff, 0x00, 0x06, 0xfe, 0x10, 0x00,
    0x00, 0x00, 0x6f, 0xf1, 0x02, 0xff, 0x00, 0x1d, 0xf7, 0x00, 0x00, 0x00, 0x00, 0x1f, 0xe4, 0x02, 0xff, 0x00, 0x5f, 0xd0,
    0x00, 0x00, 0x00, 0x00, 0x04, 0x10, 0x02, 0xff, 0x00, 0x01, 0x20, 0x00, 0x00, 0x06, 0x88, 0x88, 0x88, 0x8a, 0xff, 0x88,
    0x88, 0x88, 0x88, 0x70, 0x0c, 0xff, 0xff, 0xff, 0xff, 0xff, 0xff, 0xff, 0xff, 0xff, 0xe0, 0x0b, 0xdd, 0xdd, 0xff, 0xfe,
    0xdd, 0xff, 0xfd, 0xdd, 0xdd, 0xc0, 0x00, 0x00, 0x00, 0x5f, 0xf0, 0x00, 0x6f, 0xc0, 0x00, 0x00, 0x00, 0x00, 0x00, 0x00,
    0x7f, 0xd0, 0x00, 0x6f, 0xc0, 0x00, 0x00, 0x00, 0x00, 0x00, 0x00, 0xaf, 0xb0, 0x00, 0x6f, 0xc0, 0x00, 0x00, 0x00, 0x00,
    0x00, 0x00, 0xef, 0x80, 0x00, 0x6f, 0xc0, 0x00, 0x00, 0x00, 0x00, 0x00, 0x05, 0xff, 0x30, 0x00, 0x6f, 0xc0, 0x00, 0x06,
    0x00, 0x00, 0x00, 0x2e, 0xfc, 0x00, 0x00, 0x6f, 0xc0, 0x00, 0x0f, 0xe0, 0x00, 0x03, 0xdf, 0xf3, 0x00, 0x00, 0x6f, 0xc0,
    0x00, 0x1f, 0xe0, 0x03, 0x9f, 0xff, 0x50, 0x00, 0x00, 0x6f, 0xd2, 0x11, 0x6f, 0xc0, 0x1e, 0xff, 0xd4, 0x00, 0x00, 0x00,
    0x4f, 0xff, 0xff, 0xff, 0x80, 0x04, 0xd7, 0x10, 0x00, 0x00, 0x00, 0x09, 0xef, 0xff, 0xfb, 0x10, 0x00, 0x00, 0x00, 0x00,
    0x00, 0x00, 0x00, 0x00, 0x00, 0x00, 0x00, 0x00, 0x00, 0x00, 0x02, 0x00, 0x00, 0x00, 0x00, 0x00, 0x00, 0x00, 0x00, 0x00,
    0x00, 0x2e, 0x90, 0x00, 0x00, 0x00, 0x00, 0x00, 0x00, 0x00, 0x00, 0x00, 0x9f, 0xfa, 0x00, 0x00, 0x00, 0x00, 0x00, 0x00,
    0x00, 0x00, 0x00, 0x09, 0xff, 0x90, 0x00, 0x00, 0x00, 0x00, 0x00, 0x00, 0x00, 0x00, 0x00, 0x9f, 0xf6, 0x00, 0x00, 0x00,
    0x00, 0x00, 0x00, 0x00, 0x00, 0x00, 0x0d, 0xff, 0x20, 0x00, 0x00, 0x00, 0x00, 0x00, 0x00, 0x00, 0x00, 0x09, 0xff, 0xc0,
    0x00, 0x00, 0x00, 0x00, 0x00, 0x00, 0x00, 0x00, 0x0a, 0xff, 0xf3, 0x00, 0x00, 0x00, 0x00, 0x00, 0x00, 0x00, 0x00, 0x1e,
    0xff, 0xfc, 0x00, 0x00, 0x00, 0x00, 0x00, 0x00, 0x00, 0x00, 0x5f, 0xf9, 0xff, 0x50, 0x00, 0x00, 0x00, 0x00, 0x00, 0x00,
    0x00, 0xbf, 0xe0, 0xbf, 0xd0, 0x00, 0x00, 0x00, 0x00, 0x00, 0x00, 0x03, 0xff, 0x80, 0x3f, 0xf6, 0x00, 0x00, 0x00, 0x00,
    0x00, 0x00, 0x0b, 0xff, 0x20, 0x0b, 0xfe, 0x10, 0x00, 0x00, 0x00, 0x00, 0x00, 0x4f, 0xf8, 0x00, 0x03, 0xff, 0xa0, 0x00,
    0x00, 0x00, 0x00, 0x01, 0xef, 0xe1, 0x00, 0x00, 0x8f, 0xf5, 0x00, 0x00, 0x00, 0x00, 0x1b, 0xff, 0x50, 0x00, 0x00, 0x1e,
    0xff, 0x30, 0x00, 0x00, 0x01, 0xbf, 0xf9, 0x00, 0x00, 0x00, 0x04, 0xff, 0xe4, 0x00, 0x00, 0x3d, 0xff, 0xb0, 0x00, 0x00,
    0x00, 0x00, 0x7f, 0xff, 0x70, 0x08, 0xff, 0xfa, 0x00, 0x00, 0x00, 0x00, 0x00, 0x08, 0xff, 0xf3, 0x07, 0xff, 0x70, 0x00,
    0x00, 0x00, 0x00, 0x00, 0x00, 0x7f, 0xb0, 0x00, 0x53, 0x00, 0x00, 0x00, 0x00, 0x00, 0x00, 0x00, 0x03, 0x40, 0x00, 0x00,
    0x00, 0x66, 0x10, 0x00, 0x01, 0x66, 0x00, 0x00, 0x00, 0x00, 0x00, 0x00, 0xff, 0x20, 0x00, 0x02, 0xff, 0x00, 0x00, 0x00,
    0x00, 0x00, 0x00, 0xff, 0x20, 0x00, 0x02, 0xff, 0x00, 0x00, 0x00, 0x00, 0x00, 0x00, 0xff, 0x20, 0x00, 0x02, 0xff, 0x00,
    0x00, 0x00, 0x00, 0x22, 0x22, 0xff, 0x42, 0x22, 0x24, 0xff, 0x22, 0x22, 0x00, 0x01, 0xff, 0xff, 0xff, 0xff, 0xff, 0xff,
    0xff, 0xff, 0xff, 0x40, 0x01, 0xff, 0xff, 0xff, 0xff, 0xff, 0xff, 0xff, 0xff, 0xff, 0x40, 0x00, 0x00, 0x00, 0xff, 0x20,
    0x00, 0x02, 0xff, 0x00, 0x00, 0x00, 0x00, 0x00, 0x00, 0xff, 0x20, 0x00, 0x02, 0xff, 0x00, 0x00, 0x00, 0x00, 0x00, 0x00,
    0xff, 0x20, 0x00, 0x02, 0xff, 0x00, 0x00, 0x00, 0x00, 0x00, 0x00, 0xff, 0x20, 0x00, 0x02, 0xff, 0x00, 0x00, 0x00, 0x05,
    0x66, 0x66, 0xff, 0x86, 0x66, 0x68, 0xff, 0x66, 0x66, 0x60, 0x0e, 0xff, 0xff, 0xff, 0xff, 0xff, 0xff, 0xff, 0xff, 0xff,
    0xf0, 0x0b, 0xcc, 0xcc, 0xdd, 0xcc, 0xcc, 0xcc, 0xdd, 0xcc, 0xcc, 0xc0, 0x00, 0x00, 0x00, 0x00, 0x00, 0x00, 0x00, 0x20,
    0x00, 0x00, 0x00, 0x00, 0x00, 0x00, 0xae, 0x90, 0x00, 0x19, 0xfa, 0x10, 0x00, 0x00, 0x00, 0x00, 0x1a, 0xff, 0x70, 0x00,
    0x07, 0xff, 0xd2, 0x00, 0x00, 0x00, 0x02, 0xcf, 0xf7, 0x00, 0x00, 0x00, 0x4e, 0xfe, 0x50, 0x00, 0x00, 0x6e, 0xff, 0x60,
    0x00, 0x00, 0x00, 0x03, 0xdf, 0xf8, 0x00, 0x05, 0xff, 0xd3, 0x00, 0x00, 0x00, 0x00, 0x00, 0x1c, 0xff, 0x60, 0x00, 0x59,
    0x10, 0x00, 0x00, 0x00, 0x00, 0x00, 0x01, 0xa4, 0x00, 0x00, 0x00, 0x00, 0x40, 0x00, 0x00, 0x00, 0x05, 0x30, 0x00, 0x00,
    0x00, 0x00, 0x1d, 0xf6, 0x00, 0x00, 0x00, 0x0e, 0xfa, 0x00, 0x00, 0x00, 0x00, 0x07, 0xfe, 0x20, 0x00, 0x00, 0x6f, 0xf3,
    0x00, 0x00, 0x00, 0x00, 0x00, 0xdf, 0xa0, 0x00, 0x00, 0xdf, 0x90, 0x00, 0x00, 0x00, 0x00, 0x00, 0x6f, 0x80, 0x00, 0x08,
    0xfe, 0x10, 0x00, 0x00, 0x00, 0x1f, 0xff, 0xff, 0xff, 0xff, 0xff, 0xff, 0xff, 0xfa, 0x00, 0x00, 0x1f, 0xff, 0xff, 0xff,
    0xff, 0xff, 0xff, 0xff, 0xfa, 0x00, 0x00, 0x02, 0x22, 0x22, 0x22, 0xff, 0xb2, 0x22, 0x22, 0x22, 0x00, 0x00, 0x00, 0x00,
    0x00, 0x00, 0xff, 0x90, 0x00, 0x00, 0x00, 0x00, 0x00, 0x00, 0x00, 0x00, 0x00, 0xff, 0x90, 0x00, 0x00, 0x00, 0x00, 0x01,
    0x22, 0x22, 0x22, 0x23, 0xff, 0xa2, 0x22, 0x22, 0x22, 0x20, 0x07, 0xff, 0xff, 0xff, 0xff, 0xff, 0xff, 0xff, 0xff, 0xff,
    0xc0, 0x07, 0xff, 0xff, 0xff, 0xff, 0xff, 0xff, 0xff, 0xff, 0xff, 0xc0, 0x00, 0x00, 0x00, 0x00, 0x0b, 0xff, 0xf6, 0x00,
    0x00, 0x00, 0x00, 0x00, 0x00, 0x00, 0x00, 0x5f, 0xff, 0xfe, 0x20, 0x00, 0x00, 0x00, 0x00, 0x00, 0x00, 0x04, 0xef, 0xf2,
    0xcf, 0xd2, 0x00, 0x00, 0x00, 0x00, 0x00, 0x00, 0x7f, 0xff, 0x50, 0x2e, 0xfe, 0x50, 0x00, 0x00, 0x00, 0x00, 0x4c, 0xff,
    0xf6, 0x00, 0x03, 0xef, 0xfb, 0x30, 0x00, 0x01, 0x6c, 0xff, 0xfd, 0x30, 0x00, 0x00, 0x3d, 0xff, 0xfc, 0x72, 0x0a, 0xff,
    0xfe, 0x70, 0x00, 0x00, 0x00, 0x01, 0x8f, 0xff, 0xd1, 0x00, 0xcc, 0x61, 0x00, 0x00, 0x00, 0x00, 0x00, 0x02, 0x7d, 0x30,
    0x00, 0x00, 0x00, 0x00, 0x00, 0x00, 0x00, 0x00, 0x00, 0x00, 0x00, 0x00, 0x00, 0x00, 0x00, 0x03, 0x00, 0x00, 0x00, 0x00,
    0x00, 0x00, 0x00, 0x00, 0x00, 0x02, 0xef, 0x30, 0x00, 0x00, 0x00, 0x96, 0x20, 0x01, 0x64, 0x00, 0x00, 0xcf, 0xa0, 0x00,
    0x00, 0x03, 0xff, 0x90, 0x09, 0xfd, 0x10, 0x00, 0x5f, 0xf2, 0x00, 0x00, 0x0a, 0xff, 0x20, 0x02, 0xef, 0x80, 0x00, 0x0e,
    0xf7, 0x00, 0x00, 0x2f, 0xf9, 0x00, 0x00, 0x7f, 0xf2, 0x00, 0x09, 0xfd, 0x00, 0x00, 0xaf, 0xe2, 0x00, 0x00, 0x1e, 0xfa,
    0x00, 0x04, 0xff, 0x20, 0x03, 0xff, 0x80, 0x00, 0x00, 0x07, 0xff, 0x10, 0x00, 0xe9, 0x20, 0x0b, 0xfd, 0x10, 0x00, 0x00,
    0x01, 0xef, 0x50, 0x00, 0x00, 0x00, 0x5f, 0xf5, 0x00, 0x00, 0x00, 0x00, 0x62, 0x00, 0x00, 0x00, 0x00, 0xbf, 0xa0, 0x00,
    0x00, 0x01, 0x22, 0x22, 0x22, 0x22, 0x22, 0x22, 0x23, 0x32, 0x22, 0x20, 0x0d, 0xff, 0xff, 0xff, 0xff, 0xff, 0xff, 0xff,
    0xff, 0xff, 0xf0, 0x0d, 0xff, 0xff, 0xff, 0xff, 0xff, 0xff, 0xff, 0xff, 0xff, 0xf0, 0x00, 0x00, 0x00, 0x00, 0x00, 0x00,
    0x00, 0x00, 0x00, 0x00, 0x00, 0x00, 0x00, 0x01, 0xdb, 0x50, 0x00, 0x03, 0xab, 0x10, 0x00, 0x00, 0x00, 0x00, 0x0b, 0xff,
    0x50, 0x00, 0x06, 0xff, 0xc2, 0x00, 0x00, 0x00, 0x01, 0xbf, 0xf7, 0x00, 0x00, 0x00, 0x5f, 0xfd, 0x20, 0x00, 0x00, 0x1b,
    0xff, 0x90, 0x00, 0x00, 0x00, 0x04, 0xff, 0xd2, 0x00, 0x03, 0xdf, 0xf9, 0x00, 0x00, 0x00, 0x00, 0x00, 0x5f, 0xfe, 0x20,
    0x0b, 0xff, 0x80, 0x00, 0x00, 0x00, 0x00, 0x00, 0x05, 0xff, 0xc0, 0x00, 0x95, 0x00, 0x00, 0x00, 0x00, 0x00, 0x00, 0x00,
    0x79, 0x10, 0x02, 0xaa, 0xaa, 0xaa, 0xaa, 0xaa, 0xaa, 0xaa, 0xaa, 0xaa, 0x50, 0x03, 0xff, 0xff, 0xff, 0xff, 0xff, 0xff,
    0xff, 0xff, 0xff, 0x80, 0x01, 0x66, 0x66, 0x66, 0x66, 0xff, 0x96, 0x66, 0x66, 0x66, 0x30, 0x00, 0x00, 0x00, 0x00, 0x00,
    0xff, 0x20, 0x00, 0x00, 0x00, 0x00, 0x00, 0x08, 0xff, 0xff, 0xff, 0xff, 0xff, 0xff, 0xff, 0xf3, 0x00, 0x00, 0x08, 0xff,
    0xff, 0xff, 0xff, 0xff, 0xff, 0xff, 0xf3, 0x00, 0x00, 0x08, 0xfb, 0x00, 0x00, 0xff, 0x30, 0x00, 0x0f, 0xf3, 0x00, 0x00,
    0x08, 0xfb, 0x00, 0x00, 0xff, 0x20, 0x00, 0x0f, 0xf3, 0x00, 0x00, 0x08, 0xfb, 0x00, 0x00, 0xff, 0x20, 0x00, 0x0f, 0xf3,
    0x00, 0x00, 0x08, 0xff, 0xff, 0xff, 0xff, 0xff, 0xff, 0xff, 0xf3, 0x00, 0x00, 0x08, 0xff, 0xee, 0xee, 0xff, 0xfe, 0xee,
    0xef, 0xf3, 0x00, 0x00, 0x08, 0xfb, 0x00, 0x00, 0xff, 0x20, 0x00, 0x0f, 0xf3, 0x00, 0x00, 0x08, 0xfb, 0x00, 0x00, 0xff,
    0x20, 0x00, 0x0f, 0xf3, 0x00, 0x1f, 0xff, 0xff, 0xff, 0xff, 0xff, 0xff, 0xff, 0xff, 0xff, 0xfc, 0x1f, 0xff, 0xff, 0xff,
    0xff, 0xff, 0xff, 0xff, 0xff, 0xff, 0xfc, 0x02, 0x2a, 0xfd, 0x22, 0x22, 0x22, 0x22, 0x22, 0x2f, 0xf4, 0x21, 0x00, 0x08,
    0xfb, 0x00, 0x00, 0x00, 0x00, 0x00, 0x0f, 0xf3, 0x00, 0x00, 0x08, 0xfb, 0x00, 0x00, 0x00, 0x00, 0x00, 0x1f, 0xf3, 0x00,
    0x00, 0x08, 0xfb, 0x00, 0x00, 0x00, 0x0b, 0xff, 0xff, 0xf1, 0x00, 0x00, 0x08, 0xfb, 0x00, 0x00, 0x00, 0x05, 0xff, 0xfc,
    0x60, 0x00, 0x00, 0x00, 0x11, 0x00, 0x00, 0x00, 0x00, 0x10, 0x00, 0x00, 0x00, 0x00, 0x00, 0x00, 0x00, 0x04, 0x62, 0x01,
    0x62, 0x00, 0x00, 0x00, 0x04, 0xa1, 0x00, 0x00, 0x0c, 0xf7, 0x09, 0xfc, 0x00, 0x00, 0x00, 0x1e, 0xf9, 0x00, 0x00, 0x2f,
    0xf1, 0x02, 0xff, 0x50, 0x00, 0x00, 0x07, 0xff, 0x30, 0x00, 0x8f, 0xa0, 0x00, 0x9f, 0x80, 0x00, 0x00, 0x00, 0xdf, 0xc0,
    0x02, 0xff, 0xfe, 0xee, 0xff, 0xee, 0xee, 0x90, 0x00, 0x6f, 0xf5, 0x0b, 0xff, 0xff, 0xff, 0xff, 0xff, 0xff, 0xa0, 0x00,
    0x0d, 0xe5, 0x3f, 0xff, 0x00, 0x00, 0xff, 0x20, 0x00, 0x00, 0x00, 0x04, 0x10, 0xcf, 0xff, 0x00, 0x00, 0xff, 0x20, 0x00,
    0x00, 0x00, 0x00, 0x08, 0xff, 0xff, 0x00, 0x00, 0xff, 0x20, 0x00, 0x00, 0x00, 0x00, 0x6f, 0xfa, 0xff, 0xff, 0xff, 0xff,
    0xff, 0xff, 0x30, 0x00, 0x00, 0x1c, 0x94, 0xff, 0xee, 0xee, 0xff, 0xfe, 0xee, 0x30, 0x00, 0x00, 0x31, 0x04, 0xff, 0x00,
    0x00, 0xff, 0x20, 0x00, 0x00, 0x00, 0x04, 0xfb, 0x04, 0xff, 0x00, 0x00, 0xff, 0x20, 0x00, 0x00, 0x00, 0x0b, 0xfb, 0x04,
    0xff, 0xff, 0xff, 0xff, 0xff, 0xff, 0x30, 0x00, 0x2f, 0xf5, 0x04, 0xff, 0xee, 0xee, 0xff, 0xfe, 0xee, 0x30, 0x00, 0x9f,
    0xd0, 0x04, 0xff, 0x00, 0x00, 0xff, 0x20, 0x00, 0x00, 0x02, 0xff, 0x70, 0x04, 0xff, 0x00, 0x00, 0xff, 0x20, 0x00, 0x00,
    0x09, 0xff, 0x10, 0x04, 0xff, 0xff, 0xff, 0xff, 0xff, 0xff, 0xf1, 0x1e, 0xf9, 0x00, 0x04, 0xff, 0xff, 0xff, 0xff, 0xff,
    0xff, 0xf1, 0x00, 0x52, 0x00, 0x04, 0xff, 0x00, 0x00, 0x00, 0x00, 0x00, 0x00, 0x00, 0x00, 0x00, 0x04, 0xff, 0x00, 0x00,
    0x00, 0x00, 0x00, 0x00, 0x00, 0x00, 0x00, 0x00, 0x03, 0x99, 0x10, 0x00, 0x00, 0x00, 0x00, 0x00, 0x00, 0x00, 0x00, 0x05,
    0xff, 0x20, 0x00, 0x00, 0x00, 0x00, 0x00, 0x09, 0xa4, 0x00, 0x05, 0xff, 0x20, 0x00, 0x5b, 0xb0, 0x00, 0x00, 0x0e, 0xf7,
    0x00, 0x05, 0xff, 0x20, 0x00, 0x7f, 0xf0, 0x00, 0x00, 0x0e, 0xf7, 0x00, 0x05, 0xff, 0x20, 0x00, 0x7f, 0xf0, 0x00, 0x00,
    0x0e, 0xf7, 0x00, 0x05, 0xff, 0x20, 0x00, 0x7f, 0xf0, 0x00, 0x00, 0x0e, 0xf7, 0x00, 0x05, 0xff, 0x20, 0x00, 0x7f, 0xf0,
    0x00, 0x00, 0x0e, 0xf7, 0x00, 0x05, 0xff, 0x20, 0x00, 0x7f, 0xf0, 0x00, 0x00, 0x0e, 0xff, 0xff, 0xff, 0xff, 0xff, 0xff,
    0xff, 0xf0, 0x00, 0x00, 0x0e, 0xff, 0xff, 0xff, 0xff, 0xff, 0xff, 0xff, 0xf0, 0x00, 0x00, 0x02, 0x22, 0x22, 0x28, 0xff,
    0x42, 0x22, 0x22, 0x20, 0x00, 0x00, 0xff, 0x70, 0x00, 0x05, 0xff, 0x20, 0x00, 0x09, 0xfd, 0x00, 0x00, 0xff, 0x70, 0x00,
    0x05, 0xff, 0x20, 0x00, 0x09, 0xfd, 0x00, 0x00, 0xff, 0x70, 0x00, 0x05, 0xff, 0x20, 0x00, 0x09, 0xfd, 0x00, 0x00, 0xff,
    0x70, 0x00, 0x05, 0xff, 0x20, 0x00, 0x09, 0xfd, 0x00, 0x00, 0xff, 0x70, 0x00, 0x05, 0xff, 0x20, 0x00, 0x09, 0xfd, 0x00,
    0x00, 0xff, 0x70, 0x00, 0x05, 0xff, 0x20, 0x00, 0x09, 0xfd, 0x00, 0x00, 0xff, 0xff, 0xff, 0xff, 0xff, 0xff, 0xff, 0xff,
    0xfd, 0x00, 0x00, 0xff, 0xff, 0xff, 0xff, 0xff, 0xff, 0xff, 0xff, 0xfd, 0x00, 0x00, 0x33, 0x33, 0x33, 0x33, 0x33, 0x33,
    0x33, 0x3c, 0xfd, 0x00, 0x00, 0x00, 0x00, 0x00, 0x00, 0x00, 0x00, 0x00, 0x09, 0xfd, 0x00, 0x00, 0x00, 0x00, 0x00, 0x01,
    0x55, 0x10, 0x00, 0x00, 0x00, 0x00, 0x00, 0x00, 0x00, 0x00, 0x02, 0xff, 0x30, 0x00, 0x00, 0x00, 0x00, 0x00, 0x00, 0x00,
    0x00, 0x02, 0xff, 0x30, 0x00, 0x00, 0x00, 0x00, 0x00, 0x02, 0x22, 0x22, 0x24, 0xff, 0x62, 0x22, 0x22, 0x21, 0x00, 0x00,
    0x3f, 0xff, 0xff, 0xff, 0xff, 0xff, 0xff, 0xff, 0xf4, 0x00, 0x00, 0x3f, 0xff, 0xff, 0xff, 0xff, 0xff, 0xff, 0xff, 0xf4,
    0x00, 0x00, 0x00, 0x00, 0x00, 0x02, 0xff, 0x30, 0x00, 0x00, 0x00, 0x00, 0x00, 0x00, 0x00, 0x00, 0x02, 0xff, 0x30, 0x00,
    0x00, 0x00, 0x00, 0x02, 0x22, 0x22, 0x22, 0x24, 0xff, 0x62, 0x22, 0x22, 0x22, 0x20, 0x0c, 0xff, 0xff, 0xff, 0xff, 0xff,
    0xff, 0xff, 0xff, 0xff, 0xb0, 0x0c, 0xff, 0xff, 0xff, 0xff, 0xff, 0xff, 0xff, 0xff, 0xff, 0xb0, 0x00, 0x00, 0x00, 0x00,
    0x02, 0xff, 0x30, 0x00, 0x00, 0x00, 0x00, 0x00, 0x09, 0x93, 0x00, 0x02, 0xff, 0x30, 0x00, 0x59, 0x70, 0x00, 0x00, 0x0f,
    0xf6, 0x00, 0x02, 0xff, 0x30, 0x00, 0x9f, 0xb0, 0x00, 0x00, 0x0f, 0xf6, 0x00, 0x02, 0xff, 0x30, 0x00, 0x9f, 0xb0, 0x00,
    0x00, 0x0f, 0xf6, 0x00, 0x02, 0xff, 0x30, 0x00, 0x9f, 0xb0, 0x00, 0x00, 0x0f, 0xf6, 0x00, 0x02, 0xff, 0x30, 0x00, 0x9f,
    0xb0, 0x00, 0x00, 0x0f, 0xf9, 0x66, 0x68, 0xff, 0x96, 0x66, 0xff, 0xb0, 0x00, 0x00, 0x0f, 0xff, 0xff, 0xff, 0xff, 0xff,
    0xff, 0xff, 0xb0, 0x00, 0x00, 0x0c, 0xcc, 0xcc, 0xcc, 0xcc, 0xcc, 0xcc, 0xff, 0xb0, 0x00, 0x00, 0x00, 0x00, 0x00, 0x00,
    0x00, 0x00, 0x00, 0x9f, 0xb0, 0x00, 0x00, 0x00, 0x00, 0x00, 0x00, 0x00, 0x00, 0x00, 0x00, 0x44, 0x10, 0x05, 0x55, 0x55,
    0x55, 0x55, 0x55, 0x20, 0x00, 0x00, 0xff, 0x20, 0x0f, 0xff, 0xff, 0xff, 0xff, 0xff, 0x60, 0x00, 0x00, 0xff, 0x20, 0x0c,
    0xcc, 0xff, 0xfc, 0xcc, 0xcc, 0x42, 0xff, 0x00, 0xff, 0x20, 0x00, 0x01, 0xff, 0x30, 0x00, 0x00, 0x02, 0xff, 0x00, 0xff,
    0x20, 0x00, 0x04, 0xfe, 0x00, 0x00, 0x00, 0x02, 0xff, 0x00, 0xff, 0x20, 0x00, 0x09, 0xff, 0x77, 0x79, 0x73, 0x02, 0xff,
    0x00, 0xff, 0x20, 0x00, 0x1e, 0xff, 0xff, 0xff, 0xfc, 0x02, 0xff, 0x00, 0xff, 0x20, 0x00, 0x6f, 0xf9, 0x99, 0x9f, 0xf9,
    0x02, 0xff, 0x00, 0xff, 0x20, 0x00, 0xcf, 0x80, 0x00, 0x0c, 0xf6, 0x02, 0xff, 0x00, 0xff, 0x20, 0x06, 0xff, 0x20, 0x00,
    0x1f, 0xf2, 0x02, 0xff, 0x00, 0xff, 0x20, 0x2f, 0xf8, 0x58, 0x00, 0x7f, 0xd0, 0x02, 0xff, 0x00, 0xff, 0x20, 0x06, 0xd2,
    0xef, 0xb1, 0xcf, 0x80, 0x02, 0xff, 0x00, 0xff, 0x20, 0x00, 0x10, 0x6f, 0xff, 0xff, 0x20, 0x02, 0xff, 0x00, 0xff, 0x20,
    0x00, 0x00, 0x04, 0xff, 0xf9, 0x00, 0x02, 0xff, 0x00, 0xff, 0x20, 0x00, 0x00, 0x00, 0xdf, 0xe1, 0x00, 0x01, 0x88, 0x00,
    0xff, 0x20, 0x00, 0x00, 0x08, 0xff, 0x60, 0x00, 0x00, 0x00, 0x00, 0xff, 0x20, 0x00, 0x00, 0x9f, 0xf8, 0x00, 0x00, 0x00,
    0x00, 0x00, 0xff, 0x20, 0x00, 0x4c, 0xff, 0x90, 0x00, 0x00, 0x00, 0x02, 0x22, 0xff, 0x20, 0x06, 0xff, 0xf7, 0x00, 0x00,
    0x00, 0x00, 0x09, 0xff, 0xff, 0x10, 0x00, 0xcb, 0x30, 0x00, 0x00, 0x00, 0x00, 0x04, 0xfe, 0xc5, 0x00, 0x00, 0x10, 0x00,
    0x00, 0x00, 0x00, 0x00, 0x00, 0x00, 0x00, 0x00, 0x00, 0x00, 0x00, 0x00, 0x00, 0x00, 0x00, 0x00, 0x00, 0x07, 0x70, 0x01,
    0xcc, 0xcc, 0xcc, 0xcc, 0xcf, 0xc0, 0x00, 0x00, 0x1f, 0xf0, 0x01, 0xff, 0xff, 0xff, 0xff, 0xff, 0xf0, 0x08, 0x80, 0x1f,
    0xf0, 0x01, 0xff, 0x22, 0x22, 0x22, 0x2f, 0xf0, 0x0e, 0xf0, 0x1f, 0xf0, 0x01, 0xff, 0x01, 0x00, 0x6d, 0x4f, 0xf0, 0x0e,
    0xf0, 0x1f, 0xf0, 0x01, 0xff, 0x7d, 0x10, 0xaf, 0x2f, 0xf0, 0x0e, 0xf0, 0x1f, 0xf0, 0x01, 0xff, 0x7f, 0x80, 0xed, 0x0f,
    0xf0, 0x0e, 0xf0, 0x1f, 0xf0, 0x01, 0xff, 0x0d, 0xe4, 0xf9, 0x0f, 0xf0, 0x0e, 0xf0, 0x1f, 0xf0, 0x01, 0xff, 0x06, 0xff,
    0xf5, 0x0f, 0xf0, 0x0e, 0xf0, 0x1f, 0xf0, 0x01, 0xff, 0x00, 0xef, 0xf1, 0x0f, 0xf0, 0x0e, 0xf0, 0x1f, 0xf0, 0x01, 0xff,
    0x00, 0x9f, 0xf0, 0x0f, 0xf0, 0x0e, 0xf0, 0x1f, 0xf0, 0x01, 0xff, 0x00, 0x8f, 0xf0, 0x0f, 0xf0, 0x0e, 0xf0, 0x1f, 0xf0,
    0x01, 0xff, 0x00, 0xdf, 0xf6, 0x0f, 0xf0, 0x0e, 0xf0, 0x1f, 0xf0, 0x01, 0xff, 0x04, 0xfd, 0xfc, 0x0f, 0xf0, 0x0e, 0xf0,
    0x1f, 0xf0, 0x01, 0xff, 0x0b, 0xf4, 0xbf, 0x2f, 0xf0, 0x0e, 0xf0, 0x1f, 0xf0, 0x01, 0xff, 0x3f, 0xd0, 0x6f, 0x6f, 0xf0,
    0x00, 0x00, 0x1f, 0xf0, 0x01, 0xff, 0xbf, 0x60, 0x16, 0x0f, 0xf0, 0x00, 0x00, 0x1f, 0xf0, 0x01, 0xff, 0xad, 0x00, 0x00,
    0x0f, 0xf0, 0x00, 0x00, 0x1f, 0xf0, 0x01, 0xff, 0x02, 0x00, 0x00, 0x0f, 0xf0, 0x00, 0x00, 0x2f, 0xf0, 0x01, 0xff, 0x00,
    0x00, 0xbd, 0xdf, 0xe0, 0x05, 0xff, 0xff, 0xd0, 0x01, 0xff, 0x00, 0x00, 0x8f, 0xfd, 0x50, 0x01, 0xfe, 0xdb, 0x30, 0x00,
    0x00, 0x00, 0x00, 0x01, 0x00, 0x00, 0x00, 0x00, 0x00, 0x00, 0x00, 0x00, 0x00, 0x00, 0x24, 0x00, 0x00, 0x00, 0x00, 0x33,
    0x00, 0x00, 0x00, 0x14, 0x8c, 0xff, 0x50, 0x00, 0x00, 0x02, 0xff, 0x00, 0x37, 0xad, 0xff, 0xff, 0xfb, 0x50, 0x00, 0x00,
    0x02, 0xff, 0x00, 0x4f, 0xff, 0xdf, 0xf6, 0x10, 0x00, 0xff, 0x20, 0x02, 0xff, 0x00, 0x05, 0x31, 0x0f, 0xf2, 0x00, 0x00,
    0xff, 0x20, 0x02, 0xff, 0x00, 0x00, 0x00, 0x0f, 0xf2, 0x00, 0x00, 0xff, 0x20, 0x02, 0xff, 0x00, 0x01, 0x11, 0x1f, 0xf4,
    0x11, 0x10, 0xff, 0x20, 0x02, 0xff, 0x00, 0x6f, 0xff, 0xff, 0xff, 0xff, 0xf2, 0xff, 0x20, 0x02, 0xff, 0x00, 0x6f, 0xff,
    0xff, 0xff, 0xff, 0xf2, 0xff, 0x20, 0x02, 0xff, 0x00, 0x00, 0x00, 0xbf, 0xf2, 0x00, 0x00, 0xff, 0x20, 0x02, 0xff, 0x00,
    0x00, 0x03, 0xff, 0xf8, 0x00, 0x00, 0xff, 0x20, 0x02, 0xff, 0x00, 0x00, 0x0b, 0xff, 0xff, 0x90, 0x00, 0xff, 0x20, 0x02,
    0xff, 0x00, 0x00, 0x4f, 0xdf, 0xff, 0xfb, 0x10, 0xff, 0x20, 0x02, 0xff, 0x00, 0x01, 0xdf, 0x6f, 0xf5, 0xef, 0xc0, 0xff,
    0x20, 0x02, 0xff, 0x00, 0x0a, 0xfc, 0x0f, 0xf2, 0x3e, 0x90, 0xff, 0x20, 0x02, 0xff, 0x00, 0x8f, 0xf4, 0x0f, 0xf2, 0x03,
    0x10, 0x44, 0x10, 0x02, 0xff, 0x00, 0x8f, 0x90, 0x0f, 0xf2, 0x00, 0x00, 0x00, 0x00, 0x02, 0xff, 0x00, 0x1b, 0x10, 0x0f,
    0xf2, 0x00, 0x00, 0x00, 0x00, 0x02, 0xff, 0x00, 0x00, 0x00, 0x0f, 0xf2, 0x00, 0x00, 0x02, 0x22, 0x25, 0xff, 0x00, 0x00,
    0x00, 0x0f, 0xf2, 0x00, 0x00, 0x05, 0xff, 0xff, 0xfc, 0x00, 0x00, 0x00, 0x0f, 0xf2, 0x00, 0x00, 0x01, 0xff, 0xfd, 0xa2,
    0x00, 0x00, 0x00, 0x00, 0x00, 0x00, 0x00, 0x00, 0x10, 0x00, 0x00, 0x00, 0x00, 0x00, 0x00, 0x00, 0x00, 0x00, 0x00, 0x00,
    0x00, 0x01, 0x10, 0x00, 0x00, 0x00, 0x00, 0x00, 0x00, 0x00, 0x00, 0x00, 0x2f, 0xf0, 0x04, 0xff, 0xff, 0xff, 0xff, 0xff,
    0xf3, 0x45, 0x30, 0x2f, 0xf0, 0x03, 0xdd, 0xff, 0xfe, 0xdd, 0xdd, 0xd2, 0xbf, 0x70, 0x2f, 0xf0, 0x00, 0x00, 0xcf, 0x90,
    0x3a, 0x10, 0x00, 0xbf, 0x70, 0x2f, 0xf0, 0x00, 0x05, 0xfe, 0x10, 0xaf, 0xc0, 0x00, 0xbf, 0x70, 0x2f, 0xf0, 0x00, 0x1d,
    0xf6, 0x00, 0x1d, 0xf9, 0x00, 0xbf, 0x70, 0x2f, 0xf0, 0x00, 0xcf, 0xfb, 0xcd, 0xef, 0xff, 0x50, 0xbf, 0x70, 0x2f, 0xf0,
    0x00, 0xff, 0xff, 0xfe, 0xcb, 0xff, 0xd0, 0xbf, 0x70, 0x2f, 0xf0, 0x00, 0x55, 0x31, 0x45, 0x10, 0x19, 0x20, 0xbf, 0x70,
    0x2f, 0xf0, 0x00, 0x00, 0x00, 0xdf, 0x40, 0x00, 0x00, 0xbf, 0x70, 0x2f, 0xf0, 0x00, 0x11, 0x11, 0xef, 0x51, 0x11, 0x00,
    0xbf, 0x70, 0x2f, 0xf0, 0x00, 0xff, 0xff, 0xff, 0xff, 0xff, 0x60, 0xbf, 0x70, 0x2f, 0xf0, 0x00, 0xee, 0xee, 0xff, 0xfe,
    0xee, 0x60, 0xbf, 0x70, 0x2f, 0xf0, 0x00, 0x00, 0x00, 0xdf, 0x40, 0x00, 0x00, 0xbf, 0x70, 0x2f, 0xf0, 0x00, 0x00, 0x00,
    0xdf, 0x40, 0x00, 0x00, 0xbf, 0x70, 0x2f, 0xf0, 0x00, 0x00, 0x00, 0xdf, 0x43, 0x58, 0xa0, 0x00, 0x00, 0x2f, 0xf0, 0x00,
    0x02, 0x57, 0xff, 0xff, 0xff, 0xf0, 0x00, 0x00, 0x2f, 0xf0, 0x07, 0xff, 0xff, 0xff, 0xfe, 0xc9, 0x60, 0x01, 0x22, 0x5f,
    0xf0, 0x05, 0xff, 0xda, 0x75, 0x20, 0x00, 0x00, 0x06, 0xff, 0xff, 0xd0, 0x01, 0x30, 0x00, 0x00, 0x00, 0x00, 0x00, 0x01,
    0xee, 0xdb, 0x30, 0x00, 0x00, 0x00, 0x00, 0x3a, 0xa0, 0x00, 0x00, 0x00, 0x00, 0x00, 0x00, 0x00, 0x00, 0x00, 0x5f, 0xf0,
    0x00, 0x00, 0x00, 0x00, 0x00, 0x00, 0x00, 0x00, 0x00, 0x5f, 0xf0, 0x00, 0x00, 0x00, 0x00, 0x00, 0x00, 0x00, 0x00, 0x00,
    0x5f, 0xf0, 0x00, 0x00, 0x00, 0x00, 0x00, 0x00, 0x00, 0x00, 0x00, 0x5f, 0xf0, 0x00, 0x00, 0x00, 0x00, 0x00, 0x04, 0xff,
    0xff, 0xff, 0xff, 0xff, 0xff, 0xff, 0xff, 0xff, 0x60, 0x04, 0xff, 0xff, 0xff, 0xff, 0xff, 0xff, 0xff, 0xff, 0xff, 0x50,
    0x01, 0x22, 0x22, 0x22, 0x9f, 0xf2, 0x22, 0x22, 0x23, 0xff, 0x40, 0x00, 0x00, 0x00, 0x00, 0x9f, 0xc0, 0x00, 0x00, 0x01,
    0xff, 0x30, 0x00, 0x00, 0x00, 0x00, 0xbf, 0xa0, 0x00, 0x00, 0x02, 0xff, 0x20, 0x00, 0x00, 0x00, 0x00, 0xef, 0x70, 0x00,
    0x00, 0x03, 0xff, 0x10, 0x00, 0x00, 0x00, 0x04, 0xff, 0x40, 0x00, 0x00, 0x04, 0xff, 0x00, 0x00, 0x00, 0x00, 0x09, 0xfe,
    0x00, 0x00, 0x00, 0x05, 0xfe, 0x00, 0x00, 0x00, 0x00, 0x1f, 0xf9, 0x00, 0x00, 0x00, 0x07, 0xfd, 0x00, 0x00, 0x00, 0x00,
    0xaf, 0xf3, 0x00, 0x00, 0x00, 0x09, 0xfb, 0x00, 0x00, 0x00, 0x05, 0xff, 0xa0, 0x00, 0x00, 0x00, 0x0b, 0xf9, 0x00, 0x00,
    0x00, 0x3e, 0xfe, 0x10, 0x00, 0x00, 0x00, 0x0d, 0xf7, 0x00, 0x00, 0x04, 0xef, 0xf4, 0x00, 0x00, 0x00, 0x00, 0x2f, 0xf5,
    0x00, 0x00, 0x6f, 0xff, 0x60, 0x00, 0x01, 0x32, 0x22, 0xbf, 0xf1, 0x00, 0x09, 0xff, 0xf5, 0x00, 0x00, 0x00, 0xdf, 0xff,
    0xff, 0x90, 0x00, 0x01, 0xcc, 0x20, 0x00, 0x00, 0x00, 0x8f, 0xff, 0xd9, 0x00, 0x00, 0x00, 0x10, 0x00, 0x00, 0x00, 0x00,
    0x00, 0x00, 0x00, 0x00, 0x00, 0x00, 0x00, 0x00, 0x00, 0x00, 0x00, 0x17, 0x70, 0x00, 0x00, 0x00, 0x00, 0x00, 0x00, 0x00,
    0x00, 0x00, 0x2f, 0xf1, 0x00, 0x00, 0x00, 0x02, 0x22, 0x22, 0x22, 0x20, 0x00, 0x2f, 0xf1, 0x00, 0x00, 0x00, 0x0f, 0xff,
    0xff, 0xff, 0xf2, 0x00, 0x2f, 0xf0, 0x00, 0x00, 0x00, 0x0c, 0xcc, 0xff, 0xec, 0xc2, 0x00, 0x2f, 0xf0, 0x00, 0x00, 0x00,
    0x00, 0x00, 0xff, 0x20, 0x07, 0xff, 0xff, 0xff, 0xff, 0xff, 0x40, 0x00, 0x00, 0xff, 0x20, 0x07, 0xff, 0xff, 0xff, 0xff,
    0xff, 0x40, 0x00, 0x00, 0xff, 0x20, 0x01, 0x22, 0x7f, 0xf2, 0x22, 0xff, 0x30, 0x00, 0x00, 0xff, 0x20, 0x00, 0x00, 0x6f,
    0xd0, 0x00, 0xef, 0x30, 0x00, 0x00, 0xff, 0x20, 0x00, 0x00, 0x7f, 0xb0, 0x00, 0xff, 0x20, 0x00, 0x00, 0xff, 0x20, 0x00,
    0x00, 0x9f, 0x90, 0x00, 0xff, 0x20, 0x00, 0x00, 0xff, 0x20, 0x00, 0x00, 0xcf, 0x70, 0x01, 0xff, 0x10, 0x00, 0x00, 0xff,
    0x20, 0x33, 0x01, 0xff, 0x40, 0x02, 0xff, 0x00, 0x00, 0x00, 0xff, 0xce, 0xfa, 0x05, 0xfe, 0x10, 0x03, 0xfe, 0x00, 0x15,
    0x9d, 0xff, 0xff, 0xfa, 0x0b, 0xfa, 0x00, 0x04, 0xfe, 0x00, 0x3f, 0xff, 0xff, 0xb7, 0x20, 0x3f, 0xf5, 0x00, 0x05, 0xfc,
    0x00, 0x0e, 0xea, 0x51, 0x00, 0x00, 0xdf, 0xd0, 0x00, 0x06, 0xfb, 0x00, 0x02, 0x00, 0x00, 0x00, 0x0a, 0xff, 0x40, 0x00,
    0x09, 0xf9, 0x00, 0x00, 0x00, 0x00, 0x01, 0xbf, 0xf8, 0x01, 0x22, 0x2e, 0xf7, 0x00, 0x00, 0x00, 0x00, 0x1d, 0xff, 0x90,
    0x01, 0xff, 0xff, 0xf2, 0x00, 0x00, 0x00, 0x00, 0x04, 0xe7, 0x00, 0x00, 0xcf, 0xfd, 0x60, 0x00, 0x00, 0x00, 0x00, 0x00,
    0x10, 0x00, 0x00, 0x00, 0x00, 0x00, 0x00, 0x00, 0x01, 0xdd, 0x20, 0x00, 0x00, 0x00, 0x00, 0x00, 0x00, 0x00, 0x00, 0x01,
    0xff, 0x20, 0x00, 0x00, 0x00, 0x00, 0x00, 0x00, 0x00, 0x00, 0x01, 0xff, 0x20, 0x00, 0x00, 0x99, 0x99, 0x99, 0x99, 0x10,
    0x02, 0x23, 0xff, 0x42, 0x42, 0x10, 0xff, 0xff, 0xff, 0xff, 0x30, 0x0d, 0xff, 0xff, 0xff, 0xff, 0x90, 0xff, 0x98, 0x88,
    0xff, 0x30, 0x0d, 0xff, 0xff, 0xff, 0xff, 0x90, 0xff, 0x20, 0x00, 0xff, 0x30, 0x00, 0x02, 0xff, 0x00, 0xaf, 0x80, 0xff,
    0x20, 0x00, 0xff, 0x30, 0x00, 0x03, 0xff, 0x00, 0xaf, 0x80, 0xff, 0x20, 0x00, 0xff, 0x30, 0x00, 0x03, 0xfe, 0x00, 0xaf,
    0x80, 0xff, 0x20, 0x00, 0xff, 0x30, 0x00, 0x05, 0xfd, 0x00, 0xbf, 0x70, 0xff, 0x20, 0x00, 0xff, 0x30, 0x00, 0x07, 0xfb,
    0x00, 0xbf, 0x70, 0xff, 0x20, 0x00, 0xff, 0x30, 0x00, 0x09, 0xfa, 0x00, 0xbf, 0x70, 0xff, 0x20, 0x00, 0xff, 0x30, 0x00,
    0x0b, 0xf7, 0x00, 0xcf, 0x60, 0xff, 0x20, 0x00, 0xff, 0x30, 0x00, 0x0e, 0xf4, 0x00, 0xdf, 0x50, 0xff, 0x20, 0x00, 0xff,
    0x30, 0x00, 0x4f, 0xf1, 0x00, 0xef, 0x50, 0xff, 0x20, 0x00, 0xff, 0x30, 0x00, 0x9f, 0xc0, 0x00, 0xff, 0x40, 0xff, 0x42,
    0x22, 0xff, 0x30, 0x02, 0xff, 0x70, 0x02, 0xff, 0x20, 0xff, 0xff, 0xff, 0xff, 0x30, 0x0a, 0xff, 0x21, 0x06, 0xff, 0x00,
    0xff, 0xff, 0xff, 0xff, 0x30, 0x4f, 0xf9, 0x1f, 0xff, 0xfc, 0x00, 0xff, 0x20, 0x00, 0xff, 0x30, 0x09, 0xd1, 0x0d, 0xff,
    0xd3, 0x00, 0xff, 0x20, 0x00, 0xff, 0x30, 0x00, 0x30, 0x02, 0x22, 0x00, 0x00, 0x22, 0x00, 0x00, 0x00, 0x00, 0x00, 0x00,
    0x00, 0x00, 0x00, 0x00, 0x00, 0x33, 0x00, 0x00, 0x00, 0x00, 0x00, 0x00, 0x00, 0x00, 0x00, 0x02, 0xff, 0x10, 0x00, 0x00,
    0x04, 0xff, 0xff, 0xff, 0xff, 0x50, 0x02, 0xff, 0x10, 0x00, 0x00, 0x04, 0xff, 0xff, 0xff, 0xff, 0x50, 0x02, 0xff, 0x00,
    0x00, 0x00, 0x00, 0x00, 0x00, 0x00, 0x00, 0x00, 0x02, 0xff, 0x00, 0x00, 0x00, 0x00, 0x00, 0x00, 0x00, 0x00, 0x0c, 0xdf,
    0xff, 0xdd, 0xdf, 0xd0, 0x00, 0x00, 0x00, 0x00, 0x00, 0x0e, 0xff, 0xff, 0xff, 0xff, 0xf0, 0x0f, 0xff, 0xff, 0xff, 0xff,
    0xb1, 0x26, 0xff, 0x22, 0x3f, 0xf0, 0x0f, 0xff, 0xff, 0xff, 0xff, 0xb0, 0x05, 0xfc, 0x00, 0x1f, 0xe0, 0x00, 0x04, 0xff,
    0x10, 0x00, 0x00, 0x06, 0xfc, 0x00, 0x2f, 0xe0, 0x00, 0x07, 0xfb, 0x00, 0x11, 0x00, 0x07, 0xfa, 0x00, 0x3f, 0xd0, 0x00,
    0x0c, 0xf7, 0x06, 0xf7, 0x00, 0x09, 0xf8, 0x00, 0x3f, 0xd0, 0x00, 0x1f, 0xf2, 0x03, 0xfd, 0x00, 0x0c, 0xf6, 0x00, 0x4f,
    0xc0, 0x00, 0x6f, 0xb0, 0x00, 0xdf, 0x40, 0x0e, 0xf4, 0x00, 0x5f, 0xb0, 0x00, 0xcf, 0x50, 0x03, 0xff, 0x90, 0x4f, 0xf1,
    0x00, 0x6f, 0xa0, 0x05, 0xff, 0x8b, 0xef, 0xff, 0xe0, 0x9f, 0xb0, 0x00, 0x7f, 0x90, 0x0b, 0xff, 0xff, 0xfe, 0xbf, 0xf5,
    0xef, 0x60, 0x00, 0x8f, 0x80, 0x08, 0xff, 0xc8, 0x40, 0x08, 0x8a, 0xfe, 0x10, 0x00, 0xbf, 0x60, 0x02, 0x72, 0x00, 0x00,
    0x00, 0x4f, 0xf8, 0x22, 0x13, 0xff, 0x30, 0x00, 0x00, 0x00, 0x00, 0x01, 0xef, 0xe1, 0x8f, 0xff, 0xfe, 0x00, 0x00, 0x00,
    0x00, 0x00, 0x00, 0x3e, 0x40, 0x3f, 0xff, 0xc3, 0x00, 0x00, 0x00, 0x00, 0x00, 0x00, 0x01, 0x00, 0x00, 0x00, 0x00, 0x00,
    0x00, 0x00, 0x00, 0x00, 0x00, 0x00, 0x00, 0x11, 0x00, 0x00, 0x00, 0x00, 0x00, 0x00, 0x00, 0x00, 0x00, 0x00, 0xef, 0x10,
    0x00, 0x00, 0x06, 0xff, 0xff, 0xff, 0xff, 0xff, 0x80, 0xff, 0x10, 0x00, 0x00, 0x06, 0xff, 0xff, 0xff, 0xff, 0xff, 0x80,
    0xff, 0x10, 0x00, 0x00, 0x06, 0xff, 0x10, 0x00, 0x00, 0x00, 0x00, 0xff, 0x10, 0x00, 0x00, 0x06, 0xff, 0x43, 0x33, 0x33,
    0x33, 0x11, 0xff, 0x11, 0x11, 0x00, 0x06, 0xff, 0xff, 0xff, 0xff, 0xff, 0xff, 0xff, 0xff, 0xff, 0x50, 0x06, 0xff, 0xcc,
    0xff, 0xdc, 0xcd, 0xff, 0xff, 0xff, 0xff, 0x40, 0x06, 0xff, 0x10, 0xef, 0x10, 0x00, 0x02, 0xfe, 0x00, 0xcf, 0x40, 0x06,
    0xff, 0x10, 0xff, 0x00, 0x00, 0x02, 0xfd, 0x00, 0xcf, 0x40, 0x06, 0xff, 0x10, 0xff, 0xff, 0xf1, 0x03, 0xfc, 0x00, 0xcf,
    0x30, 0x07, 0xff, 0x01, 0xff, 0xdf, 0xf0, 0x05, 0xfa, 0x00, 0xdf, 0x30, 0x07, 0xff, 0x03, 0xfd, 0x0e, 0xf0, 0x07, 0xf8,
    0x00, 0xdf, 0x20, 0x08, 0xfe, 0x04, 0xfb, 0x0e, 0xe0, 0x0a, 0xf6, 0x00, 0xef, 0x20, 0x09, 0xfd, 0x06, 0xf9, 0x0f, 0xd0,
    0x0e, 0xf3, 0x00, 0xff, 0x10, 0x0b, 0xfb, 0x0a, 0xf7, 0x1f, 0xd0, 0x3f, 0xe0, 0x00, 0xff, 0x00, 0x0d, 0xf8, 0x1e, 0xf3,
    0x2f, 0xc0, 0x9f, 0xa0, 0x02, 0xfe, 0x00, 0x0f, 0xf5, 0x6f, 0xd0, 0x3f, 0xb1, 0xef, 0x50, 0x04, 0xfd, 0x00, 0x4f, 0xf2,
    0xef, 0x80, 0x6f, 0x9a, 0xfc, 0x00, 0x08, 0xfb, 0x00, 0x9f, 0xbc, 0xfe, 0x2d, 0xef, 0xcf, 0xf5, 0x6e, 0xef, 0xf7, 0x00,
    0x5c, 0x35, 0xd5, 0x0c, 0xfb, 0x18, 0x90, 0x2f, 0xfe, 0x90, 0x00, 0x00, 0x00, 0x10, 0x00, 0x00, 0x00, 0x00, 0x00, 0x00,
    0x00, 0x00, 0x00, 0x00, 0x00, 0x00, 0x00, 0x00, 0x00, 0x00, 0x00, 0x00, 0x00, 0x00, 0x00, 0x00, 0xdb, 0x30, 0x1b, 0xb3,
    0x00, 0x00, 0x00, 0x00, 0x00, 0x00, 0x06, 0xff, 0x20, 0x1f, 0xf5, 0x00, 0x00, 0x00, 0x00, 0x00, 0x00, 0x1d, 0xfa, 0x00,
    0x1f, 0xf5, 0x00, 0x00, 0x00, 0x00, 0x00, 0x00, 0x8f, 0xf3, 0x00, 0x1f, 0xf5, 0x00, 0x00, 0xb6, 0x00, 0x00, 0x03, 0xff,
    0xe0, 0x00, 0x1f, 0xf5, 0x00, 0x08, 0xff, 0x70, 0x00, 0x1d, 0xff, 0x60, 0x00, 0x1f, 0xf5, 0x00, 0x5f, 0xfc, 0x10, 0x00,
    0xaf, 0xff, 0x50, 0x00, 0x1f, 0xf5, 0x04, 0xff, 0xe2, 0x00, 0x08, 0xff, 0xff, 0x50, 0x00, 0x1f, 0xf5, 0x4e, 0xfe, 0x30,
    0x00, 0x4f, 0xfc, 0xff, 0x50, 0x00, 0x1f, 0xfa, 0xff, 0xe3, 0x00, 0x00, 0x0a, 0xe2, 0xff, 0x50, 0x00, 0x1f, 0xff, 0xfd,
    0x30, 0x00, 0x00, 0x02, 0x30, 0xff, 0x50, 0x00, 0x2f, 0xff, 0xc2, 0x00, 0x00, 0x00, 0x00, 0x00, 0xff, 0x50, 0x06, 0xff,
    0xfe, 0x10, 0x00, 0x00, 0x00, 0x00, 0x00, 0xff, 0x54, 0xcf, 0xff, 0xf5, 0x00, 0x00, 0x00, 0x00, 0x00, 0x00, 0xff, 0x7e,
    0xff, 0xbf, 0xf5, 0x00, 0x00, 0x16, 0x00, 0x00, 0x00, 0xff, 0x53, 0xb4, 0x1f, 0xf5, 0x00, 0x00, 0x3f, 0xd0, 0x00, 0x00,
    0xff, 0x50, 0x00, 0x1f, 0xf5, 0x00, 0x00, 0x4f, 0xf0, 0x00, 0x00, 0xff, 0x50, 0x00, 0x1f, 0xf5, 0x00, 0x00, 0x6f, 0xd0,
    0x00, 0x00, 0xff, 0x50, 0x00, 0x0f, 0xf9, 0x22, 0x23, 0xcf, 0xa0, 0x00, 0x00, 0xff, 0x50, 0x00, 0x0b, 0xff, 0xff, 0xff,
    0xff, 0x40, 0x00, 0x00, 0xff, 0x50, 0x00, 0x02, 0xbe, 0xff, 0xff, 0xd7, 0x00, 0x00, 0x26, 0x53, 0x33, 0x33, 0x31, 0x01,
    0x11, 0x11, 0x11, 0x00, 0x00, 0xcf, 0xff, 0xff, 0xff, 0xf4, 0x2f, 0xff, 0xff, 0xff, 0x30, 0x00, 0xcf, 0xfc, 0xcc, 0xcf,
    0xf4, 0x2f, 0xff, 0xff, 0xff, 0x30, 0x00, 0xcf, 0x80, 0x00, 0x0f, 0xf4, 0x2f, 0xf0, 0x00, 0xff, 0x30, 0x00, 0xcf, 0x80,
    0x00, 0x0f, 0xf4, 0x2f, 0xf0, 0x00, 0xff, 0x30, 0x00, 0xcf, 0xff, 0xff, 0xff, 0xf4, 0x2f, 0xf0, 0x00, 0xff, 0x30, 0x00,
    0xcf, 0xff, 0xff, 0xff, 0xf4, 0x2f, 0xf0, 0x00, 0xff, 0x30, 0x00, 0xcf, 0x80, 0x00, 0x0f, 0xf4, 0x2f, 0xf0, 0x00, 0xff,
    0x30, 0x00, 0xcf, 0x80, 0x00, 0x0f, 0xf4, 0x2f, 0xf0, 0x00, 0xff, 0x30, 0x00, 0xcf, 0xff, 0xff, 0xff, 0xf4, 0x2f, 0xf0,
    0x00, 0xff, 0x30, 0x00, 0xcf, 0xff, 0xff, 0xff, 0xf4, 0x2f, 0xf0, 0x00, 0xff, 0x30, 0x00, 0xcf, 0x80, 0x00, 0x00, 0x00,
    0x2f, 0xf0, 0x00, 0xff, 0x30, 0x00, 0xcf, 0x80, 0x07, 0xd2, 0x00, 0x2f, 0xf0, 0x00, 0xff, 0x30, 0x00, 0xcf, 0x80, 0x0c,
    0xfa, 0x00, 0x2f, 0xf1, 0x22, 0xff, 0x30, 0x00, 0xcf, 0x80, 0x04, 0xff, 0x30, 0x2f, 0xf2, 0xff, 0xff, 0x10, 0x00, 0xcf,
    0x82, 0x6b, 0xff, 0xb0, 0x2f, 0xf0, 0xcf, 0xd6, 0x00, 0x01, 0xff, 0xff, 0xff, 0xff, 0xf4, 0x2f, 0xf0, 0x00, 0x00, 0x00,
    0x09, 0xff, 0xff, 0xc7, 0x2c, 0xfa, 0x2f, 0xf0, 0x00, 0x00, 0x00, 0x02, 0xff, 0x72, 0x00, 0x06, 0x91, 0x2f, 0xf0, 0x00,
    0x00, 0x00, 0x00, 0x40, 0x00, 0x00, 0x00, 0x00, 0x2f, 0xf0, 0x00, 0x00, 0x00, 0x00, 0x4f, 0xff, 0xff, 0xff, 0xff, 0xff,
    0xff, 0xff, 0xff, 0xe0, 0x00, 0x4f, 0xff, 0xff, 0xff, 0xff, 0xff, 0xff, 0xff, 0xff, 0xe0, 0x00, 0x4f, 0xe1, 0x11, 0x11,
    0x18, 0xb8, 0x11, 0x11, 0x11, 0x10, 0x00, 0x4f, 0xd0, 0x00, 0x00, 0x0e, 0xf8, 0x00, 0x00, 0x00, 0x00, 0x00, 0x4f, 0xd0,
    0x2d, 0xdd, 0xff, 0xfe, 0xdd, 0xdd, 0xd2, 0x00, 0x00, 0x4f, 0xd0, 0x2f, 0xff, 0xff, 0xff, 0xff, 0xff, 0xf2, 0x00, 0x00,
    0x4f, 0xd0, 0x2f, 0xf0, 0x00, 0x00, 0x00, 0x0f, 0xf2, 0x00, 0x00, 0x5f, 0xd0, 0x2f, 0xf0, 0x00, 0x00, 0x00, 0x0f, 0xf2,
    0x00, 0x00, 0x5f, 0xd0, 0x2f, 0xff, 0xff, 0xff, 0xff, 0xff, 0xf2, 0x00, 0x00, 0x6f, 0xc0, 0x2f, 0xf9, 0x99, 0x99, 0x99,
    0x9f, 0xf2, 0x00, 0x00, 0x7f, 0xb0, 0x2f, 0xf0, 0x00, 0x00, 0x00, 0x0f, 0xf2, 0x00, 0x00, 0x8f, 0xa0, 0x2f, 0xf8, 0x88,
    0xaa, 0x88, 0x8f, 0xf2, 0x00, 0x00, 0xaf, 0x80, 0x2f, 0xff, 0xff, 0xff, 0xff, 0xff, 0xf2, 0x00, 0x00, 0xcf, 0x60, 0x00,
    0x10, 0x02, 0xff, 0x00, 0x00, 0x00, 0x00, 0x00, 0xff, 0x30, 0x05, 0xfb, 0x12, 0xff, 0x04, 0xca, 0x00, 0x00, 0x03, 0xff,
    0x00, 0x2e, 0xf9, 0x02, 0xff, 0x02, 0xef, 0xa0, 0x00, 0x08, 0xfc, 0x02, 0xdf, 0xc1, 0x02, 0xff, 0x00, 0x3f, 0xf8, 0x00,
    0x0d, 0xf7, 0x2d, 0xfe, 0x20, 0x02, 0xff, 0x00, 0x06, 0xff, 0x70, 0x2d, 0xf2, 0x18, 0xe3, 0x0a, 0xee, 0xfe, 0x00, 0x00,
    0x9e, 0x70, 0x00, 0x40, 0x00, 0x10, 0x06, 0xff, 0xd6, 0x00, 0x00, 0x11, 0x00, 0x00, 0x00, 0x00, 0x00, 0x00, 0x10, 0x00,
    0x00, 0x00, 0x00, 0x00, 0x00, 0x00, 0x00, 0x00, 0x00, 0x00, 0x00, 0x00, 0x26, 0x30, 0x00, 0x00, 0x00, 0x00, 0x01, 0x23,
    0x56, 0x8a, 0xce, 0xff, 0xe3, 0x00, 0x00, 0x0a, 0xff, 0xff, 0xff, 0xff, 0xff, 0xff, 0xfc, 0x94, 0x00, 0x00, 0x08, 0xff,
    0xff, 0xed, 0xcb, 0x97, 0x53, 0x10, 0x00, 0x00, 0x00, 0x07, 0xff, 0x10, 0x00, 0x00, 0x00, 0x00, 0x00, 0x00, 0x00, 0x00,
    0x07, 0xfd, 0x00, 0x00, 0x00, 0x00, 0x00, 0x00, 0x00, 0x00, 0x00, 0x07, 0xff, 0x11, 0x11, 0x11, 0x11, 0x11, 0x13, 0x10,
    0x00, 0x00, 0x07, 0xff, 0xff, 0xff, 0xff, 0xff, 0xff, 0xff, 0xe5, 0x00, 0x00, 0x07, 0xff, 0xff, 0xff, 0xff, 0xff, 0xff,
    0xff, 0xf4, 0x00, 0x00, 0x08, 0xfe, 0x1b, 0xf9, 0x11, 0x11, 0x11, 0xcf, 0xe0, 0x00, 0x00, 0x08, 0xfc, 0x04, 0xfe, 0x10,
    0x00, 0x03, 0xff, 0x80, 0x00, 0x00, 0x09, 0xfb, 0x00, 0xcf, 0x90, 0x00, 0x0b, 0xfe, 0x10, 0x00, 0x00, 0x0b, 0xf9, 0x00,
    0x4f, 0xf4, 0x00, 0x6f, 0xf8, 0x00, 0x00, 0x00, 0x0d, 0xf7, 0x00, 0x0a, 0xfd, 0x23, 0xef, 0xd0, 0x00, 0x00, 0x00, 0x1f,
    0xf6, 0x00, 0x01, 0xdf, 0xff, 0xfe, 0x30, 0x00, 0x00, 0x00, 0x4f, 0xf3, 0x00, 0x00, 0x2f, 0xff, 0xf4, 0x00, 0x00, 0x00,
    0x00, 0x7f, 0xe0, 0x00, 0x01, 0xaf, 0xff, 0xf8, 0x10, 0x00, 0x00, 0x00, 0xcf, 0xa0, 0x02, 0x8e, 0xff, 0xef, 0xff, 0xe7,
    0x10, 0x00, 0x04, 0xff, 0x46, 0xbf, 0xff, 0xf7, 0x00, 0x7e, 0xff, 0xfb, 0x70, 0x0a, 0xfd, 0x07, 0xff, 0xe8, 0x10, 0x00,
    0x01, 0x8d, 0xff, 0x80, 0x00, 0x84, 0x00, 0x95, 0x10, 0x00, 0x00, 0x00, 0x00, 0x48, 0x00, 0x4a, 0xaa, 0xaa, 0xaa, 0xaa,
    0x60, 0x00, 0x00, 0x00, 0x00, 0x00, 0x7f, 0xff, 0xff, 0xff, 0xff, 0x92, 0x22, 0x22, 0x22, 0x30, 0x00, 0x39, 0xff, 0x77,
    0x7f, 0xfa, 0x9f, 0xff, 0xff, 0xff, 0xfe, 0x20, 0x02, 0xff, 0x00, 0x0f, 0xf3, 0x5f, 0xff, 0xff, 0xff, 0xff, 0x10, 0x02,
    0xff, 0x00, 0x0f, 0xf3, 0x04, 0xfb, 0x00, 0x05, 0xfd, 0x00, 0x02, 0xff, 0xff, 0xff, 0xf3, 0x02, 0xfe, 0x00, 0x07, 0xfb,
    0x00, 0x02, 0xff, 0xee, 0xef, 0xf3, 0x00, 0xef, 0x20, 0x0b, 0xf8, 0x00, 0x02, 0xff, 0x00, 0x0f, 0xf3, 0x00, 0xaf, 0x50,
    0x0e, 0xf4, 0x00, 0x02, 0xff, 0x00, 0x0f, 0xf3, 0x00, 0x6f, 0xa0, 0x4f, 0xf0, 0x00, 0x02, 0xff, 0x00, 0x0f, 0xf3, 0x00,
    0x2f, 0xe0, 0x9f, 0xb0, 0x00, 0x02, 0xff, 0xff, 0xff, 0xf3, 0x00, 0x0d, 0xf5, 0xef, 0x60, 0x00, 0x02, 0xff, 0xdd, 0xef,
    0xf3, 0x00, 0x07, 0xff, 0xfe, 0x10, 0x00, 0x02, 0xff, 0x00, 0x0f, 0xf3, 0x00, 0x02, 0xff, 0xf8, 0x00, 0x00, 0x02, 0xff,
    0x00, 0x0f, 0xf4, 0x30, 0x00, 0xff, 0xf2, 0x00, 0x00, 0x02, 0xff, 0x57, 0xaf, 0xff, 0xf0, 0x02, 0xff, 0xf5, 0x00, 0x00,
    0x7f, 0xff, 0xff, 0xff, 0xff, 0x90, 0x1c, 0xff, 0xfe, 0x20, 0x00, 0x6f, 0xfd, 0xa7, 0x5f, 0xf3, 0x00, 0xaf, 0xe4, 0xdf,
    0xd1, 0x00, 0x12, 0x00, 0x00, 0x0f, 0xf3, 0x1b, 0xff, 0x50, 0x3e, 0xfe, 0x40, 0x00, 0x00, 0x00, 0x0f, 0xf3, 0xaf, 0xf6,
    0x00, 0x04, 0xef, 0x90, 0x00, 0x00, 0x00, 0x0f, 0xf3, 0x1c, 0x30, 0x00, 0x00, 0x29, 0x00, 0x00, 0x00, 0x00, 0x00, 0x00,
    0x00, 0x00, 0x00, 0x00, 0x00, 0x00, 0x00, 0x00, 0x00, 0x00, 0x04, 0x82, 0x00, 0x00, 0x00, 0x00, 0x00, 0x00, 0x00, 0x00,
    0x00, 0x0c, 0xfa, 0x00, 0x00, 0x00, 0x00, 0x00, 0x03, 0x44, 0x44, 0x44, 0x48, 0xff, 0x54, 0x44, 0x44, 0x44, 0x00, 0x0c,
    0xff, 0xff, 0xff, 0xff, 0xff, 0xff, 0xff, 0xff, 0xff, 0x00, 0x09, 0xcc, 0xcc, 0xcf, 0xfe, 0xcc, 0xff, 0xec, 0xcc, 0xcc,
    0x00, 0x00, 0x00, 0x63, 0x0f, 0xf2, 0x00, 0xff, 0x20, 0x40, 0x00, 0x00, 0x00, 0x04, 0xfe, 0x1f, 0xf2, 0x00, 0xff, 0x28,
    0xfa, 0x00, 0x00, 0x00, 0x1d, 0xf7, 0x0f, 0xf2, 0x00, 0xff, 0x21, 0xcf, 0x80, 0x00, 0x00, 0xbf, 0xc0, 0x0f, 0xf2, 0x00,
    0xff, 0x20, 0x1d, 0xf5, 0x00, 0x05, 0xee, 0x20, 0x0f, 0xf2, 0x00, 0xff, 0x20, 0x03, 0xfa, 0x00, 0x00, 0x23, 0x00, 0x0f,
    0xf2, 0x00, 0xff, 0x20, 0x00, 0x40, 0x00, 0x00, 0x6e, 0xee, 0xef, 0xff, 0xee, 0xff, 0xff, 0xfb, 0x10, 0x00, 0x00, 0x6f,
    0xff, 0xff, 0xff, 0xff, 0xff, 0xff, 0xfd, 0x00, 0x00, 0x00, 0x00, 0x4f, 0xf4, 0x00, 0x00, 0x00, 0x9f, 0xf3, 0x00, 0x00,
    0x00, 0x00, 0x06, 0xff, 0x70, 0x00, 0x1b, 0xff, 0x40, 0x00, 0x00, 0x00, 0x00, 0x00, 0x6f, 0xfb, 0x36, 0xef, 0xe4, 0x00,
    0x00, 0x00, 0x00, 0x00, 0x00, 0x04, 0xff, 0xff, 0xfb, 0x10, 0x00, 0x00, 0x00, 0x00, 0x00, 0x14, 0x7c, 0xff, 0xff, 0xfd,
    0x85, 0x10, 0x00, 0x00, 0x18, 0xbd, 0xff, 0xff, 0xea, 0x57, 0xdf, 0xff, 0xfd, 0xb8, 0x30, 0x0b, 0xff, 0xfd, 0x95, 0x10,
    0x00, 0x04, 0x8c, 0xff, 0xfe, 0x10, 0x03, 0x64, 0x10, 0x00, 0x00, 0x00, 0x00, 0x00, 0x13, 0x54, 0x00, 0x04, 0x44, 0x44,
    0x44, 0x44, 0x44, 0x44, 0x44, 0x44, 0x44, 0x20, 0x0f, 0xff, 0xff, 0xff, 0xff, 0xff, 0xff, 0xff, 0xff, 0xff, 0x90, 0x0f,
    0xff, 0xff, 0xff, 0xff, 0xff, 0xff, 0xff, 0xff, 0xff, 0x90, 0x00, 0x00, 0x00, 0x00, 0x00, 0x00, 0x00, 0x02, 0xff, 0x00,
    0x00, 0x00, 0x00, 0x00, 0x00, 0x00, 0x00, 0x00, 0x02, 0xff, 0x00, 0x00, 0x00, 0x01, 0x21, 0x11, 0x11, 0x11, 0x00, 0x02,
    0xff, 0x00, 0x00, 0x00, 0x0e, 0xff, 0xff, 0xff, 0xff, 0x20, 0x02, 0xff, 0x00, 0x00, 0x00, 0x0e, 0xff, 0xff, 0xff, 0xff,
    0x20, 0x02, 0xff, 0x00, 0x00, 0x00, 0x0e, 0xf3, 0x11, 0x11, 0xff, 0x20, 0x02, 0xff, 0x00, 0x00, 0x00, 0x0e, 0xf2, 0x00,
    0x00, 0xff, 0x20, 0x02, 0xff, 0x00, 0x00, 0x00, 0x0e, 0xf2, 0x00, 0x00, 0xff, 0x20, 0x02, 0xff, 0x00, 0x00, 0x00, 0x0e,
    0xf2, 0x00, 0x00, 0xff, 0x20, 0x02, 0xff, 0x00, 0x00, 0x00, 0x0e, 0xff, 0xff, 0xff, 0xff, 0x20, 0x02, 0xff, 0x00, 0x00,
    0x00, 0x0e, 0xff, 0xff, 0xff, 0xff, 0x20, 0x02, 0xff, 0x00, 0x00, 0x00, 0x0e, 0xf4, 0x22, 0x22, 0x22, 0x00, 0x02, 0xff,
    0x00, 0x00, 0x00, 0x0c, 0xc2, 0x00, 0x00, 0x00, 0x00, 0x02, 0xff, 0x00, 0x00, 0x00, 0x00, 0x00, 0x00, 0x00, 0x00, 0x00,
    0x02, 0xff, 0x00, 0x00, 0x00, 0x00, 0x00, 0x00, 0x00, 0x03, 0x22, 0x25, 0xff, 0x00, 0x00, 0x00, 0x00, 0x00, 0x00, 0x00,
    0x0b, 0xff, 0xff, 0xfc, 0x00, 0x00, 0x00, 0x00, 0x00, 0x00, 0x00, 0x05, 0xff, 0xfe, 0xa2, 0x00, 0x00, 0x00, 0x00, 0x00,
    0x00, 0x00, 0x00, 0x11, 0x00, 0x00, 0x00, 0x00, 0x00, 0x05, 0xee, 0xee, 0xee, 0xee, 0xee, 0xee, 0xec, 0x00, 0x00, 0x00,
    0x05, 0xff, 0xff, 0xff, 0xff, 0xff, 0xff, 0xfc, 0x00, 0x00, 0x00, 0x05, 0xfd, 0x00, 0x00, 0x00, 0x00, 0x08, 0xfc, 0x00,
    0x00, 0x00, 0x05, 0xfd, 0x00, 0x00, 0x00, 0x00, 0x08, 0xfc, 0x00, 0x00, 0x00, 0x05, 0xfd, 0x00, 0x00, 0x00, 0x00, 0x08,
    0xfc, 0x00, 0x00, 0x00, 0x05, 0xff, 0xff, 0xff, 0xff, 0xff, 0xff, 0xfc, 0x00, 0x00, 0x00, 0x05, 0xee, 0xee, 0xee, 0xee,
    0xee, 0xee, 0xec, 0x00, 0x00, 0x00, 0x00, 0x00, 0x00, 0x00, 0x00, 0x00, 0x00, 0x00, 0x00, 0x00, 0x0f, 0xff, 0xff, 0xff,
    0xff, 0xff, 0xff, 0xff, 0xff, 0xff, 0x60, 0x0f, 0xff, 0xff, 0xff, 0xff, 0xff, 0xff, 0xff, 0xff, 0xff, 0x60, 0x00, 0x00,
    0x0d, 0xfa, 0x00, 0x00, 0x00, 0x00, 0x00, 0x00, 0x00, 0x00, 0x00, 0x3f, 0xf5, 0x00, 0x00, 0x00, 0x00, 0x00, 0x00, 0x00,
    0x00, 0x00, 0x8f, 0xff, 0xff, 0xff, 0xff, 0xff, 0xfd, 0x00, 0x00, 0x00, 0x00, 0xef, 0xff, 0xff, 0xff, 0xff, 0xff, 0xfb,
    0x00, 0x00, 0x00, 0x00, 0x01, 0x10, 0x00, 0x00, 0x00, 0x0c, 0xf9, 0x00, 0x00, 0x00, 0x00, 0x00, 0x00, 0x00, 0x00, 0x00,
    0x0e, 0xf6, 0x00, 0x00, 0x00, 0x00, 0x00, 0x00, 0x00, 0x00, 0x00, 0x4f, 0xf3, 0x00, 0x00, 0x00, 0x00, 0x00, 0x00, 0x01,
    0x10, 0x01, 0xbf, 0xe0, 0x00, 0x00, 0x00, 0x00, 0x00, 0x00, 0x07, 0xff, 0xff, 0xff, 0x70, 0x00, 0x00, 0x00, 0x00, 0x00,
    0x00, 0x02, 0xff, 0xff, 0xd8, 0x00, 0x00, 0x00, 0x00, 0x00, 0x00, 0x00, 0x00, 0x00, 0x00, 0x00, 0x00, 0x00, 0x00, 0x00,
    0x00, 0x00, 0x00, 0x00, 0x01, 0x00, 0x00, 0x00, 0x00, 0x00, 0x00, 0x00, 0x00, 0x00, 0x00, 0x5f, 0xa1, 0x00, 0x00, 0x00,
    0x00, 0x00, 0x00, 0x00, 0x00, 0x03, 0xff, 0xf0, 0x00, 0x00, 0x00, 0x00, 0x00, 0x00, 0x00, 0x00, 0x3e, 0xff, 0xf6, 0x00,
    0x00, 0x00, 0x00, 0x00, 0x00, 0x00, 0x06, 0xef, 0xdc, 0xff, 0x80, 0x00, 0x00, 0x00, 0x00, 0x00, 0x01, 0x9f, 0xfc, 0x10,
    0x9f, 0xfd, 0x30, 0x00, 0x00, 0x00, 0x00, 0x5d, 0xff, 0xa1, 0x00, 0x06, 0xef, 0xfa, 0x20, 0x00, 0x00, 0x4c, 0xff, 0xf7,
    0x11, 0x11, 0x11, 0x3c, 0xff, 0xfa, 0x30, 0x2d, 0xff, 0xff, 0xff, 0xff, 0xff, 0xff, 0xff, 0xfe, 0xff, 0xf5, 0x09, 0xfd,
    0x5b, 0xff, 0xff, 0xff, 0xff, 0xff, 0xb1, 0x7e, 0x90, 0x00, 0x50, 0x00, 0x00, 0x00, 0x00, 0x00, 0x00, 0x00, 0x01, 0x10,
    0x00, 0x00, 0x00, 0x00, 0x00, 0x00, 0x00, 0x00, 0x00, 0x00, 0x00, 0x00, 0x00, 0xff, 0xff, 0xff, 0xff, 0xff, 0xff, 0xff,
    0x60, 0x00, 0x00, 0x00, 0xff, 0xee, 0xee, 0xee, 0xee, 0xee, 0xff, 0x60, 0x00, 0x00, 0x00, 0xff, 0x20, 0x00, 0x00, 0x00,
    0x00, 0xff, 0x60, 0x00, 0x00, 0x00, 0xff, 0x20, 0x00, 0x00, 0x00, 0x00, 0xff, 0x60, 0x00, 0x00, 0x00, 0xff, 0x20, 0x00,
    0x00, 0x00, 0x00, 0xff, 0x60, 0x00, 0x00, 0x00, 0xff, 0x31, 0x11, 0x11, 0x11, 0x11, 0xff, 0x60, 0x00, 0x00, 0x00, 0xff,
    0xff, 0xff, 0xff, 0xff, 0xff, 0xff, 0x60, 0x00, 0x00, 0x00, 0xff, 0xff, 0xff, 0xff, 0xff, 0xff, 0xff, 0x60, 0x00, 0x00,
    0x00, 0xff, 0x20, 0x00, 0x00, 0x00, 0x00, 0xff, 0x60, 0x00, 0x00, 0x00, 0x11, 0x00, 0x00, 0x00, 0x00, 0x00, 0x00, 0x00,
    0x00, 0x00, 0x00, 0x00, 0x00, 0x00, 0x00, 0x00, 0x14, 0x79, 0x10, 0x00, 0x00, 0x00, 0x01, 0x24, 0x57, 0x8a, 0xce, 0xff,
    0xff, 0xc1, 0x00, 0x00, 0x3f, 0xff, 0xff, 0xff, 0xff, 0xff, 0xfd, 0xb8, 0x51, 0x00, 0x00, 0x2f, 0xff, 0xdc, 0xa9, 0x86,
    0x42, 0x00, 0x00, 0x00, 0x00, 0x00, 0x2f, 0xf2, 0x00, 0x00, 0x00, 0x00, 0x00, 0x00, 0x00, 0x00, 0x00, 0x2f, 0xf2, 0x00,
    0x00, 0x00, 0x00, 0x00, 0x00, 0x00, 0x00, 0x00, 0x2f, 0xf4, 0x22, 0x22, 0x22, 0x22, 0x22, 0x22, 0x22, 0x10, 0x00, 0x2f,
    0xff, 0xff, 0xff, 0xff, 0xff, 0xff, 0xff, 0xff, 0xd0, 0x00, 0x2f, 0xff, 0xff, 0xff, 0xff, 0xff, 0xff, 0xff, 0xff, 0xd0,
    0x00, 0x3f, 0xf2, 0x00, 0x00, 0x00, 0x00, 0x00, 0x00, 0x00, 0x00, 0x00, 0x3f, 0xf1, 0x00, 0x00, 0x00, 0x00, 0x00, 0x00,
    0x00, 0x00, 0x00, 0x4f, 0xf0, 0x3f, 0xff, 0xff, 0xff, 0xff, 0xff, 0xf5, 0x00, 0x00, 0x6f, 0xd0, 0x3f, 0xff, 0xff, 0xff,
    0xff, 0xff, 0xf5, 0x00, 0x00, 0x7f, 0xb0, 0x3f, 0xf1, 0x11, 0x11, 0x11, 0x1f, 0xf5, 0x00, 0x00, 0xaf, 0x90, 0x3f, 0xf0,
    0x00, 0x00, 0x00, 0x0f, 0xf5, 0x00, 0x00, 0xdf, 0x60, 0x3f, 0xf0, 0x00, 0x00, 0x00, 0x0f, 0xf5, 0x00, 0x03, 0xff, 0x30,
    0x3f, 0xf0, 0x00, 0x00, 0x00, 0x0f, 0xf5, 0x00, 0x09, 0xfd, 0x00, 0x3f, 0xf1, 0x11, 0x11, 0x11, 0x1f, 0xf5, 0x00, 0x2e,
    0xf8, 0x00, 0x3f, 0xff, 0xff, 0xff, 0xff, 0xff, 0xf5, 0x00, 0x7f, 0xf2, 0x00, 0x3f, 0xff, 0xff, 0xff, 0xff, 0xff, 0xf5,
    0x00, 0x08, 0x70, 0x00, 0x3f, 0xf0, 0x00, 0x00, 0x00, 0x0f, 0xf5, 0x00, 0x00, 0x00, 0x00, 0x01, 0x10, 0x00, 0x00, 0x00,
    0x00, 0x00, 0x00, 0x00, 0x00, 0x00, 0x00, 0x02, 0xbf, 0xaa, 0xaa, 0xaa, 0xaa, 0x30, 0x05, 0xff, 0xff, 0xff, 0x03, 0xff,
    0xff, 0xff, 0xff, 0xff, 0x50, 0x05, 0xff, 0xff, 0xff, 0x03, 0xff, 0x77, 0xff, 0x77, 0xef, 0x50, 0x05, 0xfc, 0x12, 0xff,
    0x03, 0xff, 0x00, 0xff, 0x00, 0xcf, 0x50, 0x05, 0xfc, 0x01, 0xff, 0x03, 0xff, 0x00, 0xff, 0x00, 0xcf, 0x50, 0x05, 0xfc,
    0x01, 0xff, 0x03, 0xff, 0x00, 0xff, 0x00, 0xcf, 0x50, 0x05, 0xfc, 0x01, 0xff, 0x03, 0xff, 0x00, 0xff, 0x00, 0xcf, 0x50,
    0x05, 0xfc, 0x01, 0xff, 0x03, 0xff, 0x00, 0xff, 0x00, 0xcf, 0x50, 0x05, 0xfc, 0x01, 0xff, 0x03, 0xff, 0x00, 0xff, 0x00,
    0xcf, 0x50, 0x05, 0xfc, 0x01, 0xff, 0x03, 0xff, 0xbb, 0xff, 0xcb, 0xff, 0x50, 0x05, 0xfc, 0x01, 0xff, 0x03, 0xff, 0xff,
    0xff, 0xff, 0xff, 0x50, 0x05, 0xfc, 0x01, 0xff, 0x03, 0xff, 0x66, 0x66, 0x66, 0xff, 0x50, 0x05, 0xff, 0xff, 0xff, 0x03,
    0xff, 0x00, 0x00, 0x00, 0x9b, 0x40, 0x05, 0xff, 0xff, 0xff, 0x03, 0xff, 0x00, 0x00, 0x00, 0x00, 0x00, 0x05, 0xfc, 0x11,
    0x11, 0x03, 0xff, 0x00, 0x00, 0x00, 0x04, 0x00, 0x05, 0xfc, 0x00, 0x00, 0x03, 0xff, 0x00, 0x00, 0x00, 0x0d, 0xe2, 0x00,
    0x11, 0x00, 0x00, 0x03, 0xff, 0x00, 0x00, 0x00, 0x0e, 0xf1, 0x00, 0x00, 0x00, 0x00, 0x01, 0xff, 0x41, 0x11, 0x11, 0x6f,
    0xe0, 0x00, 0x00, 0x00, 0x00, 0x00, 0xdf, 0xff, 0xff, 0xff, 0xff, 0x90, 0x00, 0x00, 0x00, 0x00, 0x00, 0x3b, 0xef, 0xff,
    0xff, 0xea, 0x10, 0x00, 0x00, 0x00, 0x00, 0x00, 0x00, 0x00, 0x00, 0x00, 0x00, 0x00, 0x00, 0x00, 0x00, 0x00, 0x07, 0xdb,
    0x00, 0x00, 0x00, 0x00, 0x00, 0x00, 0x00, 0x00, 0x00, 0x05, 0xff, 0x30, 0x00, 0x00, 0x00, 0x00, 0x00, 0x00, 0x00, 0x00,
    0x00, 0xdf, 0x90, 0x00, 0x00, 0x00, 0x00, 0x00, 0x0d, 0xff, 0xff, 0xff, 0xff, 0xff, 0xff, 0xff, 0xf2, 0x00, 0x00, 0x0d,
    0xff, 0xff, 0xff, 0xff, 0xff, 0xff, 0xff, 0xf2, 0x00, 0x00, 0x0d, 0xf7, 0x11, 0x11, 0x11, 0x11, 0x11, 0x1f, 0xf2, 0x00,
    0x00, 0x0d, 0xf6, 0x00, 0x00, 0x00, 0x00, 0x00, 0x0f, 0xf2, 0x00, 0x00, 0x0d, 0xf6, 0x00, 0x00, 0x00, 0x00, 0x00, 0x0f,
    0xf2, 0x00, 0x00, 0x0d, 0xff, 0xff, 0xff, 0xff, 0xff, 0xff, 0xff, 0xf2, 0x00, 0x00, 0x0d, 0xff, 0xff, 0xff, 0xff, 0xff,
    0xff, 0xff, 0xf2, 0x00, 0x00, 0x0e, 0xf6, 0x11, 0x11, 0x11, 0x11, 0x11, 0x11, 0x10, 0x00, 0x00, 0x0e, 0xf4, 0x00, 0x00,
    0x00, 0x00, 0x00, 0x00, 0x00, 0x00, 0x00, 0x1f, 0xf3, 0xef, 0xff, 0xff, 0xff, 0xff, 0xff, 0xfa, 0x00, 0x00, 0x3f, 0xf1,
    0xef, 0xff, 0xff, 0xff, 0xff, 0xff, 0xfa, 0x00, 0x00, 0x5f, 0xe0, 0xef, 0x41, 0x11, 0x11, 0x11, 0x19, 0xfa, 0x00, 0x00,
    0x8f, 0xb0, 0xef, 0x40, 0x00, 0x00, 0x00, 0x09, 0xfa, 0x00, 0x00, 0xcf, 0x80, 0xef, 0x40, 0x00, 0x00, 0x00, 0x09, 0xfa,
    0x00, 0x02, 0xff, 0x30, 0xef, 0x40, 0x00, 0x00, 0x00, 0x09, 0xfa, 0x00, 0x09, 0xfd, 0x00, 0xff, 0xff, 0xff, 0xff, 0xff,
    0xff, 0xfa, 0x00, 0x3f, 0xf6, 0x00, 0xff, 0xff, 0xff, 0xff, 0xff, 0xff, 0xfa, 0x00, 0x08, 0xc0, 0x00, 0xef, 0x40, 0x00,
    0x00, 0x00, 0x09, 0xfa, 0x00, 0x00, 0x10, 0x00, 0x00, 0x00, 0x00, 0x00, 0x00, 0x00, 0x00, 0x00, 0x00, 0x00, 0x0a, 0x92,
    0x00, 0x2f, 0xf0, 0x00, 0x00, 0x00, 0x00, 0x00, 0x00, 0x2f, 0xf2, 0x00, 0x2f, 0xf0, 0x00, 0x00, 0x00, 0x00, 0x00, 0x00,
    0x9f, 0xa0, 0x00, 0x2f, 0xf0, 0x00, 0x00, 0x00, 0x00, 0x00, 0x01, 0xff, 0xff, 0xff, 0xff, 0xff, 0xff, 0xff, 0xf9, 0x00,
    0x00, 0x0a, 0xff, 0xff, 0xff, 0xff, 0xff, 0xff, 0xff, 0xf9, 0x00, 0x00, 0x5f, 0xf3, 0x11, 0x11, 0x3f, 0xf1, 0x11, 0x11,
    0x10, 0x00, 0x01, 0xdf, 0x60, 0x00, 0x00, 0x2f, 0xf0, 0x00, 0x00, 0x00, 0x00, 0x00, 0x17, 0x00, 0x00, 0x00, 0x2f, 0xf0,
    0x00, 0x00, 0x00, 0x00, 0x03, 0xff, 0xff, 0xff, 0xff, 0xff, 0xff, 0xff, 0xff, 0xff, 0xf1, 0x03, 0xff, 0xff, 0xff, 0xff,
    0xff, 0xff, 0xff, 0xff, 0xff, 0xf1, 0x00, 0x00, 0x00, 0x00, 0x00, 0x00, 0x00, 0x00, 0x00, 0x00, 0x00, 0x00, 0x00, 0x00,
    0x00, 0x00, 0x00, 0x00, 0x00, 0x00, 0x00, 0x00, 0x00, 0x00, 0xff, 0xff, 0xff, 0xff, 0xff, 0xff, 0xff, 0x50, 0x00, 0x00,
    0x00, 0xff, 0xff, 0xff, 0xff, 0xff, 0xff, 0xff, 0x50, 0x00, 0x00, 0x00, 0xff, 0x21, 0x11, 0x11, 0x11, 0x11, 0xff, 0x50,
    0x00, 0x00, 0x00, 0xff, 0x20, 0x00, 0x00, 0x00, 0x00, 0xff, 0x50, 0x00, 0x00, 0x00, 0xff, 0x20, 0x00, 0x00, 0x00, 0x00,
    0xff, 0x50, 0x00, 0x00, 0x00, 0xff, 0x31, 0x11, 0x11, 0x11, 0x11, 0xff, 0x50, 0x00, 0x00, 0x00, 0xff, 0xff, 0xff, 0xff,
    0xff, 0xff, 0xff, 0x50, 0x00, 0x00, 0x00, 0xff, 0xff, 0xff, 0xff, 0xff, 0xff, 0xff, 0x50, 0x00, 0x00, 0x00, 0xff, 0x20,
    0x00, 0x00, 0x00, 0x00, 0xff, 0x50, 0x00, 0x00, 0x00, 0x11, 0x00, 0x00, 0x00, 0x00, 0x00, 0x00, 0x00, 0x00, 0x00, 0x00,
    0x00, 0x00, 0x00, 0x00, 0x00, 0x02, 0x47, 0xbb, 0x00, 0x00, 0x12, 0x11, 0x11, 0x26, 0x89, 0xbd, 0xef, 0xff, 0xff, 0x80,
    0x02, 0xff, 0xff, 0xff, 0x2f, 0xff, 0xff, 0xff, 0xa8, 0x52, 0x00, 0x02, 0xff, 0xff, 0xff, 0x05, 0x43, 0x23, 0xff, 0x00,
    0x00, 0x00, 0x02, 0xfc, 0x00, 0xff, 0x05, 0xa1, 0x02, 0xff, 0x00, 0x6e, 0x90, 0x02, 0xfc, 0x00, 0xff, 0x09, 0xf8, 0x02,
    0xff, 0x00, 0xaf, 0x90, 0x02, 0xfc, 0x00, 0xff, 0x03, 0xfe, 0x02, 0xff, 0x01, 0xff, 0x20, 0x02, 0xfc, 0x00, 0xff, 0x00,
    0xdf, 0x42, 0xff, 0x06, 0xfb, 0x00, 0x02, 0xfc, 0x00, 0xff, 0x00, 0x9f, 0x82, 0xff, 0x0d, 0xf4, 0x00, 0x02, 0xfc, 0x00,
    0xff, 0x00, 0x46, 0x12, 0xff, 0x05, 0x70, 0x00, 0x02, 0xfc, 0x00, 0xff, 0x5c, 0xcc, 0xcf, 0xff, 0xcc, 0xcc, 0xc7, 0x02,
    0xfe, 0x11, 0xff, 0x6f, 0xff, 0xff, 0xff, 0xff, 0xff, 0xf8, 0x02, 0xff, 0xff, 0xff, 0x13, 0x33, 0x35, 0xff, 0x33, 0x33,
    0x32, 0x02, 0xff, 0xff, 0xff, 0x00, 0x00, 0x02, 0xff, 0x00, 0x00, 0x00, 0x02, 0xfc, 0x00, 0x00, 0x00, 0x00, 0x02, 0xff,
    0x00, 0x00, 0x00, 0x02, 0xeb, 0x00, 0x00, 0x00, 0x00, 0x02, 0xff, 0x00, 0x00, 0x00, 0x00, 0x00, 0x00, 0x00, 0x00, 0x00,
    0x02, 0xff, 0x00, 0x00, 0x00, 0x00, 0x00, 0x00, 0x00, 0x00, 0x12, 0x14, 0xff, 0x00, 0x00, 0x00, 0x00, 0x00, 0x00, 0x00,
    0x00, 0x5f, 0xff, 0xfd, 0x00, 0x00, 0x00, 0x00, 0x00, 0x00, 0x00, 0x00, 0x0e, 0xfe, 0xb3, 0x00, 0x00, 0x00, 0x00, 0x00,
    0x00, 0x37, 0xb9, 0x00, 0x00, 0x00, 0x00, 0x00, 0x00, 0x03, 0x58, 0xbf, 0xff, 0xff, 0x52, 0x22, 0x22, 0x22, 0x22, 0x00,
    0x0b, 0xff, 0xff, 0xfc, 0x62, 0x0c, 0xff, 0xff, 0xff, 0xff, 0x10, 0x04, 0x86, 0x3f, 0xf2, 0x00, 0x0c, 0xff, 0xff, 0xff,
    0xff, 0x10, 0x00, 0x00, 0x0f, 0xf2, 0x00, 0x0c, 0xf5, 0x00, 0x02, 0xff, 0x10, 0x01, 0x11, 0x1f, 0xf3, 0x11, 0x1c, 0xf5,
    0x00, 0x02, 0xff, 0x10, 0x1f, 0xff, 0xff, 0xff, 0xff, 0xac, 0xf5, 0x00, 0x02, 0xff, 0x10, 0x1f, 0xff, 0xff, 0xff, 0xff,
    0xac, 0xf5, 0x00, 0x02, 0xff, 0x10, 0x00, 0x00, 0xcf, 0xf6, 0x00, 0x0c, 0xf5, 0x00, 0x02, 0xff, 0x10, 0x00, 0x03, 0xff,
    0xff, 0x30, 0x0c, 0xf5, 0x00, 0x02, 0xff, 0x10, 0x00, 0x0a, 0xff, 0xff, 0xd2, 0x0c, 0xf5, 0x00, 0x02, 0xff, 0x10, 0x00,
    0x3f, 0xcf, 0xfa, 0xfc, 0x1c, 0xf5, 0x00, 0x02, 0xff, 0x10, 0x00, 0xcf, 0x6f, 0xf3, 0xcf, 0x7c, 0xf5, 0x00, 0x02, 0xff,
    0x10, 0x07, 0xfd, 0x0f, 0xf2, 0x2d, 0x1c, 0xf5, 0x00, 0x02, 0xff, 0x10, 0x4f, 0xf5, 0x0f, 0xf2, 0x01, 0x0c, 0xf6, 0x11,
    0x13, 0xff, 0x10, 0x4f, 0xb0, 0x0f, 0xf2, 0x00, 0x0c, 0xff, 0xff, 0xff, 0xff, 0x10, 0x09, 0x10, 0x0f, 0xf2, 0x00, 0x0c,
    0xff, 0xff, 0xff, 0xff, 0x10, 0x00, 0x00, 0x0f, 0xf2, 0x00, 0x0c, 0xf7, 0x11, 0x14, 0xff, 0x10, 0x00, 0x00, 0x0f, 0xf2,
    0x00, 0x0a, 0xd5, 0x00, 0x02, 0xbb, 0x10, 0x00, 0x00, 0x0f, 0xf2, 0x00, 0x00, 0x00, 0x00, 0x00, 0x00, 0x00, 0x00, 0x00,
    0x00, 0x00, 0x05, 0x50, 0x00, 0x03, 0x71, 0x00, 0x00, 0x00, 0x00, 0x00, 0x00, 0x0f, 0xe0, 0x00, 0x09, 0xf6, 0x00, 0x00,
    0x05, 0xb6, 0x66, 0x00, 0x0f, 0xe0, 0x00, 0x04, 0xfb, 0x00, 0x00, 0x0c, 0xff, 0xff, 0x00, 0x0f, 0xe0, 0x00, 0x01, 0xfe,
    0x00, 0x00, 0x0c, 0xf9, 0xef, 0x00, 0x0f, 0xe0, 0x09, 0x99, 0xc9, 0x99, 0x60, 0x0c, 0xf0, 0xdf, 0x0b, 0xff, 0xff, 0x8f,
    0xff, 0xff, 0xff, 0xb0, 0x0c, 0xf0, 0xdf, 0x0b, 0xef, 0xfe, 0x85, 0x55, 0x55, 0x55, 0x40, 0x0c, 0xf0, 0xdf, 0x00, 0x0f,
    0xe0, 0x04, 0x81, 0x00, 0xab, 0x20, 0x0c, 0xf0, 0xdf, 0x00, 0x0f, 0xe0, 0x08, 0xf4, 0x00, 0xdf, 0x20, 0x0c, 0xf0, 0xdf,
    0x00, 0x0f, 0xe0, 0x05, 0xf7, 0x00, 0xef, 0x00, 0x0c, 0xf0, 0xdf, 0x00, 0x0f, 0xfc, 0x93, 0xf9, 0x01, 0xfd, 0x00, 0x0c,
    0xf0, 0xdf, 0x06, 0xbf, 0xff, 0x92, 0xfb, 0x03, 0xfb, 0x00, 0x0c, 0xf0, 0xdf, 0x0d, 0xff, 0xf3, 0x00, 0xfc, 0x05, 0xf9,
    0x00, 0x0c, 0xff, 0xff, 0x06, 0x6f, 0xe0, 0x00, 0xee, 0x07, 0xf6, 0x00, 0x0c, 0xff, 0xff, 0x00, 0x0f, 0xe0, 0x00, 0xcf,
    0x09, 0xf4, 0x00, 0x0c, 0xf1, 0x11, 0x00, 0x0f, 0xe0, 0x00, 0xbf, 0x1b, 0xf1, 0x00, 0x0c, 0xf0, 0x00, 0x00, 0x0f, 0xe0,
    0x00, 0xbf, 0x1e, 0xd0, 0x00, 0x01, 0x10, 0x00, 0x00, 0x0f, 0xe0, 0x00, 0x32, 0x1f, 0xa0, 0x00, 0x00, 0x00, 0x00, 0x00,
    0x0f, 0xe2, 0xee, 0xee, 0xff, 0xfe, 0xe1, 0x00, 0x00, 0x00, 0x1e, 0xff, 0xd2, 0xff, 0xff, 0xff, 0xff, 0xf1, 0x00, 0x00,
    0x00, 0x08, 0xec, 0x40, 0x00, 0x00, 0x00, 0x00, 0x00, 0x00, 0x00, 0x00, 0x00, 0x02, 0xaa, 0x10, 0x00, 0x00, 0x00, 0x00,
    0x01, 0x44, 0x44, 0x44, 0x48, 0xff, 0x54, 0x44, 0x44, 0x44, 0x20, 0x05, 0xff, 0xff, 0xff, 0xff, 0xff, 0xff, 0xff, 0xff,
    0xff, 0x60, 0x01, 0x33, 0x33, 0x33, 0x36, 0xff, 0x43, 0x33, 0x33, 0x33, 0x10, 0x00, 0x09, 0xbb, 0xbb, 0xbe, 0xff, 0xcb,
    0xbb, 0xbb, 0xb0, 0x00, 0x00, 0x0b, 0xff, 0xff, 0xff, 0xff, 0xff, 0xff, 0xff, 0xe0, 0x00, 0x00, 0x00, 0x00, 0x00, 0x00,
    0x00, 0x00, 0x00, 0x00, 0x00, 0x00, 0x00, 0x00, 0xcf, 0xff, 0xff, 0xff, 0xff, 0xff, 0xfe, 0x00, 0x00, 0x00, 0x00, 0xcf,
    0x97, 0x77, 0x77, 0x77, 0x79, 0xfe, 0x00, 0x00, 0x00, 0x00, 0xcf, 0x62, 0x22, 0x22, 0x22, 0x26, 0xfe, 0x00, 0x00, 0x00,
    0x00, 0xcf, 0xff, 0xff, 0xff, 0xff, 0xff, 0xfe, 0x00, 0x00, 0x00, 0x00, 0x36, 0xef, 0x54, 0x44, 0x45, 0xff, 0x94, 0x00,
    0x00, 0x00, 0x00, 0x01, 0xef, 0x60, 0x00, 0x07, 0xfd, 0x10, 0x00, 0x00, 0x1f, 0xff, 0xff, 0xff, 0xff, 0xff, 0xff, 0xff,
    0xff, 0xff, 0xf0, 0x1d, 0xdd, 0xdd, 0xdd, 0xdd, 0xdd, 0xdd, 0xdd, 0xdd, 0xdd, 0xd0, 0x00, 0x02, 0x88, 0x88, 0x88, 0x88,
    0x88, 0x88, 0x88, 0x30, 0x00, 0x00, 0x03, 0xff, 0xff, 0xff, 0xff, 0xff, 0xff, 0xff, 0x60, 0x00, 0x00, 0x03, 0xff, 0x00,
    0x00, 0x00, 0x00, 0x00, 0xdf, 0x60, 0x00, 0x00, 0x03, 0xff, 0x88, 0x88, 0x88, 0x88, 0x88, 0xff, 0x60, 0x00, 0x00, 0x03,
    0xff, 0xff, 0xff, 0xff, 0xff, 0xff, 0xff, 0x60, 0x00, 0x00, 0x03, 0xff, 0x00, 0x00, 0x00, 0x00, 0x00, 0xdf, 0x60, 0x00,
    0x00, 0x00, 0x00, 0x00, 0x00, 0x00, 0x00, 0x00, 0x00, 0x00, 0x00, 0x04, 0xff, 0xff, 0xff, 0xff, 0xff, 0xff, 0xff, 0xff,
    0xff, 0x60, 0x04, 0xff, 0xff, 0xff, 0xff, 0xff, 0xff, 0xff, 0xff, 0xff, 0x60, 0x04, 0xff, 0x22, 0x22, 0x22, 0x22, 0x22,
    0x22, 0x23, 0xff, 0x60, 0x04, 0xff, 0x00, 0x00, 0x00, 0x00, 0x00, 0x00, 0x00, 0xff, 0x60, 0x04, 0xff, 0x00, 0x00, 0x00,
    0x00, 0x00, 0x00, 0x00, 0xff, 0x60, 0x04, 0xff, 0x00, 0x1e, 0xee, 0xee, 0xee, 0xe2, 0x00, 0xff, 0x60, 0x04, 0xff, 0x00,
    0x1f, 0xff, 0xff, 0xff, 0xf2, 0x00, 0xff, 0x60, 0x04, 0xff, 0x00, 0x1f, 0xf0, 0x00, 0x0f, 0xf2, 0x00, 0xff, 0x60, 0x04,
    0xff, 0x00, 0x1f, 0xf0, 0x00, 0x0f, 0xf2, 0x00, 0xff, 0x60, 0x04, 0xff, 0x00, 0x1f, 0xf0, 0x00, 0x0f, 0xf2, 0x00, 0xff,
    0x60, 0x04, 0xff, 0x00, 0x1f, 0xf0, 0x00, 0x0f, 0xf2, 0x00, 0xff, 0x60, 0x04, 0xff, 0x00, 0x1f, 0xf0, 0x00, 0x0f, 0xf2,
    0x00, 0xff, 0x60, 0x04, 0xff, 0x00, 0x1f, 0xff, 0xff, 0xff, 0xf2, 0x00, 0xff, 0x60, 0x04, 0xff, 0x00, 0x1e, 0xee, 0xee,
    0xee, 0xe2, 0x00, 0xff, 0x60, 0x04, 0xff, 0x00, 0x00, 0x00, 0x00, 0x00, 0x00, 0x00, 0xff, 0x60, 0x04, 0xff, 0x00, 0x00,
    0x00, 0x00, 0x00, 0x00, 0x00, 0xff, 0x60, 0x04, 0xff, 0x11, 0x11, 0x11, 0x11, 0x11, 0x11, 0x12, 0xff, 0x60, 0x04, 0xff,
    0xff, 0xff, 0xff, 0xff, 0xff, 0xff, 0xff, 0xff, 0x60, 0x04, 0xff, 0xff, 0xff, 0xff, 0xff, 0xff, 0xff, 0xff, 0xff, 0x60,
    0x04, 0xff, 0x00, 0x00, 0x00, 0x00, 0x00, 0x00, 0x00, 0xff, 0x60, 0x04, 0xff, 0xff, 0xff, 0xff, 0xff, 0xff, 0xff, 0xff,
    0xff, 0x40, 0x04, 0xff, 0xff, 0xff, 0xff, 0xff, 0xff, 0xff, 0xff, 0xff, 0x40, 0x04, 0xff, 0x11, 0x11, 0x11, 0x11, 0x11,
    0x11, 0x12, 0xff, 0x40, 0x04, 0xff, 0x00, 0x00, 0x00, 0x01, 0x88, 0x00, 0x01, 0xff, 0x40, 0x04, 0xff, 0x00, 0x00, 0x00,
    0x02, 0xff, 0x00, 0x01, 0xff, 0x40, 0x04, 0xff, 0x00, 0x00, 0x00, 0x02, 0xff, 0x00, 0x01, 0xff, 0x40, 0x04, 0xff, 0x0c,
    0xff, 0xff, 0xff, 0xff, 0xff, 0xf1, 0xff, 0x40, 0x04, 0xff, 0x0c, 0xff, 0xff, 0xff, 0xff, 0xff, 0xf1, 0xff, 0x40, 0x04,
    0xff, 0x00, 0x00, 0x00, 0x6f, 0xff, 0x00, 0x01, 0xff, 0x40, 0x04, 0xff, 0x00, 0x00, 0x06, 0xff, 0xff, 0x00, 0x01, 0xff,
    0x40, 0x04, 0xff, 0x00, 0x00, 0x9f, 0xfa, 0xff, 0x00, 0x01, 0xff, 0x40, 0x04, 0xff, 0x00, 0x2b, 0xff, 0x62, 0xff, 0x00,
    0x01, 0xff, 0x40, 0x04, 0xff, 0x07, 0xef, 0xe4, 0x02, 0xff, 0x00, 0x01, 0xff, 0x40, 0x04, 0xff, 0x1b, 0xfa, 0x10, 0x02,
    0xff, 0x00, 0x01, 0xff, 0x40, 0x04, 0xff, 0x00, 0x30, 0x04, 0xcc, 0xfe, 0x00, 0x01, 0xff, 0x40, 0x04, 0xff, 0x00, 0x00,
    0x01, 0xff, 0xe7, 0x00, 0x01, 0xff, 0x40, 0x04, 0xff, 0x00, 0x00, 0x00, 0x11, 0x00, 0x00, 0x01, 0xff, 0x40, 0x04, 0xff,
    0xff, 0xff, 0xff, 0xff, 0xff, 0xff, 0xff, 0xff, 0x40, 0x04, 0xff, 0xff, 0xff, 0xff, 0xff, 0xff, 0xff, 0xff, 0xff, 0x40,
    0x04, 0xff, 0x00, 0x00, 0x00, 0x00, 0x00, 0x00, 0x01, 0xff, 0x40, 0x00, 0x00, 0x00, 0x00, 0x31, 0x00, 0x00, 0x00, 0x00,
    0x00, 0x00, 0x00, 0x00, 0x00, 0x00, 0xdf, 0x70, 0x00, 0x00, 0x00, 0x00, 0x00, 0x00, 0x00, 0x00, 0x03, 0xff, 0x30, 0x00,
    0x00, 0x00, 0x00, 0x00, 0x01, 0x22, 0x22, 0x2a, 0xff, 0x22, 0x22, 0x22, 0x22, 0x22, 0x20, 0x07, 0xff, 0xff, 0xff, 0xff,
    0xff, 0xff, 0xff, 0xff, 0xff, 0xf0, 0x07, 0xff, 0xff, 0xff, 0xff, 0xff, 0xff, 0xff, 0xff, 0xff, 0xf0, 0x00, 0x00, 0x00,
    0xdf, 0x80, 0x00, 0x00, 0x00, 0x00, 0x00, 0x00, 0x00, 0x00, 0x07, 0xfe, 0x10, 0x00, 0x0f, 0xf3, 0x00, 0x00, 0x00, 0x00,
    0x00, 0x3f, 0xf7, 0x00, 0x00, 0x0f, 0xf3, 0x00, 0x00, 0x00, 0x00, 0x01, 0xff, 0xd0, 0x00, 0x00, 0x0f, 0xf3, 0x00, 0x00,
    0x00, 0x00, 0x0b, 0xff, 0x60, 0x11, 0x11, 0x1f, 0xf4, 0x11, 0x11, 0x00, 0x01, 0xbf, 0xff, 0x40, 0xaf, 0xff, 0xff, 0xff,
    0xff, 0xfd, 0x00, 0x0d, 0xff, 0xff, 0x40, 0xaf, 0xff, 0xff, 0xff, 0xff, 0xfd, 0x00, 0x09, 0xf6, 0xef, 0x40, 0x00, 0x00,
    0x0f, 0xf3, 0x00, 0x00, 0x00, 0x02, 0x40, 0xef, 0x40, 0x00, 0x00, 0x0f, 0xf3, 0x00, 0x00, 0x00, 0x00, 0x00, 0xef, 0x40,
    0x00, 0x00, 0x0f, 0xf3, 0x00, 0x00, 0x00, 0x00, 0x00, 0xef, 0x40, 0x00, 0x00, 0x0f, 0xf3, 0x00, 0x00, 0x00, 0x00, 0x00,
    0xef, 0x40, 0x00, 0x00, 0x0f, 0xf3, 0x00, 0x00, 0x00, 0x00, 0x00, 0xef, 0x48, 0xff, 0xff, 0xff, 0xff, 0xff, 0xff, 0xe0,
    0x00, 0x00, 0xef, 0x48, 0xff, 0xff, 0xff, 0xff, 0xff, 0xff, 0xe0, 0x00, 0x00, 0xef, 0x48, 0xff, 0xff, 0xff, 0xff, 0xff,
    0xff, 0xe0, 0x00, 0x00, 0x00, 0x00, 0x01, 0x99, 0x00, 0x00, 0x00, 0x00, 0x00, 0x00, 0x00, 0x1c, 0xa2, 0x02, 0xff, 0x00,
    0x04, 0xa7, 0x00, 0x00, 0x00, 0x00, 0x4f, 0xf0, 0x02, 0xff, 0x00, 0x08, 0xfb, 0x00, 0x00, 0x00, 0x00, 0x8f, 0xb0, 0x02,
    0xff, 0x00, 0x0c, 0xf7, 0x00, 0x00, 0x00, 0x00, 0xef, 0x80, 0x02, 0xff, 0x00, 0x3f, 0xf2, 0x00, 0x00, 0x00, 0x05, 0xff,
    0xd1, 0x02, 0xff, 0x00, 0xaf, 0xf3, 0x00, 0x00, 0x00, 0x0c, 0xff, 0xfb, 0x12, 0xff, 0x03, 0xff, 0xfe, 0x40, 0x00, 0x00,
    0x6f, 0xf5, 0xef, 0xb2, 0xff, 0x1c, 0xfc, 0xbf, 0xe4, 0x00, 0x04, 0xff, 0x90, 0x4f, 0xf7, 0xff, 0xcf, 0xf3, 0x1b, 0xfe,
    0x30, 0x1e, 0xfd, 0x10, 0x06, 0xa2, 0xff, 0xdf, 0x60, 0x01, 0xcf, 0xb0, 0x03, 0xc2, 0x00, 0x00, 0x02, 0xff, 0x25, 0x00,
    0x00, 0x1b, 0x20, 0x00, 0x00, 0x00, 0x00, 0x02, 0xff, 0x00, 0x00, 0x00, 0x00, 0x00, 0x00, 0x4f, 0xff, 0xff, 0xff, 0xff,
    0xff, 0xff, 0xff, 0xf5, 0x00, 0x00, 0x4f, 0xff, 0xff, 0xff, 0xff, 0xff, 0xff, 0xff, 0xf5, 0x00, 0x00, 0x02, 0x22, 0x22,
    0x24, 0xff, 0x22, 0x22, 0x22, 0x21, 0x00, 0x00, 0x00, 0x00, 0x00, 0x02, 0xff, 0x00, 0x00, 0x00, 0x00, 0x00, 0x00, 0x00,
    0x00, 0x00, 0x02, 0xff, 0x00, 0x00, 0x00, 0x00, 0x00, 0x00, 0x00, 0x00, 0x00, 0x02, 0xff, 0x00, 0x00, 0x00, 0x00, 0x00,
    0x0d, 0xff, 0xff, 0xff, 0xff, 0xff, 0xff, 0xff, 0xff, 0xff, 0xe0, 0x0d, 0xff, 0xff, 0xff, 0xff, 0xff, 0xff, 0xff, 0xff,
    0xff, 0xe0, 0x02, 0x22, 0x22, 0x22, 0x22, 0x22, 0x22, 0x22, 0x22, 0x22, 0x20, 0x00, 0x00, 0x55, 0x00, 0x00, 0x00, 0x16,
    0x60, 0x00, 0x00, 0x00, 0x00, 0x01, 0xff, 0x00, 0x00, 0x00, 0x2f, 0xf0, 0x00, 0x00, 0x00, 0x00, 0x01, 0xff, 0x00, 0x00,
    0x00, 0x2f, 0xf0, 0x00, 0x00, 0x00, 0x00, 0x01, 0xff, 0x00, 0x00, 0x00, 0x2f, 0xf0, 0x00, 0x00, 0x00, 0x00, 0x01, 0xff,
    0x00, 0x09, 0xcc, 0xef, 0xfc, 0xcc, 0xcc, 0x00, 0x01, 0x23, 0xff, 0x22, 0x0b, 0xff, 0xff, 0xff, 0xff, 0xff, 0x00, 0x08,
    0xff, 0xff, 0xff, 0x44, 0x66, 0x8f, 0xf6, 0x66, 0xff, 0x00, 0x08, 0xff, 0xff, 0xff, 0x40, 0x00, 0x2f, 0xf0, 0x01, 0xff,
    0x00, 0x00, 0x01, 0xff, 0x00, 0x00, 0x00, 0x2f, 0xf0, 0x01, 0xff, 0x00, 0x00, 0x01, 0xff, 0x00, 0x00, 0x00, 0x3f, 0xe0,
    0x01, 0xff, 0x00, 0x00, 0x01, 0xff, 0x00, 0x3f, 0xff, 0xff, 0xff, 0xff, 0xff, 0xf7, 0x00, 0x01, 0xff, 0x00, 0x4f, 0xff,
    0xff, 0xff, 0xff, 0xff, 0xf7, 0x00, 0x01, 0xff, 0x6d, 0x62, 0x22, 0xaf, 0xff, 0x72, 0x22, 0x21, 0x00, 0x02, 0xff, 0xff,
    0x90, 0x00, 0xcf, 0xef, 0xa0, 0x00, 0x00, 0x02, 0x8f, 0xff, 0xfd, 0x50, 0x03, 0xff, 0x4f, 0xf3, 0x00, 0x00, 0x0c, 0xff,
    0xff, 0x60, 0x00, 0x0b, 0xfd, 0x0a, 0xfb, 0x00, 0x00, 0x07, 0xfd, 0x60, 0x00, 0x00, 0x7f, 0xf5, 0x03, 0xff, 0x60, 0x00,
    0x01, 0x50, 0x00, 0x00, 0x06, 0xff, 0xa0, 0x00, 0x9f, 0xf5, 0x00, 0x00, 0x00, 0x00, 0x01, 0x9f, 0xfc, 0x10, 0x00, 0x1d,
    0xff, 0x81, 0x00, 0x00, 0x00, 0x3e, 0xff, 0xa1, 0x00, 0x00, 0x02, 0xdf, 0xf8, 0x00, 0x00, 0x00, 0x09, 0xe6, 0x00, 0x00,
    0x00, 0x00, 0x1a, 0xc0, 0x00, 0x00, 0x00, 0x00, 0x10, 0x00, 0x00, 0x00, 0x00, 0x00, 0x10, 0x00, 0x01, 0x10, 0x00, 0x00,
    0x22, 0x00, 0x00, 0x33, 0x00, 0x00, 0x00, 0x0f, 0xf1, 0x00, 0x05, 0xfc, 0x00, 0x00, 0xcf, 0xa0, 0x00, 0x00, 0x0f, 0xf1,
    0x00, 0x00, 0xdf, 0x70, 0x06, 0xfe, 0x20, 0x00, 0x00, 0x0f, 0xf1, 0x00, 0x66, 0xbf, 0x86, 0x7f, 0xfc, 0x66, 0x00, 0x00,
    0x0f, 0xf1, 0x00, 0xff, 0xff, 0xff, 0xff, 0xff, 0xfe, 0x00, 0x01, 0x1f, 0xf1, 0x10, 0xfd, 0x45, 0x4f, 0xd4, 0x44, 0xfe,
    0x00, 0x3f, 0xff, 0xff, 0xf2, 0xfd, 0x9b, 0x0f, 0xa0, 0xd8, 0xee, 0x00, 0x3f, 0xff, 0xff, 0xf2, 0xfd, 0x2f, 0x4f, 0xa6,
    0xe2, 0xee, 0x00, 0x00, 0x0f, 0xf1, 0x00, 0xfd, 0x09, 0x6f, 0xaa, 0x50, 0xee, 0x00, 0x00, 0x0f, 0xf1, 0x00, 0xff, 0xcc,
    0xcf, 0xfc, 0xcc, 0xfe, 0x00, 0x00, 0x0f, 0xf1, 0x00, 0xbb, 0xbb, 0xbb, 0xbb, 0xbb, 0xba, 0x00, 0x00, 0x0f, 0xf1, 0x00,
    0x00, 0x00, 0x00, 0x00, 0x00, 0x00, 0x00, 0x00, 0x0f, 0xf1, 0x00, 0x0a, 0xdd, 0xdd, 0xdd, 0xdd, 0xc0, 0x00, 0x00, 0x0f,
    0xf1, 0x20, 0x0c, 0xff, 0xff, 0xff, 0xff, 0xf0, 0x00, 0x00, 0x0f, 0xfc, 0xf3, 0x0c, 0xf1, 0x00, 0x00, 0x1f, 0xf0, 0x00,
    0x17, 0xbf, 0xff, 0xf6, 0x0c, 0xfa, 0x88, 0x88, 0xaf, 0xf0, 0x00, 0x4f, 0xff, 0xc7, 0x20, 0x0c, 0xff, 0xff, 0xff, 0xff,
    0xf0, 0x00, 0x0b, 0x82, 0x00, 0x00, 0x0c, 0xf1, 0x00, 0x00, 0x1f, 0xf0, 0x00, 0x00, 0x00, 0x00, 0x00, 0x0c, 0xff, 0xff,
    0xff, 0xff, 0xf0, 0x00, 0x00, 0x00, 0x00, 0x00, 0x0c, 0xfb, 0xaa, 0xaa, 0xbf, 0xf0, 0x00, 0x00, 0x00, 0x00, 0x00, 0x0c,
    0xf1, 0x00, 0x00, 0x1f, 0xf0, 0x00, 0x00, 0x00, 0x00, 0x01, 0xb8, 0x30, 0x00, 0x00, 0x00, 0x00, 0x00, 0x00, 0x00, 0x00,
    0x0b, 0xfd, 0x10, 0x00, 0x00, 0x00, 0x00, 0x00, 0x00, 0x00, 0x00, 0xaf, 0xff, 0xee, 0xee, 0xef, 0xfa, 0x00, 0x00, 0x00,
    0x00, 0x1b, 0xff, 0xff, 0xff, 0xff, 0xff, 0xfb, 0x00, 0x00, 0x00, 0x05, 0xef, 0xff, 0x30, 0x00, 0x01, 0xbf, 0xd1, 0x00,
    0x00, 0x00, 0xbf, 0xfe, 0xef, 0xe6, 0x00, 0x4d, 0xfd, 0x20, 0x00, 0x00, 0x00, 0x5f, 0x81, 0x1a, 0xff, 0xff, 0xff, 0xb1,
    0x00, 0x00, 0x00, 0x00, 0x01, 0x00, 0x01, 0xbf, 0xff, 0xff, 0x40, 0x00, 0x00, 0x00, 0x00, 0x01, 0x48, 0xcf, 0xff, 0xff,
    0xff, 0xfe, 0xb8, 0x52, 0x00, 0x0a, 0xdf, 0xff, 0xff, 0xd7, 0x10, 0x5a, 0xff, 0xff, 0xff, 0xf3, 0x09, 0xff, 0xec, 0x72,
    0x00, 0x00, 0x00, 0x14, 0x8c, 0xef, 0x90, 0x02, 0x65, 0xdc, 0xcc, 0xcc, 0xdd, 0xcc, 0xcc, 0xcc, 0x52, 0x10, 0x00, 0x03,
    0xff, 0xff, 0xff, 0xff, 0xff, 0xff, 0xff, 0x60, 0x00, 0x00, 0x03, 0xff, 0x22, 0x22, 0xff, 0x42, 0x22, 0xcf, 0x60, 0x00,
    0x00, 0x03, 0xff, 0x00, 0x00, 0xff, 0x20, 0x00, 0xcf, 0x60, 0x00, 0x00, 0x03, 0xff, 0xff, 0xff, 0xff, 0xff, 0xff, 0xff,
    0x60, 0x00, 0x00, 0x03, 0xff, 0xdd, 0xdd, 0xff, 0xfd, 0xdd, 0xff, 0x60, 0x00, 0x00, 0x03, 0xff, 0x00, 0x00, 0xff, 0x20,
    0x00, 0xcf, 0x60, 0x00, 0x00, 0x03, 0xff, 0xff, 0xff, 0xff, 0xff, 0xff, 0xff, 0x60, 0x00, 0x00, 0x03, 0xff, 0xee, 0xee,
    0xff, 0xee, 0xee, 0xff, 0x60, 0x00, 0x00, 0x03, 0xff, 0x00, 0x00, 0x00, 0x00, 0x00, 0xcf, 0x60, 0x00, 0x00, 0x00, 0x11,
    0x00, 0x00, 0x00, 0x00, 0x00, 0x00, 0x00, 0x00, 0x00, 0x00, 0x04, 0xa5, 0x00, 0x00, 0x00, 0x00, 0x00, 0x00, 0x00, 0x00,
    0x00, 0x0c, 0xf7, 0x00, 0x00, 0x00, 0x00, 0x00, 0x00, 0x00, 0x00, 0x00, 0x8f, 0xfd, 0xdd, 0xdd, 0xdd, 0xdd, 0xdd, 0xdd,
    0x40, 0x00, 0x04, 0xff, 0xff, 0xff, 0xff, 0xff, 0xff, 0xff, 0xff, 0x50, 0x00, 0x4e, 0xf8, 0x00, 0x00, 0x00, 0x00, 0x00,
    0x00, 0x00, 0x00, 0x05, 0xff, 0xc8, 0x88, 0x88, 0x88, 0x88, 0x88, 0x88, 0x60, 0x00, 0x02, 0xeb, 0x3f, 0xff, 0xff, 0xff,
    0xff, 0xff, 0xff, 0xc0, 0x00, 0x00, 0x30, 0x2f, 0xf0, 0x00, 0x00, 0x00, 0x00, 0xaf, 0xc0, 0x00, 0x00, 0x00, 0x2f, 0xff,
    0xff, 0xff, 0xff, 0xff, 0xff, 0xc0, 0x00, 0x00, 0x00, 0x2f, 0xf6, 0x66, 0x66, 0x66, 0x66, 0xcf, 0xc0, 0x00, 0x00, 0x00,
    0x2f, 0xf8, 0x88, 0x88, 0x88, 0x88, 0xdf, 0xc0, 0x00, 0x00, 0x00, 0x2f, 0xff, 0xff, 0xff, 0xff, 0xff, 0xff, 0xc0, 0x00,
    0x00, 0x00, 0x00, 0x4f, 0xf3, 0x00, 0x00, 0x00, 0x00, 0x00, 0x00, 0x00, 0x00, 0x04, 0xff, 0xfd, 0xdd, 0xdd, 0xdd, 0xfa,
    0x10, 0x00, 0x00, 0x00, 0x6f, 0xff, 0xff, 0xff, 0xff, 0xff, 0xff, 0x30, 0x00, 0x00, 0x2b, 0xff, 0xff, 0x70, 0x00, 0x02,
    0xcf, 0xf5, 0x00, 0x00, 0x00, 0x4e, 0xd4, 0x1c, 0xfc, 0x52, 0x8f, 0xfe, 0x40, 0x00, 0x00, 0x00, 0x02, 0x10, 0x00, 0xaf,
    0xff, 0xff, 0xa1, 0x00, 0x00, 0x00, 0x00, 0x24, 0x57, 0xad, 0xff, 0xff, 0xff, 0xfc, 0xa7, 0x65, 0x31, 0x0c, 0xff, 0xff,
    0xff, 0xd9, 0x52, 0x6a, 0xef, 0xff, 0xff, 0xe2, 0x05, 0xeb, 0x97, 0x52, 0x00, 0x00, 0x00, 0x02, 0x56, 0x8a, 0x60, 0x00,
    0x00, 0x01, 0x00, 0x00, 0x06, 0xca, 0x00, 0x00, 0x00, 0x00, 0x00, 0x00, 0x5f, 0xa3, 0x00, 0x08, 0xfc, 0x00, 0x00, 0x00,
    0x00, 0x00, 0x00, 0x8f, 0xff, 0xb3, 0x08, 0xfc, 0x00, 0x00, 0x00, 0x00, 0x00, 0x00, 0x01, 0x8f, 0xff, 0x28, 0xfb, 0x00,
    0x00, 0x00, 0x00, 0x00, 0x00, 0x00, 0x02, 0xb8, 0x08, 0xfb, 0x00, 0x00, 0x00, 0x00, 0x00, 0x3d, 0x82, 0x00, 0x00, 0x09,
    0xfa, 0x00, 0x00, 0x00, 0x00, 0x00, 0xaf, 0xff, 0x91, 0x00, 0x0a, 0xfa, 0x00, 0x00, 0x00, 0x00, 0x00, 0x03, 0xbf, 0xfe,
    0x30, 0x0b, 0xf8, 0x00, 0x00, 0x00, 0x00, 0x00, 0x00, 0x04, 0xdc, 0x00, 0x0c, 0xf7, 0x00, 0x00, 0x00, 0x00, 0x00, 0x00,
    0x00, 0x11, 0x00, 0x0e, 0xf5, 0x00, 0x00, 0x00, 0x00, 0x0c, 0xff, 0xff, 0xff, 0xff, 0xff, 0xff, 0xff, 0xff, 0xff, 0xf0,
    0x0c, 0xff, 0xff, 0xff, 0xff, 0xff, 0xff, 0xff, 0xff, 0xff, 0xf0, 0x01, 0x11, 0x11, 0x11, 0x11, 0xef, 0x91, 0x11, 0x11,
    0x11, 0x10, 0x00, 0x00, 0x00, 0x00, 0x07, 0xff, 0x20, 0x00, 0x00, 0x00, 0x00, 0x00, 0x00, 0x00, 0x00, 0x3f, 0xf9, 0x6e,
    0x71, 0x00, 0x00, 0x00, 0x00, 0x00, 0x00, 0x04, 0xef, 0xd1, 0xaf, 0xfe, 0x70, 0x00, 0x00, 0x00, 0x00, 0x01, 0x8f, 0xfd,
    0x20, 0x03, 0xbf, 0xfd, 0x40, 0x00, 0x00, 0x02, 0x8e, 0xff, 0xc2, 0x00, 0x00, 0x05, 0xef, 0xfa, 0x10, 0x06, 0xcf, 0xff,
    0xe7, 0x00, 0x00, 0x00, 0x00, 0x19, 0xff, 0xc0, 0x03, 0xff, 0xc6, 0x10, 0x00, 0x00, 0x00, 0x00, 0x00, 0x5e, 0x40, 0x00,
    0x42, 0x00, 0x00, 0x00, 0x00, 0x00, 0x00, 0x00, 0x01, 0x00, 0x00, 0x00, 0x00, 0x00, 0x01, 0xcc, 0x20, 0x00, 0x00, 0x00,
    0x00, 0x00, 0x00, 0x00, 0x00, 0x04, 0xfe, 0x00, 0x00, 0x00, 0x00, 0x00, 0x00, 0x00, 0x00, 0x00, 0x08, 0xfb, 0x00, 0x00,
    0x00, 0x00, 0x00, 0x00, 0xff, 0xff, 0xff, 0xff, 0xff, 0xff, 0xff, 0xff, 0xff, 0xe0, 0x00, 0xff, 0xff, 0xff, 0xff, 0xff,
    0xff, 0xff, 0xff, 0xff, 0xe0, 0x00, 0x00, 0x00, 0x01, 0xdf, 0x99, 0xfd, 0x10, 0x00, 0x00, 0x00, 0x00, 0x00, 0x00, 0x0a,
    0xfe, 0x11, 0xdf, 0xc1, 0x00, 0x00, 0x00, 0x00, 0x00, 0x00, 0xaf, 0xf4, 0x00, 0x2e, 0xfd, 0x40, 0x00, 0x00, 0x00, 0x00,
    0x4d, 0xff, 0x50, 0x00, 0x02, 0xdf, 0xfb, 0x30, 0x00, 0x01, 0x6d, 0xff, 0xfa, 0x66, 0x66, 0x66, 0x7f, 0xff, 0xfc, 0x73,
    0x0b, 0xff, 0xff, 0xff, 0xff, 0xff, 0xff, 0xff, 0xff, 0xff, 0xf4, 0x02, 0xb9, 0xff, 0x77, 0x79, 0xff, 0x77, 0x78, 0xff,
    0x59, 0x70, 0x00, 0x02, 0xff, 0x00, 0x02, 0xff, 0x00, 0x02, 0xff, 0x20, 0x00, 0x00, 0x02, 0xff, 0x00, 0x02, 0xff, 0x00,
    0x02, 0xff, 0x20, 0x00, 0x00, 0x02, 0xff, 0xff, 0xff, 0xff, 0xff, 0xff, 0xff, 0x20, 0x00, 0x00, 0x02, 0xff, 0xdd, 0xdf,
    0xff, 0xdd, 0xdf, 0xff, 0x20, 0x00, 0x00, 0x02, 0xff, 0x00, 0x02, 0xff, 0x00, 0x02, 0xff, 0x20, 0x00, 0x00, 0x02, 0xff,
    0x00, 0x02, 0xff, 0x00, 0x02, 0xff, 0x20, 0x00, 0x00, 0x02, 0xff, 0xff, 0xff, 0xff, 0xff, 0xff, 0xff, 0x20, 0x00, 0x00,
    0x02, 0xff, 0xcc, 0xcc, 0xcc, 0xcc, 0xce, 0xff, 0x20, 0x00, 0x00, 0x02, 0xff, 0x00, 0x00, 0x00, 0x00, 0x02, 0xff, 0x20,
    0x00, 0x00, 0x00, 0x00, 0x00, 0x00, 0x00, 0x00, 0x00, 0x00, 0x00, 0x00, 0x00, 0x00, 0x05, 0xfd, 0x00, 0x00, 0x6d, 0x70,
    0x00, 0x00, 0x00, 0x02, 0x92, 0x05, 0xfd, 0x00, 0x03, 0xff, 0x81, 0x11, 0x11, 0x00, 0x09, 0xfb, 0x05, 0xfd, 0x00, 0x3e,
    0xff, 0xff, 0xff, 0xff, 0x80, 0x01, 0xef, 0x65, 0xfd, 0x05, 0xef, 0xfe, 0xdd, 0xdd, 0xff, 0x60, 0x00, 0x7f, 0xa5, 0xfd,
    0x6f, 0xfc, 0x20, 0x00, 0x04, 0xfe, 0x10, 0x00, 0x16, 0x08, 0xfd, 0x0c, 0x96, 0xe8, 0x00, 0x1d, 0xf7, 0x00, 0x00, 0x03,
    0xaf, 0xfd, 0x00, 0x03, 0xef, 0x72, 0xcf, 0xb0, 0x00, 0x02, 0xaf, 0xff, 0xfd, 0x00, 0x00, 0x3f, 0xff, 0xfc, 0x10, 0x00,
    0x3f, 0xff, 0x96, 0xfd, 0x00, 0x02, 0x7f, 0xff, 0xb1, 0x00, 0x00, 0x0c, 0xb3, 0x05, 0xfd, 0x5a, 0xdf, 0xff, 0xd5, 0x00,
    0x00, 0x00, 0x01, 0x00, 0x05, 0xfd, 0x2f, 0xff, 0xb5, 0x00, 0x00, 0x00, 0x00, 0x00, 0x00, 0x00, 0x11, 0x06, 0xb8, 0x10,
    0x00, 0x00, 0x00, 0x00, 0x00, 0x00, 0x00, 0x00, 0x05, 0xff, 0x00, 0x00, 0x00, 0x00, 0x00, 0x0f, 0xff, 0xff, 0xff, 0xff,
    0xff, 0xff, 0xff, 0xff, 0xff, 0x80, 0x0e, 0xee, 0xee, 0xee, 0xef, 0xff, 0xfe, 0xee, 0xee, 0xee, 0x70, 0x00, 0x00, 0x00,
    0x00, 0x5f, 0xff, 0xd1, 0x00, 0x00, 0x00, 0x00, 0x00, 0x00, 0x00, 0x04, 0xef, 0xab, 0xfc, 0x20, 0x00, 0x00, 0x00, 0x00,
    0x00, 0x02, 0x9f, 0xfd, 0x11, 0xdf, 0xe7, 0x10, 0x00, 0x00, 0x01, 0x37, 0xbf, 0xff, 0xa1, 0x00, 0x1b, 0xff, 0xfb, 0x75,
    0x30, 0x1e, 0xff, 0xff, 0xb4, 0x00, 0x00, 0x00, 0x4b, 0xff, 0xff, 0x80, 0x07, 0xc9, 0x51, 0x00, 0x00, 0x00, 0x00, 0x00,
    0x26, 0x9b, 0x10, 0x00, 0x04, 0x52, 0x00, 0x00, 0x00, 0x00, 0x00, 0x00, 0x00, 0x00, 0x00, 0x0b, 0xf7, 0x00, 0x00, 0x00,
    0x00, 0x00, 0x00, 0x10, 0x00, 0x00, 0x0d, 0xf5, 0x00, 0x00, 0xbf, 0xff, 0xff, 0xff, 0xfb, 0x10, 0x00, 0x0f, 0xf2, 0x00,
    0x00, 0xbf, 0xff, 0xff, 0xff, 0xfd, 0x10, 0x01, 0x4f, 0xf1, 0x11, 0x00, 0x00, 0x00, 0x00, 0x5f, 0xf4, 0x00, 0x6f, 0xff,
    0xff, 0xff, 0xf4, 0x00, 0x00, 0x02, 0xef, 0x70, 0x00, 0x6f, 0xff, 0xff, 0xff, 0xf3, 0x00, 0x00, 0x1d, 0xf9, 0x00, 0x00,
    0x00, 0xcf, 0x60, 0x0f, 0xf1, 0x00, 0x00, 0xff, 0xb0, 0x00, 0x00, 0x00, 0xff, 0x20, 0x2f, 0xe0, 0x00, 0x00, 0xff, 0x30,
    0x00, 0x00, 0x03, 0xfe, 0x00, 0x6f, 0xb2, 0x22, 0x22, 0xff, 0x42, 0x22, 0x10, 0x07, 0xfa, 0x00, 0xaf, 0x8d, 0xff, 0xff,
    0xff, 0xff, 0xff, 0xc0, 0x0d, 0xf8, 0x00, 0xdf, 0x4d, 0xff, 0xff, 0xff, 0xff, 0xff, 0xc0, 0x0f, 0xff, 0x44, 0xfe, 0x00,
    0x00, 0x00, 0xff, 0x20, 0x00, 0x00, 0x03, 0xff, 0xff, 0xf9, 0x00, 0x00, 0x00, 0xff, 0x20, 0x00, 0x00, 0x00, 0x1a, 0xff,
    0xf3, 0x00, 0x00, 0x00, 0xff, 0x20, 0x00, 0x00, 0x00, 0x00, 0xff, 0xfb, 0x10, 0x00, 0x00, 0xff, 0x20, 0x00, 0x00, 0x00,
    0x07, 0xff, 0xff, 0xc1, 0x00, 0x00, 0xff, 0x20, 0x00, 0x00, 0x00, 0x6f, 0xf7, 0x5f, 0xf6, 0x00, 0x00, 0xff, 0x20, 0x00,
    0x00, 0x19, 0xff, 0x90, 0x06, 0xb0, 0x01, 0x11, 0xff, 0x20, 0x00, 0x00, 0x7f, 0xfa, 0x00, 0x00, 0x10, 0x0d, 0xff, 0xff,
    0x10, 0x00, 0x00, 0x0a, 0x60, 0x00, 0x00, 0x00, 0x08, 0xff, 0xd6, 0x00, 0x00, 0x00, 0x00, 0x00, 0x00, 0x00, 0x00, 0x00,
    0x10, 0x00, 0x00, 0x00, 0x00, 0x00, 0x04, 0x41, 0x00, 0x00, 0x00, 0x05, 0x20, 0x00, 0x00, 0x00, 0x00, 0x0c, 0xf4, 0x00,
    0x00, 0x00, 0x1f, 0xf7, 0x00, 0x00, 0x00, 0x00, 0x0e, 0xf2, 0x00, 0x00, 0x00, 0x7f, 0xe1, 0x00, 0x00, 0x00, 0x00, 0x1f,
    0xf0, 0x00, 0x00, 0x01, 0xef, 0x80, 0x02, 0x00, 0x00, 0x01, 0x4f, 0xd1, 0x11, 0x00, 0x07, 0xfe, 0x10, 0x8f, 0x70, 0x00,
    0x5f, 0xff, 0xff, 0xff, 0x70, 0x1e, 0xf6, 0x00, 0x4f, 0xf3, 0x00, 0x5f, 0xff, 0xff, 0xff, 0x60, 0x9f, 0xc0, 0x00, 0x09,
    0xfc, 0x00, 0x00, 0xbf, 0x40, 0xdf, 0x45, 0xff, 0x42, 0x34, 0x57, 0xff, 0x50, 0x00, 0xef, 0x10, 0xef, 0x5f, 0xff, 0xff,
    0xff, 0xff, 0xff, 0xe0, 0x03, 0xfd, 0x02, 0xff, 0x1f, 0xff, 0xfe, 0xdc, 0xb9, 0x9f, 0xf5, 0x06, 0xf9, 0x05, 0xfd, 0x06,
    0x42, 0x10, 0x00, 0x00, 0x08, 0x91, 0x0d, 0xf7, 0x08, 0xfa, 0x00, 0x00, 0x00, 0x00, 0x00, 0x00, 0x00, 0x0f, 0xff, 0x3c,
    0xf7, 0x03, 0xff, 0xff, 0xff, 0xff, 0xff, 0x20, 0x02, 0xff, 0xff, 0xf2, 0x03, 0xff, 0xff, 0xff, 0xff, 0xff, 0x20, 0x00,
    0x09, 0xff, 0xf0, 0x03, 0xfe, 0x00, 0x00, 0x00, 0xff, 0x20, 0x00, 0x02, 0xff, 0xf8, 0x03, 0xfe, 0x00, 0x00, 0x00, 0xff,
    0x20, 0x00, 0x0a, 0xff, 0xff, 0x73, 0xfe, 0x00, 0x00, 0x00, 0xff, 0x20, 0x00, 0x7f, 0xf5, 0x7f, 0x73, 0xfe, 0x00, 0x00,
    0x00, 0xff, 0x20, 0x09, 0xff, 0x90, 0x06, 0x03, 0xff, 0xff, 0xff, 0xff, 0xff, 0x20, 0x3e, 0xfa, 0x00, 0x00, 0x03, 0xff,
    0xff, 0xff, 0xff, 0xff, 0x20, 0x07, 0x70, 0x00, 0x00, 0x03, 0xfe, 0x00, 0x00, 0x00, 0xff, 0x20, 0x00, 0x00, 0x00, 0x00,
    0x00, 0x00, 0x00, 0x00, 0x00, 0x00, 0x00, 0x00, 0x02, 0x22, 0x22, 0x22, 0x22, 0x22, 0x22, 0x42, 0x00, 0x00, 0x00, 0x2f,
    0xff, 0xff, 0xff, 0xff, 0xff, 0xff, 0xff, 0x80, 0x00, 0x00, 0x2f, 0xff, 0xff, 0xff, 0xff, 0xff, 0xff, 0xff, 0xb1, 0x00,
    0x00, 0x00, 0x00, 0x00, 0x00, 0x00, 0x05, 0xef, 0xf9, 0x00, 0x00, 0x00, 0x00, 0x00, 0x00, 0x00, 0x01, 0x9f, 0xfe, 0x50,
    0x00, 0x00, 0x00, 0x00, 0x00, 0x00, 0x00, 0x8f, 0xff, 0xb2, 0x00, 0x00, 0x00, 0x00, 0x00, 0x00, 0x00, 0x01, 0xff, 0xf5,
    0x00, 0x00, 0x00, 0x00, 0x00, 0x00, 0x00, 0x00, 0x01, 0xff, 0x50, 0x00, 0x00, 0x00, 0x00, 0x00, 0x00, 0x00, 0x00, 0x01,
    0xff, 0x40, 0x00, 0x00, 0x00, 0x00, 0x0f, 0xff, 0xff, 0xff, 0xff, 0xff, 0xff, 0xff, 0xff, 0xff, 0xf0, 0x0f, 0xff, 0xff,
    0xff, 0xff, 0xff, 0xff, 0xff, 0xff, 0xff, 0xf0, 0x02, 0x22, 0x22, 0x22, 0x23, 0xff, 0x72, 0x22, 0x22, 0x22, 0x20, 0x00,
    0x00, 0x00, 0x00, 0x01, 0xff, 0x40, 0x00, 0x00, 0x00, 0x00, 0x00, 0x00, 0x00, 0x00, 0x01, 0xff, 0x40, 0x00, 0x00, 0x00,
    0x00, 0x00, 0x00, 0x00, 0x00, 0x01, 0xff, 0x40, 0x00, 0x00, 0x00, 0x00, 0x00, 0x00, 0x00, 0x00, 0x01, 0xff, 0x40, 0x00,
    0x00, 0x00, 0x00, 0x00, 0x00, 0x00, 0x00, 0x01, 0xff, 0x40, 0x00, 0x00, 0x00, 0x00, 0x00, 0x00, 0x02, 0x22, 0x24, 0xff,
    0x40, 0x00, 0x00, 0x00, 0x00, 0x00, 0x00, 0x05, 0xff, 0xff, 0xff, 0x20, 0x00, 0x00, 0x00, 0x00, 0x00, 0x00, 0x00, 0xef,
    0xfe, 0xc5, 0x00, 0x00, 0x00, 0x00, 0x00, 0x00, 0x00, 0x00, 0x11, 0x00, 0x00, 0x00, 0x00, 0x00, 0x00, 0x00, 0x00, 0x00,
    0x00, 0x00, 0xa9, 0x30, 0x00, 0x00, 0x00, 0x00, 0x00, 0x00, 0x00, 0x00, 0x02, 0xff, 0x40, 0x00, 0x00, 0x00, 0x00, 0x00,
    0x00, 0x00, 0x00, 0x07, 0xfe, 0x00, 0x00, 0x00, 0x00, 0x00, 0x00, 0x07, 0xff, 0xff, 0xff, 0xff, 0xff, 0xff, 0xff, 0xff,
    0xff, 0xf0, 0x07, 0xff, 0xff, 0xff, 0xff, 0xff, 0xff, 0xff, 0xff, 0xff, 0xf0, 0x01, 0x22, 0x22, 0xcf, 0xe2, 0x22, 0x22,
    0x22, 0x22, 0x22, 0x20, 0x00, 0x00, 0x03, 0xff, 0x40, 0x00, 0x00, 0x00, 0x00, 0x00, 0x00, 0x00, 0x00, 0x0b, 0xfc, 0x0a,
    0xff, 0xff, 0xff, 0xff, 0xf7, 0x00, 0x00, 0x00, 0x6f, 0xf3, 0x0a, 0xff, 0xff, 0xff, 0xff, 0xf9, 0x00, 0x00, 0x03, 0xff,
    0x90, 0x00, 0x00, 0x00, 0x05, 0xff, 0x90, 0x00, 0x00, 0x2d, 0xff, 0x30, 0x00, 0x00, 0x00, 0x7f, 0xf7, 0x00, 0x00, 0x03,
    0xdf, 0xff, 0x30, 0x00, 0x00, 0x09, 0xff, 0x50, 0x00, 0x00, 0x1e, 0xfe, 0xff, 0x30, 0x00, 0x00, 0x08, 0xfd, 0x00, 0x00,
    0x00, 0x0a, 0xd3, 0xff, 0x37, 0xff, 0xff, 0xff, 0xff, 0xff, 0xff, 0xf2, 0x02, 0x20, 0xff, 0x37, 0xff, 0xff, 0xff, 0xff,
    0xff, 0xff, 0xf2, 0x00, 0x00, 0xff, 0x31, 0x11, 0x11, 0x1a, 0xfc, 0x11, 0x11, 0x10, 0x00, 0x00, 0xff, 0x30, 0x00, 0x00,
    0x08, 0xfb, 0x00, 0x00, 0x00, 0x00, 0x00, 0xff, 0x30, 0x00, 0x00, 0x08, 0xfb, 0x00, 0x00, 0x00, 0x00, 0x00, 0xff, 0x30,
    0x00, 0x10, 0x19, 0xfb, 0x00, 0x00, 0x00, 0x00, 0x00, 0xff, 0x30, 0x00, 0xcf, 0xff, 0xf9, 0x00, 0x00, 0x00, 0x00, 0x00,
    0xff, 0x30, 0x00, 0x8f, 0xfe, 0xb2, 0x00, 0x00, 0x00, 0x00, 0x00, 0x00, 0x00, 0x00, 0x00, 0x00, 0x00, 0x00, 0x00, 0x00,
    0x00, 0x00, 0x00, 0x00, 0x02, 0x67, 0x00, 0x00, 0x00, 0x00, 0x00, 0x00, 0x00, 0x00, 0x00, 0x07, 0xff, 0x30, 0x00, 0x00,
    0x00, 0x00, 0x00, 0x22, 0x22, 0x22, 0x23, 0xff, 0xb2, 0x22, 0x22, 0x22, 0x00, 0x02, 0xff, 0xff, 0xff, 0xff, 0xff, 0xff,
    0xff, 0xff, 0xff, 0x40, 0x02, 0xff, 0xff, 0xff, 0xff, 0xff, 0xff, 0xff, 0xff, 0xff, 0x40, 0x02, 0xff, 0x00, 0x00, 0x00,
    0x00, 0x00, 0x00, 0x00, 0xff, 0x40, 0x02, 0xff, 0x00, 0x11, 0x11, 0x11, 0x11, 0x11, 0x10, 0xff, 0x40, 0x02, 0xff, 0x0a,
    0xff, 0xff, 0xff, 0xff, 0xff, 0xf0, 0xff, 0x40, 0x00, 0x22, 0x0a, 0xff, 0xff, 0xff, 0xff, 0xff, 0xf0, 0x22, 0x00, 0x00,
    0x00, 0x00, 0x00, 0x00, 0x00, 0x00, 0x00, 0x00, 0x00, 0x00, 0x03, 0x44, 0x44, 0x44, 0x44, 0x44, 0x44, 0x44, 0x44, 0x44,
    0x30, 0x0c, 0xff, 0xff, 0xff, 0xff, 0xff, 0xff, 0xff, 0xff, 0xff, 0xc0, 0x0c, 0xff, 0xff, 0xff, 0xff, 0xff, 0xff, 0xff,
    0xff, 0xff, 0xc0, 0x00, 0x00, 0x00, 0x0f, 0xf4, 0x00, 0x5f, 0xe0, 0x00, 0x00, 0x00, 0x00, 0x00, 0x00, 0x2f, 0xf2, 0x00,
    0x5f, 0xe0, 0x00, 0x00, 0x00, 0x00, 0x00, 0x00, 0x5f, 0xf0, 0x00, 0x5f, 0xe0, 0x00, 0x00, 0x00, 0x00, 0x00, 0x00, 0xbf,
    0xb0, 0x00, 0x5f, 0xe0, 0x00, 0x0b, 0x50, 0x00, 0x00, 0x07, 0xff, 0x50, 0x00, 0x5f, 0xe0, 0x00, 0x0f, 0xf0, 0x00, 0x04,
    0xbf, 0xfa, 0x00, 0x00, 0x4f, 0xf1, 0x11, 0x4f, 0xd0, 0x09, 0xef, 0xff, 0x91, 0x00, 0x00, 0x2f, 0xff, 0xff, 0xff, 0x90,
    0x04, 0xfe, 0xa4, 0x00, 0x00, 0x00, 0x08, 0xef, 0xff, 0xfc, 0x20, 0x00, 0x30, 0x00, 0x00, 0x00, 0x00, 0x00, 0x00, 0x00,
    0x00, 0x00, 0x00, 0x00, 0x00, 0x00, 0x00, 0x26, 0x00, 0x00, 0x00, 0x00, 0x00, 0x00, 0x00, 0x00, 0x00, 0x03, 0xff, 0x60,
    0x00, 0x00, 0x00, 0x00, 0x00, 0x11, 0x11, 0x11, 0x11, 0xcf, 0xf2, 0x11, 0x11, 0x11, 0x10, 0x00, 0xcf, 0xff, 0xff, 0xff,
    0xff, 0xff, 0xff, 0xff, 0xff, 0x90, 0x00, 0xcf, 0xff, 0xff, 0xff, 0xff, 0xff, 0xff, 0xff, 0xff, 0x90, 0x00, 0xcf, 0x60,
    0x22, 0x00, 0x03, 0x42, 0x00, 0x00, 0xaf, 0x90, 0x00, 0xcf, 0x62, 0xde, 0x60, 0x0c, 0xf8, 0x00, 0x00, 0xaf, 0x90, 0x00,
    0x9b, 0x41, 0xaf, 0xf9, 0x0d, 0xf7, 0x00, 0x00, 0x8b, 0x70, 0x00, 0x00, 0x00, 0x06, 0xfb, 0x0e, 0xf6, 0x00, 0x00, 0x00,
    0x00, 0x00, 0x01, 0xc8, 0x10, 0x41, 0x0f, 0xf5, 0x00, 0x00, 0x00, 0x00, 0x00, 0x05, 0xef, 0xe4, 0x00, 0x2f, 0xf3, 0x00,
    0x00, 0x00, 0x00, 0x00, 0x00, 0x2b, 0xfa, 0x00, 0x4f, 0xf1, 0x00, 0x00, 0x00, 0x00, 0x00, 0x00, 0x00, 0x71, 0x00, 0x7f,
    0xd0, 0x00, 0x00, 0x00, 0x00, 0x01, 0xdd, 0xdd, 0xdd, 0xdd, 0xff, 0xfd, 0xdd, 0xdd, 0xdd, 0xd0, 0x01, 0xff, 0xff, 0xff,
    0xff, 0xff, 0xff, 0xff, 0xff, 0xff, 0xf0, 0x00, 0x00, 0x00, 0x00, 0x2e, 0xfc, 0x05, 0x10, 0x00, 0x00, 0x00, 0x00, 0x00,
    0x00, 0x03, 0xdf, 0xe2, 0x7f, 0xea, 0x40, 0x00, 0x00, 0x00, 0x00, 0x02, 0x9f, 0xfe, 0x40, 0x4a, 0xff, 0xfc, 0x50, 0x00,
    0x00, 0x37, 0xbf, 0xff, 0xc3, 0x00, 0x00, 0x18, 0xef, 0xfd, 0x40, 0x00, 0x6f, 0xff, 0xc6, 0x00, 0x00, 0x00, 0x00, 0x17,
    0xef, 0x80, 0x00, 0x09, 0x73, 0x00, 0x00, 0x00, 0x00, 0x00, 0x00, 0x18, 0x00, 0x00, 0x00, 0x00, 0x00, 0x00, 0x01, 0x00,
    0x00, 0x00, 0x00, 0x00, 0x00, 0x00, 0x00, 0x00, 0x05, 0xdd, 0x10, 0x00, 0x00, 0x00, 0x00, 0x00, 0x00, 0x00, 0x00, 0x02,
    0xff, 0x70, 0x00, 0x00, 0x00, 0x00, 0x01, 0xee, 0xee, 0xee, 0xee, 0xff, 0xfe, 0xee, 0xee, 0xee, 0x50, 0x01, 0xff, 0xff,
    0xff, 0xff, 0xff, 0xff, 0xff, 0xff, 0xff, 0x50, 0x01, 0xff, 0x20, 0x00, 0x00, 0x00, 0x01, 0x00, 0x00, 0xff, 0x50, 0x01,
    0xff, 0x20, 0x04, 0xed, 0x20, 0x3e, 0xc4, 0x00, 0xff, 0x50, 0x00, 0x77, 0x10, 0x05, 0xff, 0x00, 0x2b, 0xff, 0xa0, 0x77,
    0x20, 0x00, 0x00, 0x00, 0x07, 0xfd, 0x00, 0x00, 0x5e, 0x60, 0x00, 0x00, 0x00, 0xee, 0xee, 0xef, 0xff, 0xee, 0xee, 0xef,
    0xee, 0xee, 0x70, 0x00, 0xff, 0xff, 0xff, 0xff, 0xff, 0xff, 0xff, 0xff, 0xff, 0x70, 0x00, 0x00, 0x00, 0x0f, 0xf5, 0x02,
    0xff, 0x00, 0x00, 0x00, 0x00, 0x00, 0x00, 0x00, 0x4f, 0xf2, 0x02, 0xff, 0x00, 0x5b, 0x30, 0x00, 0x00, 0x00, 0x00, 0x9f,
    0xd0, 0x02, 0xff, 0x04, 0xff, 0x90, 0x00, 0x00, 0x00, 0x00, 0xef, 0x70, 0x02, 0xff, 0x5f, 0xfb, 0x00, 0x00, 0x00, 0x00,
    0x06, 0xff, 0x20, 0x02, 0xff, 0xff, 0xa0, 0x00, 0x00, 0x00, 0x00, 0x1e, 0xfa, 0x00, 0x05, 0xff, 0xf8, 0x00, 0x00, 0x00,
    0x00, 0x00, 0xbf, 0xe2, 0x01, 0x7f, 0xff, 0x50, 0x00, 0x07, 0x10, 0x00, 0x0a, 0xff, 0x70, 0x6d, 0xff, 0xff, 0x00, 0x00,
    0x1f, 0xe0, 0x02, 0xcf, 0xfa, 0x08, 0xff, 0xe9, 0xff, 0x20, 0x00, 0x5f, 0xc0, 0x0c, 0xff, 0x90, 0x00, 0xb9, 0x10, 0xef,
    0xff, 0xff, 0xff, 0x90, 0x02, 0xd6, 0x00, 0x00, 0x00, 0x00, 0x5d, 0xff, 0xff, 0xfb, 0x10, 0x00, 0x00, 0x00, 0x00, 0x00,
    0x00, 0x00, 0x00, 0x00, 0x00, 0x00, 0x00, 0x00, 0x00, 0x00, 0x00, 0xbe, 0x20, 0x00, 0x00, 0x00, 0x00, 0x00, 0x00, 0x00,
    0x00, 0x00, 0xbf, 0x80, 0x00, 0x00, 0x00, 0x00, 0x02, 0xff, 0xff, 0xff, 0xff, 0xff, 0xff, 0xff, 0xff, 0xff, 0xa0, 0x02,
    0xff, 0xff, 0xff, 0xff, 0xff, 0xff, 0xff, 0xff, 0xff, 0xb0, 0x02, 0xff, 0x00, 0x00, 0x5c, 0x50, 0x00, 0x01, 0x00, 0x8f,
    0xb0, 0x02, 0xff, 0x00, 0x00, 0x7e, 0xfb, 0x20, 0x6e, 0x80, 0x8f, 0xb0, 0x01, 0x88, 0x30, 0x08, 0x71, 0x9f, 0x96, 0xff,
    0x61, 0x48, 0x50, 0x00, 0x05, 0xfb, 0x0f, 0xf0, 0x05, 0xaf, 0xf6, 0x5e, 0x80, 0x00, 0x00, 0x1d, 0xf6, 0x0f, 0xf0, 0x4d,
    0xfe, 0x40, 0x3e, 0xf8, 0x00, 0x00, 0xbf, 0xc0, 0x0f, 0xfa, 0xff, 0xb2, 0x06, 0xa6, 0xff, 0x70, 0x07, 0xfe, 0x20, 0x4f,
    0xff, 0xe5, 0x00, 0x09, 0xf4, 0x5f, 0xf3, 0x00, 0x55, 0x8d, 0xff, 0xff, 0xed, 0xdd, 0xdf, 0xe0, 0x09, 0x80, 0x08, 0xef,
    0xff, 0xdb, 0xde, 0xff, 0xff, 0xfd, 0x50, 0x00, 0x00, 0x05, 0xfe, 0x94, 0x00, 0x00, 0x57, 0x40, 0x00, 0x00, 0x00, 0x00,
    0x00, 0x32, 0x55, 0x00, 0x00, 0xaf, 0x80, 0x00, 0x1a, 0xa0, 0x00, 0x00, 0x06, 0xff, 0x00, 0x00, 0xaf, 0x80, 0x00, 0x2f,
    0xf0, 0x00, 0x00, 0x06, 0xff, 0x00, 0x00, 0xaf, 0x80, 0x00, 0x2f, 0xf0, 0x00, 0x00, 0x06, 0xff, 0x22, 0x22, 0xcf, 0x92,
    0x22, 0x4f, 0xf0, 0x00, 0x00, 0x06, 0xff, 0xff, 0xff, 0xff, 0xff, 0xff, 0xff, 0xf0, 0x00, 0x00, 0x06, 0xff, 0xff, 0xff,
    0xff, 0xff, 0xff, 0xff, 0xf0, 0x00, 0x00, 0x00, 0x00, 0x00, 0x00, 0x00, 0x00, 0x00, 0x2f, 0xf0, 0x00, 0x00, 0x00, 0x00,
    0x00, 0x00, 0x11, 0x00, 0x00, 0x00, 0x00, 0x00, 0x00, 0x00, 0x00, 0x00, 0x02, 0xff, 0x40, 0x00, 0x00, 0x00, 0x00, 0x00,
    0x00, 0x00, 0x00, 0x02, 0xff, 0x40, 0x00, 0x00, 0x00, 0x00, 0x00, 0x00, 0x00, 0x00, 0x02, 0xff, 0x40, 0x00, 0x00, 0x00,
    0x00, 0x00, 0x00, 0x00, 0x00, 0x02, 0xff, 0x40, 0x00, 0x00, 0x00, 0x00, 0x00, 0x00, 0x00, 0x00, 0x02, 0xff, 0x40, 0x00,
    0x01, 0x00, 0x00, 0x00, 0x00, 0xdb, 0x50, 0x02, 0xff, 0x40, 0x06, 0xda, 0x00, 0x00, 0x00, 0x03, 0xff, 0x50, 0x02, 0xff,
    0x40, 0x06, 0xff, 0x40, 0x00, 0x00, 0x07, 0xff, 0x10, 0x02, 0xff, 0x40, 0x00, 0xdf, 0xc0, 0x00, 0x00, 0x0b, 0xfc, 0x00,
    0x02, 0xff, 0x40, 0x00, 0x6f, 0xf4, 0x00, 0x00, 0x2f, 0xf7, 0x00, 0x02, 0xff, 0x40, 0x00, 0x0e, 0xfb, 0x00, 0x00, 0x7f,
    0xf2, 0x00, 0x02, 0xff, 0x40, 0x00, 0x08, 0xff, 0x20, 0x00, 0xdf, 0xb0, 0x00, 0x02, 0xff, 0x40, 0x00, 0x02, 0xff, 0x90,
    0x06, 0xff, 0x50, 0x00, 0x02, 0xff, 0x40, 0x00, 0x00, 0xbf, 0xe0, 0x1e, 0xfd, 0x00, 0x00, 0x02, 0xff, 0x40, 0x00, 0x00,
    0x6f, 0xf4, 0x18, 0xe4, 0x00, 0x00, 0x02, 0xff, 0x40, 0x00, 0x00, 0x1f, 0xf6, 0x00, 0x10, 0x00, 0x00, 0x02, 0xff, 0x40,
    0x00, 0x00, 0x07, 0x20, 0x00, 0x00, 0x00, 0x00, 0x02, 0xff, 0x40, 0x00, 0x00, 0x00, 0x00, 0x00, 0x00, 0x01, 0x32, 0x25,
    0xff, 0x40, 0x00, 0x00, 0x00, 0x00, 0x00, 0x00, 0x01, 0xef, 0xff, 0xff, 0x10, 0x00, 0x00, 0x00, 0x00, 0x00, 0x00, 0x00,
    0x9f, 0xed, 0xb4, 0x00, 0x00, 0x00, 0x00, 0x00, 0x00, 0x00, 0x00, 0x00, 0x01, 0x66, 0x10, 0x00, 0x00, 0x00, 0x00, 0x00,
    0x04, 0x90, 0x00, 0x03, 0xff, 0x10, 0x00, 0x09, 0x94, 0x00, 0x00, 0x1e, 0xf8, 0x00, 0x03, 0xff, 0x10, 0x00, 0x3f, 0xf8,
    0x00, 0x00, 0x04, 0xff, 0x30, 0x03, 0xff, 0x10, 0x00, 0xcf, 0xc0, 0x00, 0x00, 0x00, 0xaf, 0xb0, 0x03, 0xff, 0x10, 0x08,
    0xff, 0x30, 0x00, 0x00, 0x00, 0x2f, 0xe1, 0x03, 0xff, 0x10, 0x3f, 0xf6, 0x00, 0x00, 0x00, 0x00, 0x05, 0x10, 0x03, 0xff,
    0x20, 0x03, 0x60, 0x00, 0x00, 0x00, 0x2f, 0xff, 0xff, 0xff, 0xff, 0xff, 0xff, 0xff, 0xfe, 0x00, 0x00, 0x2f, 0xff, 0xff,
    0xff, 0xff, 0xff, 0xff, 0xff, 0xfe, 0x00, 0x00, 0x2f, 0xf1, 0x11, 0x11, 0x11, 0x11, 0x11, 0x16, 0xfd, 0x00, 0x00, 0x2f,
    0xf0, 0x00, 0x00, 0x00, 0x00, 0x00, 0x05, 0xfd, 0x00, 0x00, 0x2f, 0xf0, 0x0f, 0xff, 0xff, 0xff, 0xf1, 0x05, 0xfd, 0x00,
    0x00, 0x2f, 0xf0, 0x0f, 0xfd, 0xdd, 0xdf, 0xf1, 0x05, 0xfd, 0x00, 0x00, 0x2f, 0xf0, 0x0f, 0xf0, 0x00, 0x0f, 0xf1, 0x05,
    0xfd, 0x00, 0x00, 0x2f, 0xf0, 0x0f, 0xf0, 0x00, 0x0f, 0xf1, 0x05, 0xfd, 0x00, 0x00, 0x2f, 0xf0, 0x0f, 0xfd, 0xdd, 0xdf,
    0xf1, 0x05, 0xfd, 0x00, 0x00, 0x2f, 0xf0, 0x0f, 0xff, 0xff, 0xff, 0xf1, 0x05, 0xfd, 0x00, 0x00, 0x2f, 0xf0, 0x0f, 0xf0,
    0x00, 0x00, 0x00, 0x05, 0xfd, 0x00, 0x00, 0x2f, 0xf0, 0x06, 0x60, 0x00, 0x00, 0x22, 0x27, 0xfd, 0x00, 0x00, 0x2f, 0xf0,
    0x00, 0x00, 0x00, 0x00, 0x8f, 0xff, 0xfb, 0x00, 0x00, 0x2f, 0xf0, 0x00, 0x00, 0x00, 0x00, 0x4e, 0xed, 0xa2, 0x00, 0x00,
    0x00, 0x26, 0x60, 0x00, 0x00, 0x00, 0x88, 0x10, 0x00, 0x00, 0x00, 0x00, 0x3f, 0xf1, 0x00, 0x00, 0x00, 0xff, 0x24, 0x60,
    0x00, 0x00, 0x00, 0x0c, 0xf7, 0x00, 0x00, 0x00, 0xff, 0x2c, 0xf4, 0x00, 0x0f, 0xff, 0xff, 0xff, 0xff, 0xf1, 0x00, 0xff,
    0x12, 0xed, 0x10, 0x0e, 0xee, 0xee, 0xee, 0xee, 0xe1, 0x00, 0xff, 0x10, 0x6f, 0x50, 0x00, 0x00, 0x00, 0x00, 0x00, 0x01,
    0x22, 0xff, 0x22, 0x25, 0x10, 0x00, 0xcd, 0xdd, 0xdd, 0xdd, 0x3d, 0xff, 0xff, 0xff, 0xff, 0xd0, 0x00, 0xef, 0xff, 0xff,
    0xff, 0x4d, 0xef, 0xff, 0xee, 0xee, 0xc0, 0x00, 0xef, 0x00, 0x00, 0xcf, 0x40, 0x03, 0xfc, 0x00, 0x00, 0x00, 0x00, 0xef,
    0x00, 0x00, 0xcf, 0x40, 0x05, 0xfc, 0x32, 0x00, 0x00, 0x00, 0xef, 0xff, 0xff, 0xff, 0x40, 0x06, 0xff, 0xf9, 0x00, 0x00,
    0x00, 0xef, 0xff, 0xff, 0xff, 0x40, 0x09, 0xfe, 0xf9, 0x00, 0x00, 0x00, 0x00, 0x0b, 0xf4, 0x02, 0x00, 0x0c, 0xfb, 0xf9,
    0x00, 0x00, 0x00, 0x7d, 0x4b, 0xf4, 0xdc, 0x00, 0x1f, 0xf8, 0xf9, 0x00, 0x00, 0x00, 0xbf, 0x2b, 0xf4, 0xaf, 0x40, 0x5f,
    0xb8, 0xf9, 0x00, 0x00, 0x01, 0xfd, 0x0b, 0xf4, 0x4f, 0xa0, 0xaf, 0x68, 0xf9, 0x00, 0x00, 0x06, 0xf8, 0x0b, 0xf4, 0x0d,
    0xd2, 0xfe, 0x18, 0xf9, 0x00, 0xd5, 0x0c, 0xf2, 0x0b, 0xf4, 0x05, 0x1a, 0xf9, 0x08, 0xf9, 0x00, 0xfc, 0x1a, 0xa0, 0x0b,
    0xf4, 0x00, 0x4f, 0xe2, 0x08, 0xfa, 0x02, 0xfb, 0x00, 0x17, 0xdf, 0xf3, 0x03, 0xef, 0x70, 0x06, 0xff, 0xde, 0xf9, 0x00,
    0x03, 0xfe, 0x90, 0x01, 0x99, 0x00, 0x01, 0xbf, 0xff, 0xb2, 0x00, 0x00, 0x00, 0x00, 0x00, 0x00, 0x00, 0x00, 0x00, 0x00,
    0x00, 0x00, 0x2d, 0xff, 0xdd, 0xdd, 0xdd, 0xdd, 0xdd, 0xdd, 0x20, 0x00, 0x00, 0x2f, 0xff, 0xff, 0xff, 0xff, 0xff, 0xff,
    0xff, 0x20, 0x00, 0x00, 0x2f, 0xf2, 0x00, 0x00, 0x00, 0x00, 0x00, 0xff, 0x20, 0x00, 0x00, 0x2f, 0xf2, 0x00, 0x00, 0x00,
    0x00, 0x00, 0xff, 0x20, 0x00, 0x00, 0x2f, 0xf2, 0x00, 0x00, 0x00, 0x00, 0x00, 0xff, 0x20, 0x00, 0x00, 0x2f, 0xff, 0xff,
    0xff, 0xff, 0xff, 0xff, 0xff, 0x20, 0x00, 0x00, 0x2f, 0xff, 0xdd, 0xdd, 0xdd, 0xdd, 0xdd, 0xdd, 0x20, 0x00, 0x00, 0x3f,
    0xf1, 0x00, 0x00, 0x00, 0x00, 0x00, 0x00, 0x00, 0x00, 0x00, 0x3f, 0xfe, 0xee, 0xee, 0xee, 0xee, 0xee, 0xef, 0xfe, 0x40,
    0x00, 0x5f, 0xff, 0xff, 0xff, 0xff, 0xff, 0xff, 0xff, 0xff, 0x40, 0x00, 0x6f, 0xc0, 0x00, 0x00, 0x00, 0x00, 0x00, 0x08,
    0xff, 0x30, 0x00, 0x8f, 0xa0, 0x2d, 0xfd, 0xdd, 0xdd, 0xd0, 0x09, 0xff, 0x20, 0x00, 0xaf, 0x90, 0x3f, 0xff, 0xff, 0xff,
    0xf0, 0x0a, 0xff, 0x20, 0x00, 0xdf, 0x60, 0x3f, 0xd0, 0x00, 0x1f, 0xf0, 0x0b, 0xff, 0x10, 0x03, 0xff, 0x20, 0x3f, 0xd0,
    0x00, 0x1f, 0xf0, 0x0c, 0xff, 0x00, 0x08, 0xfd, 0x00, 0x3f, 0xd0, 0x00, 0x1f, 0xf0, 0x0d, 0xfd, 0x00, 0x0e, 0xf8, 0x00,
    0x3f, 0xff, 0xff, 0xff, 0xf0, 0x0f, 0xfc, 0x00, 0x7f, 0xf2, 0x00, 0x3f, 0xfd, 0xdd, 0xdd, 0xd0, 0x5f, 0xfa, 0x00, 0x4e,
    0x90, 0x00, 0x3f, 0xd0, 0x00, 0x01, 0xef, 0xff, 0xf5, 0x00, 0x02, 0x10, 0x00, 0x02, 0x20, 0x00, 0x00, 0xbf, 0xfd, 0x70,
    0x00, 0x00, 0x00, 0x00, 0x00, 0x00, 0x00, 0x00, 0x00, 0x00, 0x00, 0x00, 0x01, 0x22, 0x22, 0x22, 0x22, 0x22, 0x22, 0x22,
    0x22, 0x10, 0x00, 0x04, 0xff, 0xff, 0xff, 0xff, 0xff, 0xff, 0xff, 0xff, 0x50, 0x00, 0x04, 0xff, 0xff, 0xff, 0xff, 0xff,
    0xff, 0xff, 0xff, 0x50, 0x00, 0x00, 0x00, 0x00, 0x00, 0x00, 0x00, 0x00, 0x00, 0xff, 0x50, 0x00, 0x00, 0x14, 0x40, 0x00,
    0x00, 0x00, 0x00, 0x00, 0xff, 0x50, 0x00, 0x00, 0x4f, 0xf0, 0x00, 0x00, 0x00, 0x00, 0x00, 0xff, 0x50, 0x00, 0x00, 0x4f,
    0xf0, 0x00, 0x00, 0x00, 0x00, 0x00, 0xff, 0x50, 0x00, 0x00, 0x4f, 0xf0, 0x00, 0x00, 0x00, 0x00, 0x00, 0xff, 0x50, 0x00,
    0x00, 0x4f, 0xff, 0xff, 0xff, 0xff, 0xff, 0xff, 0xff, 0x50, 0x00, 0x00, 0x4f, 0xff, 0xff, 0xff, 0xff, 0xff, 0xff, 0xff,
    0x50, 0x00, 0x00, 0x4f, 0xf2, 0x22, 0x22, 0x22, 0x22, 0x22, 0xff, 0x50, 0x00, 0x00, 0x4f, 0xf0, 0x00, 0x00, 0x00, 0x00,
    0x00, 0x33, 0x10, 0x00, 0x00, 0x4f, 0xf0, 0x00, 0x00, 0x00, 0x00, 0x00, 0x00, 0x00, 0x00, 0x00, 0x4f, 0xf0, 0x00, 0x00,
    0x00, 0x00, 0x00, 0x00, 0x2b, 0x50, 0x00, 0x4f, 0xf0, 0x00, 0x00, 0x00, 0x00, 0x00, 0x00, 0x4f, 0xf1, 0x00, 0x4f, 0xf0,
    0x00, 0x00, 0x00, 0x00, 0x00, 0x00, 0x8f, 0xe0, 0x00, 0x2f, 0xf6, 0x10, 0x00, 0x00, 0x00, 0x00, 0x04, 0xef, 0xa0, 0x00,
    0x0d, 0xff, 0xff, 0xff, 0xff, 0xff, 0xff, 0xff, 0xff, 0x30, 0x00, 0x02, 0xae, 0xff, 0xff, 0xff, 0xff, 0xff, 0xff, 0xc4,
    0x00, 0x00, 0x00, 0x00, 0x12, 0x22, 0x22, 0x22, 0x22, 0x21, 0x00, 0x00, 0x00, 0x00, 0x00, 0x00, 0x00, 0x00, 0x00, 0x00,
    0x00, 0x00, 0x00, 0x00, 0x02, 0x88, 0x00, 0x00, 0xff, 0x20, 0x00, 0x88, 0x20, 0x00, 0x00, 0x05, 0xff, 0x50, 0x00, 0xff,
    0x20, 0x04, 0xff, 0x40, 0x00, 0x00, 0x00, 0xaf, 0xb0, 0x00, 0xff, 0x20, 0x0b, 0xf7, 0x00, 0x00, 0x02, 0xcc, 0xef, 0xcc,
    0xcc, 0xff, 0xfc, 0xcd, 0xfc, 0xcc, 0x20, 0x02, 0xff, 0xff, 0xff, 0xff, 0xff, 0xff, 0xff, 0xff, 0xff, 0x20, 0x02, 0xff,
    0x22, 0x22, 0x22, 0x22, 0x22, 0x22, 0x22, 0xff, 0x20, 0x02, 0xff, 0x00, 0x00, 0x00, 0x00, 0x00, 0x00, 0x00, 0xff, 0x20,
    0x02, 0xff, 0x0f, 0xff, 0xff, 0xff, 0xff, 0xff, 0xf0, 0xff, 0x20, 0x01, 0x44, 0x0f, 0xfa, 0x99, 0x99, 0x99, 0xaf, 0xf0,
    0x44, 0x10, 0x00, 0x00, 0x0f, 0xf2, 0x00, 0x00, 0x00, 0x2f, 0xf0, 0x00, 0x00, 0x00, 0x00, 0x0f, 0xff, 0xff, 0xff, 0xff,
    0xff, 0xf0, 0x00, 0x00, 0x00, 0x00, 0x0d, 0xdd, 0xdd, 0xff, 0xfd, 0xdd, 0xd0, 0x00, 0x00, 0x00, 0x00, 0x00, 0x00, 0x00,
    0xcf, 0x60, 0x00, 0x00, 0x00, 0x00, 0x00, 0x0a, 0xff, 0xff, 0xff, 0xff, 0xff, 0xff, 0xff, 0xf2, 0x00, 0x00, 0x0a, 0xff,
    0xff, 0xff, 0xff, 0xff, 0xff, 0xff, 0xf2, 0x00, 0x00, 0x0a, 0xf3, 0x00, 0x00, 0xcf, 0x60, 0x00, 0x0f, 0xf2, 0x00, 0x00,
    0x0a, 0xf3, 0x00, 0x00, 0xcf, 0x60, 0x00, 0x0f, 0xf2, 0x00, 0x00, 0x0a, 0xf3, 0x00, 0x00, 0xcf, 0x60, 0x00, 0x1f, 0xf2,
    0x00, 0x00, 0x0a, 0xf3, 0x00, 0x00, 0xcf, 0x60, 0xbc, 0xdf, 0xf1, 0x00, 0x00, 0x0a, 0xf3, 0x00, 0x00, 0xcf, 0x60, 0x7f,
    0xff, 0x80, 0x00, 0x00, 0x00, 0x00, 0x00, 0x00, 0xcf, 0x60, 0x12, 0x20, 0x00, 0x00, 0x00, 0x00, 0x00, 0x00, 0x00, 0x04,
    0x60, 0x00, 0x00, 0x00, 0x00, 0x00, 0x00, 0x00, 0x00, 0x00, 0x4f, 0xf3, 0x00, 0x00, 0x00, 0x00, 0x00, 0x01, 0x21, 0x11,
    0x11, 0x1e, 0xfa, 0x11, 0x11, 0x11, 0x10, 0x00, 0x1f, 0xff, 0xff, 0xff, 0xff, 0xff, 0xff, 0xff, 0xff, 0xf6, 0x00, 0x1f,
    0xff, 0xff, 0xff, 0xff, 0xff, 0xff, 0xff, 0xff, 0xf6, 0x00, 0x1f, 0xf1, 0x00, 0x00, 0x00, 0x00, 0x00, 0x00, 0x00, 0x00,
    0x00, 0x1f, 0xf1, 0x2f, 0xff, 0xff, 0xff, 0xff, 0xff, 0xc2, 0x00, 0x00, 0x1f, 0xf1, 0x2d, 0xdd, 0xdd, 0xdd, 0xdf, 0xff,
    0xd2, 0x00, 0x00, 0x1f, 0xf1, 0x00, 0x04, 0x40, 0x00, 0x6f, 0xfa, 0x10, 0x00, 0x00, 0x1f, 0xf1, 0x00, 0x3e, 0xfd, 0xad,
    0xfe, 0x50, 0x00, 0x00, 0x00, 0x2f, 0xf0, 0x00, 0x01, 0x7e, 0xff, 0xf4, 0x00, 0x00, 0x00, 0x00, 0x2f, 0xf4, 0xcc, 0xcc,
    0xcc, 0xff, 0xff, 0xcc, 0xcf, 0x92, 0x00, 0x3f, 0xe5, 0xff, 0xff, 0xff, 0xff, 0xff, 0xff, 0xff, 0xe1, 0x00, 0x5f, 0xc1,
    0x22, 0x22, 0x22, 0xff, 0x42, 0x23, 0xff, 0x60, 0x00, 0x6f, 0xb0, 0x00, 0x00, 0x00, 0xff, 0x20, 0x0b, 0xfb, 0x00, 0x00,
    0x9f, 0x90, 0x00, 0x00, 0x00, 0xff, 0x20, 0x5f, 0xe2, 0x00, 0x00, 0xdf, 0x50, 0x00, 0x00, 0x00, 0xff, 0x20, 0x05, 0x50,
    0x00, 0x01, 0xff, 0x20, 0x00, 0x00, 0x00, 0xff, 0x20, 0x00, 0x00, 0x00, 0x06, 0xfd, 0x00, 0x00, 0x00, 0x01, 0xff, 0x20,
    0x00, 0x00, 0x00, 0x0d, 0xf8, 0x00, 0x00, 0xaf, 0xff, 0xff, 0x10, 0x00, 0x00, 0x00, 0x03, 0xc2, 0x00, 0x00, 0x4f, 0xfe,
    0xc5, 0x00, 0x00, 0x00, 0x00, 0x00, 0x00, 0x00, 0x00, 0x00, 0x00, 0x00, 0x00, 0x00, 0x00, 0x00, 0x00, 0x00, 0x00, 0x00,
    0x00, 0x39, 0xb0, 0x00, 0x00, 0x00, 0x00, 0x00, 0x00, 0x00, 0x00, 0x00, 0x2f, 0xf5, 0x00, 0x00, 0x00, 0x00, 0x00, 0x00,
    0x00, 0x00, 0x00, 0x0b, 0xfb, 0x00, 0x00, 0x00, 0x00, 0x00, 0x3f, 0xff, 0xff, 0xff, 0xff, 0xff, 0xff, 0xff, 0xff, 0xf3,
    0x00, 0x3f, 0xff, 0xff, 0xff, 0xff, 0xff, 0xff, 0xff, 0xff, 0xf3, 0x00, 0x3f, 0xf3, 0x11, 0x11, 0x11, 0x11, 0x11, 0x11,
    0x11, 0x10, 0x00, 0x3f, 0xf1, 0x00, 0x00, 0x16, 0x70, 0x00, 0x01, 0xa4, 0x00, 0x00, 0x3f, 0xf1, 0x16, 0x10, 0x3f, 0xe0,
    0x00, 0x04, 0xff, 0x40, 0x00, 0x3f, 0xf1, 0xcf, 0x60, 0x0e, 0xf4, 0x00, 0x08, 0xfd, 0x00, 0x00, 0x3f, 0xf1, 0x7f, 0xc0,
    0x0a, 0xf8, 0x00, 0x0c, 0xf8, 0x00, 0x00, 0x3f, 0xf1, 0x2f, 0xf2, 0x06, 0xfc, 0x00, 0x2f, 0xf3, 0x00, 0x00, 0x3f, 0xf0,
    0x0c, 0xf7, 0x03, 0xff, 0x10, 0x8f, 0xd0, 0x00, 0x00, 0x4f, 0xe0, 0x07, 0xfc, 0x00, 0xef, 0x40, 0xef, 0x60, 0x00, 0x00,
    0x6f, 0xd0, 0x02, 0xff, 0x20, 0xbf, 0x75, 0xfe, 0x10, 0x00, 0x00, 0x7f, 0xc0, 0x00, 0xdf, 0x60, 0x43, 0x0b, 0xf8, 0x00,
    0x00, 0x00, 0xaf, 0xa0, 0x00, 0x86, 0x10, 0x00, 0x3f, 0xf1, 0x00, 0x00, 0x00, 0xdf, 0x70, 0x00, 0x00, 0x00, 0x00, 0xbf,
    0x80, 0x00, 0x00, 0x01, 0xff, 0x42, 0x22, 0x22, 0x22, 0x27, 0xff, 0x32, 0x22, 0x21, 0x06, 0xff, 0x1f, 0xff, 0xff, 0xff,
    0xff, 0xff, 0xff, 0xff, 0xf7, 0x0c, 0xfa, 0x0f, 0xff, 0xff, 0xff, 0xff, 0xff, 0xff, 0xff, 0xf7, 0x02, 0xb4, 0x00, 0x00,
    0x00, 0x00, 0x00, 0x00, 0x00, 0x00, 0x00, 0x00, 0x00, 0x00, 0x00, 0x00, 0x00, 0x00, 0x00, 0x00, 0x00, 0x00, 0x00, 0x00,
    0x00, 0x00, 0x00, 0x00, 0x10, 0x00, 0x00, 0x00, 0x00, 0x00, 0x00, 0x00, 0x00, 0x00, 0x2c, 0xf5, 0x00, 0x00, 0x00, 0x00,
    0x00, 0x00, 0x00, 0x00, 0x00, 0x0c, 0xfc, 0x00, 0x00, 0x00, 0x00, 0x00, 0x2f, 0xff, 0xff, 0xff, 0xff, 0xff, 0xff, 0xff,
    0xff, 0xf4, 0x00, 0x2f, 0xff, 0xff, 0xff, 0xff, 0xff, 0xff, 0xff, 0xff, 0xf4, 0x00, 0x2f, 0xf3, 0x11, 0x11, 0x11, 0x11,
    0x11, 0x11, 0x11, 0x10, 0x00, 0x2f, 0xf1, 0x00, 0x1a, 0xa0, 0x00, 0x02, 0xaa, 0x00, 0x00, 0x00, 0x2f, 0xf1, 0x00, 0x2f,
    0xf0, 0x00, 0x02, 0xff, 0x00, 0x00, 0x00, 0x2f, 0xf6, 0xff, 0xff, 0xff, 0xff, 0xff, 0xff, 0xff, 0xf5, 0x00, 0x2f, 0xf5,
    0xdd, 0xff, 0xfd, 0xdd, 0xdf, 0xff, 0xdd, 0xd4, 0x00, 0x2f, 0xf1, 0x00, 0x2f, 0xf0, 0x00, 0x02, 0xff, 0x00, 0x00, 0x00,
    0x2f, 0xf1, 0x00, 0x2f, 0xfd, 0xdd, 0xdd, 0xff, 0x00, 0x00, 0x00, 0x3f, 0xf0, 0x00, 0x2f, 0xff, 0xff, 0xff, 0xff, 0x00,
    0x00, 0x00, 0x5f, 0xd0, 0x00, 0x00, 0x00, 0x00, 0x00, 0x00, 0x00, 0x00, 0x00, 0x6f, 0xc8, 0xff, 0xff, 0xff, 0xff, 0xff,
    0xff, 0xf9, 0x00, 0x00, 0x8f, 0xb6, 0xdd, 0xff, 0xdd, 0xdd, 0xdd, 0xff, 0xf8, 0x00, 0x00, 0xbf, 0x80, 0x03, 0xef, 0x80,
    0x00, 0x03, 0xef, 0xb0, 0x00, 0x00, 0xef, 0x50, 0x00, 0x4e, 0xfc, 0x42, 0x9f, 0xfb, 0x00, 0x00, 0x02, 0xff, 0x20, 0x00,
    0x02, 0xdf, 0xff, 0xff, 0x60, 0x00, 0x00, 0x07, 0xfd, 0x14, 0x68, 0x9c, 0xff, 0xff, 0xff, 0xda, 0x75, 0x31, 0x0d, 0xf8,
    0x0d, 0xff, 0xff, 0xd9, 0x54, 0x9e, 0xff, 0xff, 0xf4, 0x01, 0x82, 0x05, 0x96, 0x41, 0x00, 0x00, 0x00, 0x26, 0x8a, 0xa0,
    0x01, 0x33, 0x33, 0x33, 0x33, 0x33, 0x33, 0x33, 0x33, 0x33, 0x00, 0x05, 0xff, 0xff, 0xff, 0xff, 0xff, 0xff, 0xff, 0xff,
    0xff, 0x00, 0x05, 0xee, 0xee, 0xff, 0xfe, 0xee, 0xef, 0xff, 0xee, 0xee, 0x00, 0x00, 0x00, 0x00, 0xff, 0x20, 0x00, 0x02,
    0xff, 0x00, 0x00, 0x00, 0x00, 0x00, 0x00, 0xff, 0x20, 0x00, 0x02, 0xff, 0x00, 0x00, 0x00, 0x00, 0x00, 0x00, 0xff, 0x20,
    0x00, 0x02, 0xff, 0x00, 0x00, 0x00, 0x00, 0x00, 0x00, 0xff, 0x20, 0x00, 0x02, 0xff, 0x00, 0x00, 0x00, 0x00, 0x00, 0x00,
    0xff, 0x20, 0x00, 0x02, 0xff, 0x00, 0x00, 0x00, 0x02, 0x22, 0x22, 0xff, 0x42, 0x22, 0x24, 0xff, 0x22, 0x22, 0x10, 0x2f,
    0xff, 0xff, 0xff, 0xff, 0xff, 0xff, 0xff, 0xff, 0xff, 0xb0, 0x2f, 0xff, 0xff, 0xff, 0xff, 0xff, 0xff, 0xff, 0xff, 0xff,
    0xb0, 0x00, 0x00, 0x04, 0xfe, 0x00, 0x00, 0x02, 0xff, 0x00, 0x00, 0x00, 0x00, 0x00, 0x08, 0xfb, 0x00, 0x00, 0x02, 0xff,
    0x00, 0x00, 0x00, 0x00, 0x00, 0x0d, 0xf8, 0x00, 0x00, 0x02, 0xff, 0x00, 0x00, 0x00, 0x00, 0x00, 0x5f, 0xf3, 0x00, 0x00,
    0x02, 0xff, 0x00, 0x00, 0x00, 0x00, 0x01, 0xdf, 0xc0, 0x00, 0x00, 0x02, 0xff, 0x00, 0x00, 0x00, 0x00, 0x0b, 0xff, 0x30,
    0x00, 0x00, 0x02, 0xff, 0x00, 0x00, 0x00, 0x01, 0xbf, 0xf8, 0x00, 0x00, 0x00, 0x02, 0xff, 0x00, 0x00, 0x00, 0x0c, 0xff,
    0x90, 0x00, 0x00, 0x00, 0x02, 0xff, 0x00, 0x00, 0x00, 0x01, 0xc7, 0x00, 0x00, 0x00, 0x00, 0x02, 0xff, 0x00, 0x00, 0x00,
    0x00, 0x00, 0x00, 0x00, 0x00, 0x00, 0x00, 0x00, 0x00, 0x00, 0x00, 0x00, 0x00, 0x00, 0x00, 0x00, 0x00, 0x6c, 0xa0, 0x2a,
    0x20, 0x00, 0x00, 0x00, 0x00, 0x00, 0x00, 0x00, 0x7f, 0xd0, 0xaf, 0xe4, 0x00, 0x00, 0x00, 0x00, 0x00, 0x00, 0x00, 0x7f,
    0xe0, 0x09, 0xff, 0x40, 0x00, 0x00, 0x00, 0x00, 0x00, 0x00, 0x6f, 0xe0, 0x00, 0x89, 0x00, 0x07, 0xff, 0xff, 0xff, 0xff,
    0xff, 0xff, 0xff, 0xff, 0xff, 0xf3, 0x07, 0xff, 0xff, 0xff, 0xff, 0xff, 0xff, 0xff, 0xff, 0xff, 0xf3, 0x01, 0x22, 0x22,
    0x22, 0x22, 0x22, 0x6f, 0xf3, 0x22, 0x22, 0x20, 0x00, 0x00, 0x00, 0x00, 0x00, 0x00, 0x2f, 0xf2, 0x00, 0x00, 0x00, 0x00,
    0x22, 0x22, 0x22, 0x22, 0x22, 0x1f, 0xf3, 0x00, 0x00, 0x00, 0x00, 0xcf, 0xff, 0xff, 0xff, 0xfc, 0x0f, 0xf5, 0x00, 0x00,
    0x00, 0x00, 0xcf, 0xff, 0xff, 0xff, 0xfc, 0x0d, 0xf7, 0x00, 0x00, 0x00, 0x00, 0x00, 0x02, 0xff, 0x00, 0x00, 0x0b, 0xf9,
    0x00, 0x00, 0x00, 0x00, 0x00, 0x02, 0xff, 0x00, 0x00, 0x08, 0xfc, 0x00, 0x00, 0x00, 0x00, 0x00, 0x02, 0xff, 0x00, 0x00,
    0x05, 0xff, 0x00, 0x00, 0x00, 0x00, 0x00, 0x02, 0xff, 0x00, 0x00, 0x02, 0xff, 0x40, 0x03, 0x60, 0x00, 0x00, 0x02, 0xff,
    0x00, 0x14, 0x30, 0xdf, 0x80, 0x04, 0xf9, 0x00, 0x00, 0x02, 0xff, 0x9c, 0xff, 0x90, 0x8f, 0xd0, 0x05, 0xfa, 0x01, 0x58,
    0xbf, 0xff, 0xff, 0xfc, 0x60, 0x2f, 0xf5, 0x07, 0xf7, 0x06, 0xff, 0xff, 0xfe, 0xa6, 0x20, 0x00, 0x0a, 0xfe, 0x5c, 0xf4,
    0x02, 0xff, 0xc7, 0x30, 0x00, 0x00, 0x00, 0x01, 0xdf, 0xff, 0xe0, 0x00, 0x41, 0x00, 0x00, 0x00, 0x00, 0x00, 0x00, 0x2b,
    0xed, 0x40, 0x00, 0x01, 0x11, 0x11, 0x11, 0x11, 0x11, 0x11, 0x21, 0x00, 0x00, 0x00, 0x0e, 0xff, 0xff, 0xff, 0xff, 0xff,
    0xff, 0xff, 0x90, 0x00, 0x00, 0x0e, 0xff, 0xff, 0xff, 0xff, 0xff, 0xff, 0xff, 0x80, 0x00, 0x00, 0x00, 0x00, 0x00, 0x00,
    0x00, 0x00, 0x00, 0xef, 0x80, 0x00, 0x00, 0x04, 0xff, 0xff, 0xff, 0xff, 0xff, 0xff, 0xff, 0x70, 0x00, 0x00, 0x04, 0xff,
    0xff, 0xff, 0xff, 0xff, 0xff, 0xff, 0x60, 0x00, 0x00, 0x00, 0x00, 0x00, 0x00, 0x00, 0x00, 0x01, 0xff, 0x50, 0x00, 0x02,
    0x44, 0x44, 0x44, 0x44, 0x44, 0x44, 0x46, 0xff, 0x74, 0x20, 0x08, 0xff, 0xff, 0xff, 0xff, 0xff, 0xff, 0xff, 0xff, 0xff,
    0xa0, 0x07, 0xdd, 0xdd, 0xdd, 0xdf, 0xff, 0xdd, 0xdd, 0xdd, 0xdd, 0x90, 0x00, 0x01, 0x93, 0x00, 0x02, 0xff, 0x30, 0x00,
    0x1b, 0x60, 0x00, 0x00, 0x0a, 0xff, 0x80, 0x02, 0xff, 0xc0, 0x02, 0xdf, 0xf4, 0x00, 0x00, 0x00, 0x7f, 0xfc, 0x22, 0xff,
    0xf7, 0x5e, 0xfe, 0x40, 0x00, 0x00, 0x00, 0x03, 0xda, 0x18, 0xff, 0xff, 0xff, 0xa1, 0x00, 0x00, 0x00, 0x00, 0x00, 0x49,
    0xef, 0xff, 0x6f, 0xfc, 0x00, 0x00, 0x00, 0x00, 0x01, 0x6c, 0xff, 0xfd, 0xff, 0x06, 0xff, 0xb3, 0x00, 0x00, 0x02, 0xaf,
    0xff, 0xf9, 0x32, 0xff, 0x00, 0x5e, 0xff, 0xa4, 0x00, 0x01, 0xef, 0xd7, 0x10, 0x02, 0xff, 0x00, 0x02, 0xbf, 0xff, 0xa0,
    0x00, 0x45, 0x00, 0x1c, 0xcd, 0xfe, 0x00, 0x00, 0x04, 0xae, 0x10, 0x00, 0x00, 0x00, 0x0b, 0xff, 0xd5, 0x00, 0x00, 0x00,
    0x00, 0x00, 0x00, 0x00, 0x00, 0x00, 0x00, 0x00, 0x00, 0x00, 0x00, 0x00, 0x00, 0x00, 0x00, 0x07, 0x20, 0x00, 0x00, 0x08,
    0x81, 0x00, 0x00, 0x00, 0x00, 0x00, 0x8f, 0xe1, 0x00, 0x00, 0x0f, 0xf2, 0x00, 0x00, 0x00, 0x00, 0x07, 0xff, 0x50, 0x00,
    0x00, 0x0f, 0xf2, 0x00, 0x00, 0x00, 0x00, 0x7f, 0xf7, 0x00, 0xaf, 0xff, 0xff, 0xff, 0xff, 0xff, 0x10, 0x0a, 0xff, 0x80,
    0x00, 0xaf, 0xff, 0xff, 0xff, 0xff, 0xff, 0x10, 0x0a, 0xf7, 0x06, 0x71, 0x00, 0x00, 0x0f, 0xf3, 0x00, 0x00, 0x00, 0x02,
    0x40, 0x2e, 0xf4, 0x00, 0x00, 0x0f, 0xf2, 0x00, 0x00, 0x00, 0x00, 0x01, 0xcf, 0xa9, 0xaa, 0xaa, 0xaf, 0xfc, 0xaa, 0xaa,
    0xa1, 0x00, 0x1c, 0xff, 0x2e, 0xff, 0xff, 0xff, 0xff, 0xff, 0xff, 0xf1, 0x01, 0xbf, 0xff, 0x1a, 0xbb, 0xbb, 0xbb, 0xbb,
    0xff, 0xeb, 0xb1, 0x2d, 0xff, 0xff, 0x10, 0x00, 0x00, 0x00, 0x00, 0xff, 0x20, 0x00, 0x1e, 0xe5, 0xff, 0x1b, 0xff, 0xff,
    0xff, 0xff, 0xff, 0xff, 0xe0, 0x06, 0x31, 0xff, 0x1b, 0xff, 0xff, 0xff, 0xff, 0xff, 0xff, 0xe0, 0x00, 0x01, 0xff, 0x10,
    0x01, 0x60, 0x00, 0x00, 0xff, 0x30, 0x00, 0x00, 0x01, 0xff, 0x10, 0x1e, 0xf6, 0x00, 0x00, 0xff, 0x20, 0x00, 0x00, 0x01,
    0xff, 0x10, 0x08, 0xfe, 0x10, 0x00, 0xff, 0x20, 0x00, 0x00, 0x01, 0xff, 0x10, 0x01, 0xdf, 0x90, 0x00, 0xff, 0x20, 0x00,
    0x00, 0x01, 0xff, 0x10, 0x00, 0x5f, 0xe1, 0x00, 0xff, 0x20, 0x00, 0x00, 0x01, 0xff, 0x10, 0x00, 0x09, 0x21, 0x01, 0xff,
    0x20, 0x00, 0x00, 0x01, 0xff, 0x10, 0x00, 0x00, 0x0e, 0xff, 0xff, 0x10, 0x00, 0x00, 0x01, 0xff, 0x10, 0x00, 0x00, 0x09,
    0xff, 0xd6, 0x00, 0x00, 0x00, 0x00, 0x11, 0x00, 0x00, 0x00, 0x00, 0x10, 0x00, 0x00, 0x00, 0x00, 0x00, 0x09, 0x50, 0x00,
    0x00, 0x00, 0x00, 0x00, 0x00, 0x00, 0x00, 0x00, 0x9f, 0xf3, 0x2f, 0xfe, 0xee, 0xee, 0xee, 0xe6, 0x00, 0x00, 0x08, 0xff,
    0x60, 0x2f, 0xff, 0xff, 0xff, 0xff, 0xf6, 0x00, 0x00, 0x9f, 0xf7, 0x00, 0x2f, 0xf0, 0x00, 0x00, 0x0c, 0xf6, 0x00, 0x0c,
    0xff, 0x70, 0x00, 0x2f, 0xf0, 0x00, 0x00, 0x0c, 0xf6, 0x00, 0x09, 0xf6, 0x06, 0xa3, 0x2f, 0xfd, 0xdd, 0xdd, 0xdf, 0xf6,
    0x00, 0x01, 0x30, 0x2e, 0xf8, 0x2f, 0xff, 0xff, 0xff, 0xff, 0xf6, 0x00, 0x00, 0x01, 0xcf, 0xd0, 0x2f, 0xf0, 0x00, 0x00,
    0x0c, 0xf6, 0x00, 0x00, 0x0b, 0xff, 0x30, 0x2f, 0xf0, 0x00, 0x00, 0x0c, 0xf6, 0x00, 0x01, 0xbf, 0xff, 0x10, 0x2f, 0xfe,
    0xee, 0xee, 0xef, 0xf6, 0x00, 0x2c, 0xff, 0xff, 0x10, 0x2f, 0xff, 0xff, 0xff, 0xff, 0xf6, 0x00, 0x1e, 0xfb, 0xff, 0x10,
    0x2f, 0xf0, 0x2f, 0xd0, 0x00, 0x13, 0x00, 0x09, 0x82, 0xff, 0x10, 0x2f, 0xf0, 0x0c, 0xf4, 0x02, 0xce, 0x30, 0x01, 0x02,
    0xff, 0x10, 0x2f, 0xf0, 0x07, 0xfa, 0x4e, 0xfd, 0x30, 0x00, 0x02, 0xff, 0x10, 0x2f, 0xf0, 0x01, 0xff, 0xff, 0xb1, 0x00,
    0x00, 0x02, 0xff, 0x10, 0x2f, 0xf0, 0x00, 0x8f, 0xf7, 0x00, 0x00, 0x00, 0x02, 0xff, 0x10, 0x2f, 0xf0, 0x00, 0x1e, 0xfc,
    0x10, 0x00, 0x00, 0x02, 0xff, 0x10, 0x3f, 0xf3, 0x6a, 0x54, 0xff, 0xc2, 0x00, 0x00, 0x02, 0xff, 0x10, 0x8f, 0xff, 0xff,
    0x70, 0x6f, 0xff, 0x91, 0x00, 0x02, 0xff, 0x10, 0xff, 0xff, 0xc7, 0x20, 0x05, 0xef, 0xd1, 0x00, 0x02, 0xff, 0x10, 0x8d,
    0x61, 0x00, 0x00, 0x00, 0x2a, 0x30, 0x00, 0x00, 0x00, 0x00, 0x00, 0x00, 0x00, 0x00, 0x00, 0x00, 0x00, 0x00, 0x00, 0x06,
    0x30, 0x00, 0x00, 0x00, 0x00, 0x00, 0x00, 0x00, 0x00, 0x00, 0x6f, 0xf5, 0x0f, 0xff, 0xff, 0xff, 0xff, 0xfd, 0x00, 0x00,
    0x05, 0xff, 0x90, 0x0f, 0xfa, 0x99, 0x99, 0x9b, 0xfd, 0x00, 0x00, 0x6f, 0xfb, 0x00, 0x0f, 0xf2, 0x00, 0x00, 0x05, 0xfd,
    0x00, 0x0a, 0xff, 0xa0, 0x00, 0x0f, 0xff, 0xff, 0xff, 0xff, 0xfd, 0x00, 0x0b, 0xf8, 0x03, 0x82, 0x0f, 0xf8, 0x77, 0x77,
    0x7a, 0xfd, 0x00, 0x02, 0x50, 0x1d, 0xfa, 0x0f, 0xf2, 0x00, 0x00, 0x05, 0xfd, 0x00, 0x00, 0x00, 0xaf, 0xe1, 0x0f, 0xff,
    0xff, 0xff, 0xff, 0xfd, 0x00, 0x00, 0x0a, 0xff, 0x50, 0x09, 0x99, 0x99, 0x99, 0x99, 0x98, 0x00, 0x01, 0xbf, 0xff, 0x10,
    0x88, 0x88, 0x88, 0x88, 0x88, 0x88, 0x50, 0x2d, 0xff, 0xff, 0x11, 0xff, 0xff, 0xff, 0xff, 0xff, 0xff, 0xb0, 0x2f, 0xfb,
    0xff, 0x11, 0xdd, 0xdd, 0xdd, 0xdf, 0xff, 0xdd, 0x90, 0x0a, 0x92, 0xff, 0x10, 0x00, 0x00, 0x00, 0x02, 0xff, 0x00, 0x00,
    0x01, 0x02, 0xff, 0x18, 0xdd, 0xdd, 0xdd, 0xdf, 0xff, 0xdd, 0xd2, 0x00, 0x02, 0xff, 0x19, 0xff, 0xff, 0xff, 0xff, 0xff,
    0xff, 0xf2, 0x00, 0x02, 0xff, 0x10, 0x04, 0xb1, 0x00, 0x02, 0xff, 0x00, 0x00, 0x00, 0x02, 0xff, 0x10, 0x0c, 0xfc, 0x10,
    0x02, 0xff, 0x00, 0x00, 0x00, 0x02, 0xff, 0x10, 0x01, 0xdf, 0xb0, 0x02, 0xff, 0x00, 0x00, 0x00, 0x02, 0xff, 0x10, 0x00,
    0x2e, 0xb1, 0x03, 0xff, 0x00, 0x00, 0x00, 0x02, 0xff, 0x10, 0x00, 0x02, 0x0c, 0xee, 0xfe, 0x00, 0x00, 0x00, 0x02, 0xff,
    0x10, 0x00, 0x00, 0x08, 0xff, 0xd5, 0x00, 0x00, 0x00, 0x00, 0x00, 0x00, 0x00, 0x00, 0x00, 0x10, 0x00, 0x00, 0x00, 0x00,
    0x00, 0x00, 0x00, 0x24, 0x00, 0x00, 0x00, 0x00, 0x00, 0x00, 0x00, 0x00, 0x00, 0x00, 0x2d, 0xf9, 0x10, 0x00, 0x00, 0x00,
    0x00, 0x00, 0x00, 0x00, 0x00, 0x01, 0x9f, 0xfd, 0x40, 0x00, 0x00, 0x00, 0x00, 0x00, 0x00, 0x00, 0x00, 0x00, 0x5e, 0xff,
    0x80, 0x00, 0x00, 0x00, 0x00, 0x00, 0x00, 0x00, 0x00, 0x00, 0x2c, 0xff, 0xb1, 0x00, 0x00, 0x00, 0x00, 0x00, 0x00, 0x00,
    0x00, 0x00, 0x1a, 0xfe, 0x40, 0x00, 0x00, 0x00, 0x00, 0x00, 0x00, 0x2c, 0xc0, 0x00, 0x08, 0x40, 0x00, 0x00, 0x00, 0x00,
    0x00, 0x42, 0x02, 0xff, 0x00, 0x00, 0x00, 0x00, 0x5b, 0x50, 0x00, 0x00, 0x1f, 0xf2, 0x2f, 0xf0, 0x00, 0x00, 0x00, 0x0a,
    0xfc, 0x00, 0x00, 0x03, 0xff, 0x02, 0xff, 0x00, 0x00, 0x00, 0x00, 0x3f, 0xf3, 0x00, 0x00, 0x5f, 0xd0, 0x2f, 0xf0, 0x00,
    0x00, 0x00, 0x00, 0xcf, 0x90, 0x00, 0x08, 0xfb, 0x02, 0xff, 0x00, 0x00, 0x00, 0x00, 0x07, 0xfe, 0x00, 0x00, 0xcf, 0x80,
    0x2f, 0xf0, 0x00, 0x00, 0x00, 0x00, 0x2f, 0xf5, 0x00, 0x0e, 0xf5, 0x02, 0xff, 0x00, 0x00, 0x00, 0x02, 0x00, 0xcf, 0x90,
    0x04, 0xff, 0x20, 0x2f, 0xf0, 0x00, 0x00, 0x01, 0xfa, 0x08, 0xfd, 0x00, 0x9f, 0xe0, 0x02, 0xff, 0x00, 0x00, 0x00, 0x2f,
    0xf0, 0x5d, 0x70, 0x03, 0xa9, 0x00, 0x2f, 0xf0, 0x00, 0x00, 0x04, 0xfd, 0x00, 0x00, 0x00, 0x00, 0x00, 0x02, 0xff, 0x41,
    0x11, 0x12, 0xaf, 0xa0, 0x00, 0x00, 0x00, 0x00, 0x00, 0x0d, 0xff, 0xff, 0xff, 0xff, 0xf5, 0x00, 0x00, 0x00, 0x00, 0x00,
    0x00, 0x3b, 0xef, 0xff, 0xff, 0xd7, 0x00, 0x00, 0x00, 0x00, 0x01, 0x77, 0x00, 0x00, 0x00, 0x00, 0x00, 0x00, 0x00, 0x00,
    0x00, 0x02, 0xff, 0x00, 0x00, 0x00, 0x00, 0x00, 0x00, 0x00, 0x00, 0x00, 0x02, 0xff, 0x00, 0x4f, 0xff, 0xff, 0xff, 0xff,
    0xfd, 0x40, 0x00, 0x02, 0xff, 0x12, 0x4f, 0xff, 0xff, 0xff, 0xff, 0xfd, 0x10, 0x03, 0x85, 0xff, 0xeb, 0x01, 0x11, 0x11,
    0x12, 0xdf, 0xf2, 0x00, 0x07, 0xf7, 0xff, 0xaf, 0x30, 0x00, 0x00, 0x0a, 0xff, 0x30, 0x00, 0x09, 0xf5, 0xff, 0x4f, 0x90,
    0x00, 0x00, 0x7f, 0xf5, 0x00, 0x00, 0x0c, 0xf3, 0xff, 0x0e, 0xd0, 0x00, 0x04, 0xff, 0x70, 0x00, 0x00, 0x0e, 0xe2, 0xff,
    0x05, 0x20, 0x00, 0x2e, 0xfa, 0x00, 0x00, 0x00, 0x4f, 0xa2, 0xff, 0x00, 0x00, 0x01, 0xcf, 0xc1, 0x00, 0x00, 0x00, 0x28,
    0x52, 0xff, 0x00, 0x00, 0x09, 0xfe, 0x20, 0x00, 0x00, 0x00, 0x00, 0x02, 0xff, 0x00, 0x00, 0x5f, 0xf4, 0x00, 0x00, 0x00,
    0x00, 0x00, 0x02, 0xff, 0x00, 0x02, 0xef, 0x70, 0x00, 0x00, 0x00, 0x00, 0x00, 0x02, 0xff, 0x00, 0x0a, 0xfb, 0x00, 0x00,
    0x00, 0x02, 0x00, 0x00, 0x02, 0xff, 0x00, 0x4f, 0xe2, 0x00, 0x00, 0x00, 0x0e, 0xc0, 0x00, 0x02, 0xff, 0x00, 0xbf, 0x80,
    0x00, 0x00, 0x00, 0x1f, 0xe0, 0x00, 0x02, 0xff, 0x00, 0xef, 0x30, 0x00, 0x00, 0x00, 0x3f, 0xd0, 0x00, 0x02, 0xff, 0x00,
    0xef, 0x81, 0x00, 0x00, 0x00, 0x8f, 0xa0, 0x00, 0x02, 0xff, 0x00, 0x9f, 0xff, 0xff, 0xff, 0xff, 0xff, 0x50, 0x00, 0x02,
    0xff, 0x00, 0x19, 0xef, 0xff, 0xff, 0xff, 0xf9, 0x00, 0x00, 0x02, 0xff, 0x00, 0x00, 0x02, 0x22, 0x22, 0x22, 0x10, 0x00,
    0x00, 0x00, 0x00, 0x00, 0x00, 0x22, 0x00, 0x00, 0x00, 0x00, 0x00, 0x00, 0x00, 0x00, 0x00, 0x01, 0xff, 0x30, 0x00, 0x00,
    0x00, 0x00, 0x00, 0x00, 0x00, 0x00, 0x03, 0xff, 0x10, 0x00, 0x00, 0x00, 0x00, 0x00, 0x00, 0x00, 0x00, 0x05, 0xfe, 0x00,
    0x00, 0x00, 0x00, 0x00, 0x0d, 0xff, 0xff, 0xff, 0xff, 0xff, 0xff, 0xff, 0xff, 0xff, 0xf0, 0x0d, 0xff, 0xff, 0xff, 0xff,
    0xff, 0xff, 0xff, 0xff, 0xff, 0xf0, 0x01, 0x11, 0x11, 0x11, 0x3f, 0xfe, 0xfc, 0x11, 0x11, 0x11, 0x10, 0x00, 0x00, 0x00,
    0x00, 0xaf, 0xd3, 0xff, 0x60, 0x00, 0x00, 0x00, 0x00, 0x00, 0x00, 0x05, 0xff, 0x60, 0x9f, 0xe4, 0x00, 0x00, 0x00, 0x00,
    0x00, 0x00, 0x4e, 0xfb, 0x00, 0x1d, 0xfe, 0x40, 0x00, 0x00, 0x00, 0x00, 0x08, 0xff, 0xd9, 0xc3, 0x03, 0xef, 0xf9, 0x10,
    0x00, 0x00, 0x17, 0xdf, 0xfc, 0x5e, 0xff, 0x80, 0x3d, 0xff, 0xe9, 0x40, 0x0a, 0xff, 0xfe, 0x80, 0x01, 0xbf, 0xf9, 0x01,
    0xaf, 0xff, 0xd1, 0x05, 0xfe, 0x81, 0x00, 0x00, 0x6a, 0xb2, 0x00, 0x03, 0xaf, 0x40, 0x00, 0x41, 0x00, 0x11, 0x0b, 0xfb,
    0x00, 0x00, 0x03, 0x31, 0x00, 0x00, 0x1e, 0xa2, 0xff, 0x13, 0xef, 0xa0, 0x00, 0x6f, 0xd0, 0x00, 0x00, 0x5f, 0xd2, 0xff,
    0x10, 0x4f, 0xf7, 0x00, 0x1e, 0xf6, 0x00, 0x00, 0x9f, 0x92, 0xff, 0x10, 0x07, 0xfb, 0x06, 0x27, 0xfc, 0x00, 0x00, 0xef,
    0x52, 0xff, 0x10, 0x00, 0x50, 0x0b, 0xf6, 0xff, 0x40, 0x06, 0xfe, 0x01, 0xff, 0x30, 0x00, 0x00, 0x2e, 0xf3, 0xaf, 0x90,
    0x0b, 0xf9, 0x00, 0xef, 0xff, 0xff, 0xff, 0xff, 0xd0, 0x6f, 0xd0, 0x00, 0x62, 0x00, 0x4c, 0xef, 0xff, 0xff, 0xfc, 0x40,
    0x15, 0x00, 0x00, 0x0c, 0xcc, 0xcc, 0xcc, 0xcc, 0xcc, 0xcc, 0xcc, 0xc0, 0x00, 0x00, 0x0f, 0xff, 0xff, 0xff, 0xff, 0xff,
    0xff, 0xff, 0xf0, 0x00, 0x00, 0x0f, 0xf3, 0x22, 0x24, 0xff, 0x22, 0x22, 0x4f, 0xf0, 0x00, 0x00, 0x0f, 0xf1, 0x00, 0x02,
    0xff, 0x00, 0x00, 0x2f, 0xf0, 0x00, 0x00, 0x0f, 0xfd, 0xdd, 0xdf, 0xff, 0xdd, 0xdd, 0xdf, 0xf0, 0x00, 0x00, 0x0f, 0xff,
    0xff, 0xff, 0xff, 0xff, 0xff, 0xff, 0xf0, 0x00, 0x00, 0x0f, 0xf1, 0x00, 0x02, 0xff, 0x00, 0x00, 0x2f, 0xf0, 0x00, 0x00,
    0x0f, 0xf1, 0x00, 0x02, 0xff, 0x00, 0x00, 0x2f, 0xf0, 0x00, 0x00, 0x0f, 0xf3, 0x22, 0x24, 0xff, 0x22, 0x22, 0x4f, 0xf0,
    0x00, 0x00, 0x0f, 0xff, 0xff, 0xff, 0xff, 0xff, 0xff, 0xff, 0xf0, 0x00, 0x00, 0x0c, 0xcc, 0xcc, 0xcd, 0xcc, 0xcc, 0xcc,
    0xcc, 0xc0, 0x00, 0x00, 0x00, 0x00, 0x00, 0x0b, 0xb2, 0x00, 0x00, 0x00, 0x00, 0x00, 0x00, 0x00, 0x00, 0x00, 0x4e, 0xfe,
    0x60, 0x00, 0x00, 0x20, 0x00, 0x00, 0x1d, 0x91, 0xaa, 0x22, 0xbf, 0xfa, 0x00, 0x4e, 0xd1, 0x00, 0x00, 0x5f, 0xe0, 0xff,
    0x20, 0x08, 0xfe, 0x30, 0x1e, 0xf9, 0x00, 0x00, 0xbf, 0x90, 0xff, 0x20, 0x00, 0x63, 0x16, 0x15, 0xff, 0x30, 0x03, 0xff,
    0x30, 0xff, 0x20, 0x00, 0x00, 0x3f, 0xe0, 0xcf, 0xb0, 0x0c, 0xfc, 0x00, 0xff, 0x41, 0x00, 0x01, 0x8f, 0xd0, 0x5f, 0xf2,
    0x08, 0xe4, 0x00, 0xcf, 0xff, 0xff, 0xff, 0xff, 0x80, 0x1d, 0x81, 0x00, 0x10, 0x00, 0x3b, 0xef, 0xff, 0xff, 0xea, 0x10,
    0x00, 0x00, 0x00, 0x00, 0x00, 0x29, 0x61, 0x00, 0x00, 0x00, 0x00, 0x00, 0x00, 0x00, 0x00, 0x00, 0xbf, 0xc0, 0x00, 0x00,
    0x00, 0x00, 0x00, 0x00, 0x00, 0x00, 0x0a, 0xff, 0xff, 0xff, 0xff, 0xe5, 0x00, 0x00, 0x00, 0x00, 0x01, 0xaf, 0xff, 0xdd,
    0xdd, 0xff, 0xf8, 0x00, 0x00, 0x00, 0x00, 0x3d, 0xff, 0x60, 0x00, 0x02, 0xef, 0xb0, 0x00, 0x00, 0x00, 0x06, 0xff, 0xff,
    0xdd, 0xdd, 0xdf, 0xff, 0xdd, 0xdd, 0x20, 0x00, 0x01, 0xcd, 0xff, 0xff, 0xff, 0xff, 0xff, 0xff, 0xff, 0x20, 0x00, 0x00,
    0x10, 0x00, 0x00, 0x00, 0x00, 0x00, 0x00, 0xff, 0x20, 0x00, 0x00, 0x00, 0x00, 0x00, 0x00, 0x00, 0x00, 0x00, 0xff, 0x20,
    0x00, 0x00, 0x00, 0xaf, 0xff, 0xff, 0xff, 0xff, 0xff, 0xff, 0x20, 0x00, 0x00, 0x00, 0x9d, 0xdd, 0xdd, 0xdd, 0xdd, 0xdd,
    0xff, 0x20, 0x00, 0x00, 0x00, 0x00, 0x00, 0x00, 0x00, 0x00, 0x00, 0xff, 0x20, 0x00, 0x00, 0x06, 0xff, 0xff, 0xff, 0xff,
    0xff, 0xff, 0xff, 0x20, 0x00, 0x00, 0x05, 0xdd, 0xdd, 0xdd, 0xed, 0xdd, 0xdd, 0xdd, 0x20, 0x00, 0x00, 0x00, 0x00, 0x00,
    0x09, 0xf5, 0x00, 0x00, 0x01, 0x40, 0x00, 0x00, 0x19, 0x32, 0xcc, 0x07, 0xff, 0x40, 0x00, 0x2e, 0xf3, 0x00, 0x00, 0x6f,
    0xd3, 0xff, 0x00, 0x9f, 0xe1, 0x01, 0x0a, 0xfb, 0x00, 0x00, 0xdf, 0x82, 0xff, 0x00, 0x0c, 0xd2, 0x1f, 0xa3, 0xff, 0x40,
    0x06, 0xff, 0x12, 0xff, 0x10, 0x02, 0x10, 0x4f, 0xe0, 0xbf, 0xa0, 0x0c, 0xf9, 0x00, 0xef, 0xff, 0xff, 0xff, 0xff, 0x90,
    0x5f, 0xb0, 0x00, 0x52, 0x00, 0x5c, 0xef, 0xff, 0xff, 0xeb, 0x10, 0x12, 0x00, 0x00, 0x06, 0x74, 0x00, 0x00, 0x17, 0x50,
    0x00, 0x00, 0x00, 0x00, 0x00, 0x0c, 0xf7, 0x00, 0x00, 0x3f, 0xe0, 0x00, 0x00, 0x00, 0x00, 0x00, 0x0c, 0xf7, 0x00, 0x00,
    0x5f, 0xc0, 0x00, 0x00, 0x00, 0x00, 0x00, 0x0c, 0xf7, 0x00, 0x00, 0x7f, 0xa0, 0x00, 0x00, 0x00, 0x00, 0x00, 0x0c, 0xf9,
    0x62, 0xff, 0xff, 0xff, 0xff, 0xff, 0xff, 0xf0, 0x08, 0xbc, 0xfe, 0xf8, 0xff, 0xff, 0xff, 0xff, 0xff, 0xff, 0xf0, 0x0b,
    0xec, 0xf8, 0xfc, 0x00, 0xdf, 0x30, 0x02, 0x41, 0x00, 0x00, 0x0d, 0xdc, 0xf7, 0xbf, 0x21, 0xff, 0x10, 0x08, 0xf5, 0x00,
    0x00, 0x0f, 0xac, 0xf7, 0x7f, 0x45, 0xfc, 0x14, 0x19, 0xf4, 0x06, 0x20, 0x4f, 0x8c, 0xf7, 0x21, 0x08, 0xf9, 0x4f, 0x6a,
    0xf3, 0x3f, 0x90, 0x7f, 0x4c, 0xf7, 0x00, 0x0d, 0xf5, 0x7f, 0x3c, 0xf1, 0x7f, 0x60, 0x02, 0x0c, 0xf7, 0x00, 0x3f, 0xf1,
    0xaf, 0x0e, 0xe0, 0xaf, 0x10, 0x00, 0x0c, 0xf7, 0x00, 0x9f, 0xb1, 0xeb, 0x2f, 0xe1, 0xfc, 0x00, 0x00, 0x0c, 0xf7, 0x01,
    0xff, 0x54, 0xf5, 0x5f, 0xf5, 0xf6, 0x00, 0x00, 0x0c, 0xf7, 0x09, 0xfd, 0x00, 0x30, 0xaf, 0xf2, 0x21, 0x00, 0x00, 0x0c,
    0xf7, 0x4f, 0xf6, 0x00, 0x02, 0xff, 0xf9, 0x00, 0x00, 0x00, 0x0c, 0xf7, 0xaf, 0xc0, 0x00, 0x0a, 0xf9, 0xdf, 0x30, 0x00,
    0x00, 0x0c, 0xf7, 0x08, 0x20, 0x00, 0x8f, 0xe2, 0x5f, 0xe2, 0x00, 0x00, 0x0c, 0xf7, 0x00, 0x00, 0x3b, 0xff, 0x50, 0x09,
    0xfd, 0x40, 0x00, 0x0c, 0xf7, 0x00, 0x05, 0xff, 0xe5, 0x00, 0x00, 0xbf, 0xe2, 0x00, 0x0c, 0xf7, 0x00, 0x00, 0xb9, 0x20,
    0x00, 0x00, 0x07, 0x50, 0x00, 0x00, 0x00, 0x00, 0x00, 0x00, 0x00, 0x00, 0x00, 0x00, 0x00, 0x00, 0x00, 0x00, 0x00, 0x00,
    0x00, 0x00, 0x00, 0x00, 0x00, 0x00, 0x00, 0x00, 0x00, 0x00, 0x03, 0xfd, 0x60, 0x00, 0x00, 0x00, 0x00, 0x00, 0x00, 0x00,
    0x00, 0x08, 0xfe, 0x10, 0x00, 0x00, 0x00, 0x00, 0x00, 0x00, 0xdd, 0xdd, 0xdf, 0xff, 0xdd, 0xdd, 0xdd, 0x00, 0x00, 0x00,
    0x00, 0xff, 0xff, 0xff, 0xff, 0xff, 0xff, 0xff, 0x00, 0x00, 0x00, 0x00, 0xff, 0x20, 0x00, 0x00, 0x00, 0x02, 0xff, 0x00,
    0x00, 0x00, 0x00, 0xff, 0xa9, 0x99, 0x99, 0x99, 0x9a, 0xff, 0x00, 0x00, 0x00, 0x00, 0xff, 0xff, 0xff, 0xff, 0xff, 0xff,
    0xff, 0x00, 0x00, 0x00, 0x00, 0xff, 0x20, 0x00, 0x00, 0x00, 0x02, 0xff, 0x00, 0x00, 0x00, 0x00, 0xff, 0xa9, 0x99, 0x99,
    0x99, 0x9a, 0xff, 0x00, 0x00, 0x00, 0x00, 0xff, 0xff, 0xff, 0xff, 0xff, 0xff, 0xff, 0x00, 0x00, 0x00, 0x00, 0xff, 0x20,
    0x00, 0x00, 0x00, 0x02, 0xff, 0x00, 0x00, 0x00, 0x00, 0xff, 0xdd, 0xdd, 0xdd, 0xdd, 0xdd, 0xff, 0x00, 0x00, 0x00, 0x00,
    0xff, 0xff, 0xff, 0xff, 0xff, 0xff, 0xff, 0x00, 0x00, 0x00, 0x00, 0x00, 0x00, 0x05, 0xea, 0x00, 0x00, 0x00, 0x00, 0x00,
    0x00, 0x25, 0x03, 0x76, 0x03, 0xef, 0x80, 0x00, 0x19, 0xd1, 0x00, 0x00, 0x8f, 0xa7, 0xfd, 0x00, 0x5f, 0xf5, 0x00, 0x1d,
    0xf9, 0x00, 0x00, 0xdf, 0x67, 0xfd, 0x00, 0x0a, 0xf9, 0x06, 0x26, 0xff, 0x20, 0x05, 0xfe, 0x17, 0xfd, 0x00, 0x01, 0x50,
    0x0c, 0xf4, 0xdf, 0x90, 0x0d, 0xf9, 0x06, 0xfe, 0x21, 0x00, 0x00, 0x3f, 0xf1, 0x7f, 0xe0, 0x1b, 0xf2, 0x03, 0xff, 0xff,
    0xff, 0xff, 0xff, 0xc0, 0x2a, 0x30, 0x00, 0x20, 0x00, 0x7d, 0xff, 0xff, 0xff, 0xec, 0x30, 0x00, 0x00, 0x00, 0x05, 0x72,
    0x00, 0x00, 0x00, 0x17, 0x70, 0x00, 0x00, 0x00, 0x00, 0x0b, 0xf4, 0x00, 0x00, 0x00, 0x2f, 0xf0, 0x00, 0x00, 0x00, 0x00,
    0x0b, 0xf4, 0x08, 0xff, 0xff, 0xff, 0xff, 0xff, 0xff, 0x80, 0x00, 0x0b, 0xf6, 0x45, 0x99, 0x99, 0xcf, 0xf9, 0x99, 0x99,
    0x50, 0x03, 0x3b, 0xfe, 0xf1, 0x55, 0x55, 0x7f, 0xf5, 0x55, 0x55, 0x00, 0x0a, 0xfb, 0xf8, 0xf7, 0xef, 0xff, 0xff, 0xff,
    0xff, 0xff, 0x00, 0x0b, 0xeb, 0xf4, 0xc8, 0x22, 0x22, 0x4f, 0xf2, 0x22, 0x22, 0x00, 0x0e, 0xcb, 0xf4, 0x3b, 0xbb, 0xbb,
    0xef, 0xfb, 0xbb, 0xbb, 0xb2, 0x1f, 0xab, 0xf4, 0x3f, 0xff, 0xff, 0xff, 0xff, 0xff, 0xff, 0xf3, 0x5f, 0x7b, 0xf4, 0x01,
    0x11, 0x11, 0x11, 0x11, 0x11, 0x11, 0x10, 0x3b, 0x4b, 0xf4, 0x00, 0x9f, 0xff, 0xff, 0xff, 0xff, 0xfa, 0x00, 0x00, 0x0b,
    0xf4, 0x00, 0x9f, 0xed, 0xdd, 0xdd, 0xdf, 0xfa, 0x00, 0x00, 0x0b, 0xf4, 0x00, 0x9f, 0xb0, 0x00, 0x00, 0x0b, 0xfa, 0x00,
    0x00, 0x0b, 0xf4, 0x00, 0x9f, 0xff, 0xff, 0xff, 0xff, 0xfa, 0x00, 0x00, 0x0b, 0xf4, 0x00, 0x9f, 0xf9, 0x99, 0x99, 0x9f,
    0xfa, 0x00, 0x00, 0x0b, 0xf4, 0x00, 0x9f, 0xb0, 0x00, 0x00, 0x0b, 0xfa, 0x00, 0x00, 0x0b, 0xf4, 0x00, 0x9f, 0xff, 0xff,
    0xff, 0xff, 0xfa, 0x00, 0x00, 0x0b, 0xf4, 0x00, 0x9f, 0xf8, 0x88, 0x88, 0x8f, 0xfa, 0x00, 0x00, 0x0b, 0xf4, 0x00, 0x9f,
    0xb0, 0x00, 0x00, 0x0b, 0xfa, 0x00, 0x00, 0x0b, 0xf4, 0x00, 0x9f, 0xb0, 0x00, 0x1d, 0xdf, 0xf9, 0x00, 0x00, 0x0b, 0xf4,
    0x00, 0x9f, 0xb0, 0x00, 0x0b, 0xed, 0xa2, 0x00, 0x00, 0x00, 0x18, 0x80, 0x00, 0x00, 0x00, 0x00, 0x00, 0x00, 0x00, 0x00,
    0x00, 0x1f, 0xf1, 0x00, 0x0d, 0xdd, 0xdd, 0xdd, 0xdd, 0x10, 0x00, 0x00, 0x1f, 0xf1, 0x00, 0x0f, 0xff, 0xff, 0xff, 0xff,
    0x10, 0x08, 0xaa, 0xbf, 0xfa, 0xaa, 0x3f, 0xf0, 0x00, 0x01, 0xff, 0x10, 0x0d, 0xff, 0xff, 0xff, 0xff, 0x4f, 0xf0, 0x00,
    0x01, 0xff, 0x10, 0x09, 0xaa, 0xff, 0xfb, 0xaa, 0x3f, 0xff, 0xff, 0xff, 0xff, 0x10, 0x00, 0x01, 0xff, 0xf2, 0x00, 0x0f,
    0xfd, 0xdd, 0xdd, 0xff, 0x10, 0x00, 0x08, 0xff, 0xfe, 0x40, 0x0f, 0xf0, 0x00, 0x01, 0xff, 0x10, 0x00, 0x4f, 0xef, 0xff,
    0xf8, 0x0f, 0xfa, 0xaa, 0xaa, 0xff, 0x10, 0x03, 0xef, 0x4f, 0xf3, 0xcf, 0x4f, 0xff, 0xff, 0xff, 0xff, 0x10, 0x2e, 0xf7,
    0x1f, 0xf1, 0x15, 0x0f, 0xf0, 0x00, 0x01, 0xff, 0x10, 0x07, 0x90, 0x1f, 0xf1, 0x00, 0x0f, 0xfd, 0xdd, 0xdd, 0xff, 0x10,
    0x00, 0x00, 0x1f, 0xf1, 0x00, 0x3f, 0xff, 0xff, 0xff, 0xff, 0x10, 0x00, 0x00, 0x18, 0x80, 0x08, 0xf4, 0x00, 0x00, 0x00,
    0x00, 0x00, 0x00, 0x11, 0x00, 0x00, 0x09, 0xfe, 0x20, 0x00, 0x18, 0xc0, 0x00, 0x00, 0x7e, 0x71, 0xee, 0x20, 0xbf, 0xb0,
    0x00, 0x2f, 0xf6, 0x00, 0x00, 0xcf, 0x61, 0xff, 0x20, 0x2e, 0xe2, 0x22, 0x08, 0xfe, 0x10, 0x03, 0xff, 0x11, 0xff, 0x20,
    0x05, 0x30, 0x6f, 0x91, 0xef, 0x90, 0x0b, 0xfa, 0x01, 0xff, 0x40, 0x00, 0x01, 0xaf, 0x90, 0x7f, 0xe1, 0x19, 0xf3, 0x00,
    0xdf, 0xff, 0xff, 0xff, 0xff, 0x40, 0x19, 0x20, 0x00, 0x10, 0x00, 0x4c, 0xef, 0xff, 0xff, 0xe8, 0x00, 0x00, 0x00, 0x00,
    0x00, 0x00, 0x00, 0x00, 0x00, 0x00, 0x00, 0x00, 0x00, 0x00, 0x00, 0x00, 0x00, 0x00, 0x00, 0x00, 0x0f, 0xf1, 0x8c, 0x40,
    0x00, 0x00, 0x00, 0x00, 0x00, 0x00, 0x00, 0x0f, 0xf1, 0x5e, 0xf6, 0x00, 0x00, 0x0d, 0xfd, 0xdd, 0xdd, 0xdd, 0xdf, 0xff,
    0xde, 0xfd, 0xd3, 0x00, 0x0f, 0xff, 0xff, 0xff, 0xff, 0xff, 0xff, 0xff, 0xff, 0xf4, 0x00, 0x0f, 0xf0, 0x00, 0x00, 0x00,
    0x0b, 0xf5, 0x00, 0x10, 0x00, 0x00, 0x1f, 0xf4, 0xbb, 0xbb, 0xbb, 0x69, 0xf7, 0x01, 0xed, 0x20, 0x00, 0x1f, 0xe4, 0xdd,
    0xdd, 0xdd, 0x77, 0xfa, 0x06, 0xfc, 0x00, 0x00, 0x2f, 0xe0, 0x00, 0x00, 0x00, 0x03, 0xfd, 0x1e, 0xf5, 0x00, 0x00, 0x4f,
    0xc3, 0xff, 0xff, 0xff, 0x40, 0xef, 0xdf, 0xb0, 0x00, 0x00, 0x6f, 0xa3, 0xfc, 0x88, 0xbf, 0x40, 0xaf, 0xfe, 0x11, 0x20,
    0x00, 0xaf, 0x73, 0xf9, 0x00, 0x8f, 0x40, 0xcf, 0xf6, 0x03, 0xf6, 0x01, 0xef, 0x23, 0xfd, 0xbb, 0xdf, 0x5b, 0xff, 0xfc,
    0x27, 0xf7, 0x08, 0xfd, 0x02, 0xbb, 0xbb, 0xbb, 0xbf, 0xe6, 0xef, 0xff, 0xf3, 0x05, 0xe5, 0x00, 0x00, 0x00, 0x44, 0x07,
    0x20, 0x2a, 0xee, 0x80, 0x00, 0x30, 0x00, 0x88, 0x24, 0xfe, 0x30, 0x00, 0x00, 0x51, 0x00, 0x00, 0x0a, 0x81, 0xff, 0x30,
    0x9f, 0xd1, 0x00, 0x0c, 0xf8, 0x00, 0x00, 0x3f, 0xf1, 0xff, 0x30, 0x0c, 0xfb, 0x05, 0x45, 0xfe, 0x10, 0x00, 0xaf, 0x90,
    0xff, 0x30, 0x02, 0xc4, 0x0a, 0xf6, 0xdf, 0x80, 0x03, 0xff, 0x30, 0xff, 0x40, 0x00, 0x00, 0x0d, 0xf4, 0x6f, 0xe1, 0x07,
    0xfb, 0x00, 0xdf, 0xed, 0xdd, 0xdd, 0xef, 0xe1, 0x1d, 0x91, 0x00, 0x22, 0x00, 0x3c, 0xef, 0xff, 0xff, 0xfd, 0x40, 0x00,
    0x00, 0x00, 0x00, 0x00, 0x00, 0x00, 0x01, 0x44, 0x00, 0x11, 0x00, 0x00, 0x00, 0x00, 0x00, 0x00, 0x00, 0x02, 0xff, 0x13,
    0xdc, 0x10, 0x00, 0x00, 0x00, 0x00, 0x00, 0x00, 0x01, 0xff, 0x11, 0xdf, 0xc1, 0x00, 0x1f, 0xff, 0xff, 0xff, 0xe6, 0x01,
    0xff, 0x20, 0x2d, 0xfb, 0x00, 0x1f, 0xff, 0xff, 0xff, 0xf6, 0x00, 0xff, 0x30, 0x02, 0xc2, 0x00, 0x00, 0x00, 0x00, 0x2f,
    0xf4, 0x00, 0xef, 0x30, 0x02, 0x46, 0x50, 0x02, 0xa0, 0x00, 0x5f, 0xf3, 0x56, 0xff, 0xfe, 0xff, 0xff, 0xb0, 0x0c, 0xf9,
    0x00, 0x8f, 0xd6, 0xff, 0xff, 0xff, 0xfd, 0xca, 0x70, 0x03, 0xff, 0x60, 0xdf, 0x83, 0xb9, 0xff, 0xb2, 0x00, 0x40, 0x00,
    0x00, 0x6f, 0xf6, 0xff, 0x40, 0x00, 0x9f, 0x90, 0x02, 0xfc, 0x00, 0x00, 0x0a, 0xff, 0xfe, 0x00, 0x00, 0x7f, 0xb0, 0x09,
    0xfa, 0x00, 0x00, 0x01, 0xef, 0xf8, 0x00, 0x00, 0x5f, 0xd0, 0x3f, 0xf3, 0x00, 0x00, 0x00, 0xbf, 0xf9, 0x00, 0x00, 0x2f,
    0xf1, 0xcf, 0x90, 0x00, 0x00, 0x01, 0xef, 0xff, 0x30, 0x00, 0x0e, 0xfd, 0xfd, 0x10, 0x00, 0x00, 0x0a, 0xff, 0xff, 0xc0,
    0x00, 0x0b, 0xff, 0xf4, 0x00, 0x00, 0x00, 0x6f, 0xf8, 0x3f, 0xf7, 0x00, 0x0c, 0xff, 0x80, 0x0a, 0x30, 0x04, 0xff, 0xc0,
    0x08, 0xfa, 0x00, 0x6f, 0xff, 0x50, 0x0d, 0xf1, 0x4f, 0xfe, 0x20, 0x01, 0x80, 0x19, 0xff, 0xff, 0xd2, 0x2f, 0xe0, 0x0b,
    0xe3, 0x00, 0x00, 0x05, 0xef, 0xf9, 0x3f, 0xfe, 0xdf, 0xa0, 0x01, 0x20, 0x00, 0x00, 0x01, 0xce, 0x60, 0x07, 0xff, 0xff,
    0x50, 0x00, 0x00, 0x00, 0x00, 0x00, 0x12, 0x00, 0x00, 0x5c, 0xfa, 0x00, 0x00, 0x00, 0x00, 0x00, 0x00, 0x00, 0x00, 0x00,
    0x00, 0x00, 0x00, 0x00, 0x00, 0x00, 0x00, 0x00, 0x02, 0x88, 0x02, 0x71, 0x00, 0x00, 0x00, 0x00, 0x00, 0x00, 0x00, 0x04,
    0xff, 0x1c, 0xfd, 0x40, 0x00, 0x00, 0x00, 0x00, 0x00, 0x00, 0x03, 0xff, 0x12, 0xbf, 0xf8, 0x00, 0x00, 0x01, 0x31, 0x11,
    0x11, 0x14, 0xff, 0x21, 0x18, 0xf5, 0x10, 0x00, 0x5f, 0xff, 0xff, 0xff, 0xff, 0xff, 0xff, 0xff, 0xff, 0xf2, 0x00, 0x5f,
    0xff, 0xff, 0xff, 0xff, 0xff, 0xff, 0xff, 0xff, 0xf2, 0x00, 0x5f, 0xf1, 0x11, 0x11, 0x11, 0xff, 0x51, 0x11, 0x11, 0x10,
    0x00, 0x5f, 0xf0, 0x00, 0x00, 0x00, 0xef, 0x50, 0x02, 0x20, 0x00, 0x00, 0x5f, 0xf1, 0x11, 0x11, 0x00, 0xcf, 0x70, 0x0a,
    0xfa, 0x00, 0x00, 0x5f, 0xff, 0xff, 0xff, 0x40, 0xaf, 0x90, 0x1f, 0xf6, 0x00, 0x00, 0x5f, 0xff, 0xff, 0xff, 0x40, 0x9f,
    0xb0, 0x7f, 0xe1, 0x00, 0x00, 0x5f, 0xe0, 0x00, 0xef, 0x30, 0x6f, 0xe1, 0xef, 0x80, 0x00, 0x00, 0x6f, 0xe0, 0x00, 0xef,
    0x30, 0x3f, 0xfa, 0xfe, 0x20, 0x00, 0x00, 0x7f, 0xd0, 0x00, 0xff, 0x20, 0x0e, 0xff, 0xf7, 0x00, 0x00, 0x00, 0x8f, 0xb0,
    0x01, 0xff, 0x20, 0x0c, 0xff, 0xd0, 0x00, 0x00, 0x00, 0xaf, 0x91, 0x04, 0xff, 0x00, 0x0f, 0xff, 0x30, 0x08, 0x70, 0x00,
    0xdf, 0x79, 0xff, 0xfd, 0x00, 0x9f, 0xff, 0x50, 0x0a, 0xf4, 0x02, 0xff, 0x35, 0xff, 0xd4, 0x1b, 0xff, 0xff, 0xd0, 0x0c,
    0xf2, 0x07, 0xfe, 0x00, 0x00, 0x04, 0xdf, 0xf7, 0x3f, 0xfa, 0x4f, 0xe0, 0x1e, 0xf9, 0x00, 0x00, 0x3f, 0xff, 0x50, 0x07,
    0xff, 0xff, 0x90, 0x06, 0xe2, 0x00, 0x00, 0x06, 0xc2, 0x00, 0x00, 0x6d, 0xeb, 0x10, 0x00, 0x20, 0x00, 0x00, 0x00, 0x00,
    0x00, 0x00, 0x00, 0x00, 0x00, 0x00, 0x00, 0x00, 0x00, 0x01, 0x20, 0x14, 0x40, 0x00, 0x00, 0x00, 0x00, 0x00, 0x01, 0x47,
    0xbf, 0xe2, 0x4f, 0xf1, 0x1a, 0x40, 0x00, 0x03, 0x8a, 0xdf, 0xff, 0xff, 0xf9, 0x4f, 0xf1, 0x9f, 0xe4, 0x00, 0x03, 0xff,
    0xff, 0xff, 0x74, 0x10, 0x3f, 0xf2, 0x0a, 0xfe, 0x30, 0x00, 0x65, 0x23, 0xff, 0x00, 0x00, 0x2f, 0xf2, 0x00, 0xbf, 0xd0,
    0x00, 0x00, 0x02, 0xff, 0x00, 0x00, 0x2f, 0xf2, 0x00, 0x1b, 0x30, 0x01, 0x11, 0x14, 0xff, 0x11, 0x11, 0x2f, 0xf5, 0x11,
    0x11, 0x11, 0x08, 0xff, 0xff, 0xff, 0xff, 0xff, 0xff, 0xff, 0xff, 0xff, 0xf8, 0x08, 0xff, 0xff, 0xff, 0xff, 0xff, 0xff,
    0xff, 0xff, 0xff, 0xf8, 0x00, 0x00, 0x02, 0xff, 0x00, 0x00, 0x0b, 0xf8, 0x00, 0x00, 0x00, 0x00, 0x00, 0x02, 0xff, 0x00,
    0x00, 0x09, 0xfb, 0x00, 0xbb, 0x40, 0x00, 0x00, 0x02, 0xff, 0x24, 0x7a, 0x07, 0xfd, 0x06, 0xff, 0x20, 0x00, 0x03, 0x6b,
    0xff, 0xff, 0xff, 0x14, 0xff, 0x4f, 0xf8, 0x00, 0x0b, 0xff, 0xff, 0xff, 0xfd, 0x96, 0x11, 0xff, 0xff, 0xb0, 0x00, 0x09,
    0xff, 0xdc, 0xff, 0x10, 0x00, 0x00, 0xff, 0xfd, 0x10, 0x00, 0x03, 0x51, 0x02, 0xff, 0x00, 0x00, 0x04, 0xff, 0xf2, 0x00,
    0x81, 0x00, 0x00, 0x02, 0xff, 0x00, 0x00, 0x8f, 0xff, 0xf3, 0x00, 0xed, 0x00, 0x00, 0x02, 0xff, 0x00, 0x4d, 0xff, 0xbd,
    0xfb, 0x01, 0xfd, 0x00, 0x22, 0x25, 0xff, 0x0a, 0xff, 0xf7, 0x05, 0xff, 0x87, 0xfa, 0x00, 0x5f, 0xff, 0xfc, 0x02, 0xdb,
    0x30, 0x00, 0xaf, 0xff, 0xf5, 0x00, 0x1e, 0xfe, 0xb3, 0x00, 0x10, 0x00, 0x00, 0x09, 0xef, 0x90, 0x00, 0x00, 0x00, 0x00,
    0x00, 0x00, 0x00, 0x00, 0x00, 0x00, 0x00, 0x00, 0x00, 0x00, 0x00, 0x00, 0x02, 0x76, 0x00, 0x50, 0x00, 0x00, 0x00, 0x00,
    0x00, 0x00, 0x00, 0x04, 0xfe, 0x09, 0xfd, 0x50, 0x00, 0x00, 0x00, 0x00, 0x00, 0x00, 0x04, 0xfe, 0x02, 0xbf, 0xf8, 0x00,
    0x02, 0x22, 0x22, 0x22, 0x22, 0x26, 0xff, 0x22, 0x28, 0xf5, 0x10, 0x0d, 0xff, 0xff, 0xff, 0xff, 0xff, 0xff, 0xff, 0xff,
    0xff, 0x60, 0x0d, 0xff, 0xff, 0xff, 0xff, 0xff, 0xff, 0xff, 0xff, 0xff, 0x60, 0x00, 0x00, 0x00, 0x00, 0x00, 0x01, 0xff,
    0x20, 0x00, 0x00, 0x00, 0x00, 0x00, 0x00, 0x00, 0x00, 0x00, 0xef, 0x40, 0x03, 0x10, 0x00, 0x00, 0xff, 0xff, 0xff, 0xff,
    0x00, 0xcf, 0x50, 0x0d, 0xf7, 0x00, 0x00, 0xff, 0xdd, 0xde, 0xff, 0x00, 0xbf, 0x70, 0x4f, 0xf2, 0x00, 0x00, 0xff, 0x10,
    0x02, 0xff, 0x00, 0x9f, 0x90, 0xaf, 0xb0, 0x00, 0x00, 0xff, 0x10, 0x02, 0xff, 0x00, 0x7f, 0xb2, 0xff, 0x50, 0x00, 0x00,
    0xff, 0xdd, 0xdd, 0xff, 0x00, 0x4f, 0xeb, 0xfc, 0x00, 0x00, 0x00, 0xff, 0xff, 0xff, 0xff, 0x00, 0x1f, 0xff, 0xf4, 0x00,
    0x00, 0x00, 0x00, 0x00, 0x00, 0x00, 0x00, 0x0d, 0xff, 0x90, 0x05, 0x00, 0x00, 0x00, 0x00, 0x03, 0x7a, 0x90, 0x0f, 0xff,
    0x10, 0x1f, 0x80, 0x00, 0x15, 0x8b, 0xef, 0xff, 0xc0, 0xaf, 0xff, 0x20, 0x2f, 0xd0, 0x0d, 0xff, 0xff, 0xff, 0xfd, 0x9b,
    0xff, 0xff, 0x90, 0x4f, 0xb0, 0x0d, 0xff, 0xfc, 0x95, 0x13, 0xdf, 0xf6, 0x4f, 0xf7, 0x9f, 0x80, 0x07, 0x74, 0x10, 0x00,
    0x4f, 0xfe, 0x50, 0x09, 0xff, 0xff, 0x30, 0x00, 0x00, 0x00, 0x00, 0x07, 0xc2, 0x00, 0x00, 0x8e, 0xe7, 0x00, 0x00, 0x00,
    0x00, 0x00, 0x00, 0x00, 0x00, 0x00, 0x00, 0x00, 0x00, 0x00, 0x00, 0x0a, 0xc2, 0x00, 0x00, 0x00, 0xcc, 0x00, 0x00, 0x00,
    0x00, 0x00, 0x0c, 0xf2, 0x00, 0x00, 0x00, 0xff, 0x09, 0xd1, 0x00, 0x00, 0x00, 0x0c, 0xf2, 0x00, 0x00, 0x00, 0xef, 0x17,
    0xfb, 0x00, 0x00, 0x00, 0x0c, 0xf2, 0x00, 0x00, 0x00, 0xef, 0x10, 0xbf, 0x70, 0x00, 0x00, 0x0c, 0xff, 0xff, 0xf7, 0x00,
    0xdf, 0x20, 0x2a, 0x20, 0x00, 0x00, 0x0c, 0xff, 0xff, 0xf8, 0x00, 0xcf, 0x30, 0x13, 0x50, 0x00, 0x00, 0x0c, 0xf2, 0x00,
    0x00, 0x25, 0xff, 0xfd, 0xff, 0xf2, 0x00, 0x00, 0x0c, 0xf2, 0x00, 0x08, 0xff, 0xff, 0xff, 0xfd, 0xb3, 0x00, 0x00, 0x0c,
    0xf2, 0x00, 0x06, 0xec, 0xff, 0xb3, 0x03, 0x00, 0x00, 0x00, 0x0c, 0xf2, 0x00, 0x00, 0x00, 0x7f, 0x80, 0x1f, 0xa0, 0x00,
    0xbd, 0xdf, 0xff, 0xdd, 0xd1, 0x00, 0x6f, 0xa0, 0x7f, 0x90, 0x00, 0xdf, 0xff, 0xff, 0xff, 0xf1, 0x00, 0x4f, 0xc1, 0xef,
    0x30, 0x00, 0xdf, 0x55, 0x55, 0x5f, 0xf1, 0x00, 0x2f, 0xe9, 0xfc, 0x00, 0x00, 0xdf, 0x00, 0x00, 0x0f, 0xf1, 0x00, 0x0e,
    0xff, 0xf4, 0x00, 0x00, 0xdf, 0x00, 0x00, 0x0f, 0xf1, 0x00, 0x0c, 0xff, 0xb0, 0x00, 0x00, 0xdf, 0x00, 0x00, 0x0f, 0xf1,
    0x00, 0x1f, 0xff, 0x20, 0x70, 0x00, 0xdf, 0x00, 0x00, 0x0f, 0xf1, 0x00, 0xbf, 0xff, 0x01, 0xf8, 0x00, 0xff, 0xff, 0xff,
    0xff, 0xf1, 0x2c, 0xff, 0xff, 0x43, 0xf7, 0x00, 0xff, 0xff, 0xff, 0xff, 0xf7, 0xef, 0xfb, 0x9f, 0xec, 0xf3, 0x00, 0xdf,
    0x00, 0x00, 0x0f, 0xf7, 0xff, 0xa0, 0x1e, 0xff, 0xd0, 0x00, 0xdf, 0x00, 0x00, 0x0f, 0xf1, 0x97, 0x00, 0x02, 0xce, 0x40,
    0x00, 0x12, 0x00, 0x00, 0x00, 0x00, 0x00, 0x00, 0x00, 0x00, 0x00, 0x00, 0x00, 0x00, 0x00, 0x00, 0x00, 0x00, 0x03, 0x65,
    0x00, 0x00, 0x00, 0x00, 0x00, 0x12, 0x35, 0x68, 0xad, 0xff, 0xff, 0x40, 0x00, 0x00, 0x5d, 0xef, 0xff, 0xff, 0xff, 0xff,
    0xfe, 0xc9, 0x40, 0x00, 0x00, 0x2f, 0xff, 0xed, 0xcb, 0xff, 0x74, 0x20, 0x00, 0x00, 0x00, 0x00, 0x02, 0x10, 0x00, 0x01,
    0xff, 0x20, 0x00, 0x00, 0x00, 0x00, 0x00, 0x00, 0x00, 0x00, 0x01, 0xff, 0x20, 0x00, 0x00, 0x00, 0x00, 0x00, 0x12, 0x22,
    0x22, 0x23, 0xff, 0x42, 0x22, 0x22, 0x21, 0x00, 0x00, 0x7f, 0xff, 0xff, 0xff, 0xff, 0xff, 0xff, 0xff, 0xfb, 0x00, 0x00,
    0x7f, 0xff, 0xff, 0xff, 0xff, 0xff, 0xff, 0xff, 0xfb, 0x00, 0x00, 0x00, 0x00, 0x00, 0x01, 0xff, 0x20, 0x00, 0x00, 0x00,
    0x00, 0x00, 0x00, 0x00, 0x00, 0x01, 0xff, 0x20, 0x00, 0x00, 0x00, 0x00, 0x02, 0x22, 0x22, 0x22, 0x23, 0xff, 0x42, 0x22,
    0x22, 0x22, 0x20, 0x0e, 0xff, 0xff, 0xff, 0xff, 0xff, 0xff, 0xff, 0xff, 0xff, 0xf0, 0x0e, 0xff, 0xff, 0xff, 0xff, 0xff,
    0xff, 0xff, 0xff, 0xff, 0xf0, 0x00, 0x00, 0x00, 0x00, 0x01, 0xff, 0x20, 0x00, 0x00, 0x00, 0x00, 0x00, 0x00, 0x00, 0x00,
    0x01, 0xff, 0x20, 0x00, 0x00, 0x00, 0x00, 0x00, 0x00, 0x00, 0x00, 0x01, 0xff, 0x20, 0x00, 0x00, 0x00, 0x00, 0x00, 0x00,
    0x00, 0x00, 0x01, 0xff, 0x20, 0x00, 0x00, 0x00, 0x00, 0x00, 0x00, 0x02, 0x22, 0x24, 0xff, 0x10, 0x00, 0x00, 0x00, 0x00,
    0x00, 0x00, 0x07, 0xff, 0xff, 0xfe, 0x00, 0x00, 0x00, 0x00, 0x00, 0x00, 0x00, 0x01, 0xff, 0xfe, 0xb3, 0x00, 0x00, 0x00,
    0x00, 0x00, 0x00, 0x00, 0x00, 0x11, 0x00, 0x00, 0x00, 0x00, 0x00, 0x00, 0x00, 0x00, 0x00, 0x00, 0x00, 0x00, 0x00, 0x18,
    0x83, 0x00, 0x00, 0x00, 0x00, 0x00, 0x00, 0x00, 0x00, 0x00, 0x2f, 0xf5, 0x00, 0x00, 0x00, 0x00, 0x00, 0x00, 0x00, 0x00,
    0x00, 0x2f, 0xf5, 0x00, 0x00, 0x00, 0x00, 0x00, 0x00, 0x00, 0x00, 0x00, 0x2f, 0xf5, 0x00, 0x00, 0x00, 0x01, 0x22, 0x22,
    0x22, 0x22, 0x22, 0x4f, 0xf7, 0x22, 0x22, 0x10, 0x08, 0xff, 0xff, 0xff, 0xff, 0xff, 0xff, 0xff, 0xff, 0xff, 0xb0, 0x08,
    0xff, 0xff, 0xff, 0xff, 0xff, 0xff, 0xff, 0xff, 0xff, 0xb0, 0x00, 0x00, 0x00, 0x00, 0x00, 0xaf, 0xff, 0xf5, 0x00, 0x00,
    0x00, 0x00, 0x00, 0x00, 0x00, 0x04, 0xff, 0x9f, 0xf5, 0x00, 0x00, 0x00, 0x00, 0x00, 0x00, 0x00, 0x2e, 0xfc, 0x2f, 0xf5,
    0x00, 0x00, 0x00, 0x00, 0x00, 0x00, 0x01, 0xcf, 0xe3, 0x2f, 0xf5, 0x00, 0x00, 0x00, 0x00, 0x00, 0x00, 0x0a, 0xff, 0x50,
    0x2f, 0xf5, 0x00, 0x00, 0x00, 0x00, 0x00, 0x00, 0xaf, 0xf9, 0x00, 0x2f, 0xf5, 0x00, 0x00, 0x00, 0x00, 0x00, 0x0a, 0xff,
    0xb0, 0x00, 0x2f, 0xf5, 0x00, 0x00, 0x00, 0x00, 0x01, 0xbf, 0xfb, 0x10, 0x00, 0x2f, 0xf5, 0x00, 0x00, 0x00, 0x00, 0x4e,
    0xff, 0xb0, 0x00, 0x00, 0x2f, 0xf5, 0x00, 0x00, 0x00, 0x1a, 0xff, 0xfa, 0x00, 0x00, 0x00, 0x2f, 0xf5, 0x00, 0x00, 0x00,
    0x0a, 0xff, 0x70, 0x00, 0x00, 0x00, 0x2f, 0xf5, 0x00, 0x00, 0x00, 0x00, 0xa4, 0x00, 0x00, 0x02, 0x22, 0x5f, 0xf4, 0x00,
    0x00, 0x00, 0x00, 0x00, 0x00, 0x00, 0x0d, 0xff, 0xff, 0xf2, 0x00, 0x00, 0x00, 0x00, 0x00, 0x00, 0x00, 0x08, 0xff, 0xfc,
    0x60, 0x00, 0x00, 0x00, 0x00, 0x00, 0x00, 0x00, 0x00, 0x11, 0x00, 0x00, 0x00, 0x00, 0x00, 0x00, 0x00, 0x66, 0x10, 0x00,
    0x00, 0x00, 0x00, 0x00, 0x00, 0x00, 0x00, 0x00, 0xff, 0x20, 0x00, 0x00, 0x00, 0x00, 0x00, 0x00, 0x00, 0x00, 0x00, 0xff,
    0x20, 0x0b, 0xdd, 0xdd, 0xdd, 0xdd, 0xdd, 0xd1, 0x00, 0x00, 0xff, 0x20, 0x0d, 0xff, 0xff, 0xff, 0xff, 0xff, 0xf1, 0x02,
    0x22, 0xff, 0x42, 0x17, 0x88, 0x88, 0x8f, 0xfe, 0x88, 0x81, 0x0f, 0xff, 0xff, 0xff, 0xd0, 0x00, 0x00, 0x0f, 0xf6, 0x00,
    0x00, 0x0f, 0xff, 0xff, 0xff, 0xd0, 0x00, 0x00, 0x0f, 0xf6, 0x00, 0x00, 0x00, 0x00, 0xff, 0x20, 0x00, 0x00, 0x00, 0x0f,
    0xf6, 0x00, 0x00, 0x00, 0x00, 0xff, 0x20, 0x00, 0x00, 0x00, 0x0f, 0xf6, 0x00, 0x00, 0x00, 0x00, 0xff, 0x20, 0x00, 0x00,
    0x00, 0x0f, 0xf6, 0x00, 0x00, 0x00, 0x00, 0xff, 0x9a, 0xe0, 0x00, 0x00, 0x0f, 0xf6, 0x00, 0x00, 0x02, 0x59, 0xff, 0xff,
    0xf1, 0x00, 0x00, 0x0f, 0xf6, 0x00, 0x00, 0x2f, 0xff, 0xff, 0xf9, 0x40, 0x00, 0x00, 0x0f, 0xf6, 0x00, 0x00, 0x0d, 0xfb,
    0xff, 0x20, 0x00, 0x00, 0x00, 0x0f, 0xf6, 0x00, 0x00, 0x03, 0x10, 0xff, 0x20, 0x00, 0x00, 0x00, 0x0f, 0xf6, 0x00, 0x00,
    0x00, 0x00, 0xff, 0x20, 0x00, 0x00, 0x00, 0x0f, 0xf6, 0x00, 0x00, 0x00, 0x00, 0xff, 0x20, 0x00, 0x00, 0x00, 0x0f, 0xf6,
    0x00, 0x00, 0x00, 0x00, 0xff, 0x20, 0x00, 0x00, 0x00, 0x0f, 0xf6, 0x00, 0x00, 0x00, 0x00, 0xff, 0x20, 0x00, 0x03, 0x22,
    0x3f, 0xf6, 0x00, 0x00, 0x06, 0xee, 0xff, 0x10, 0x00, 0x0c, 0xff, 0xff, 0xf3, 0x00, 0x00, 0x01, 0xfe, 0xc6, 0x00, 0x00,
    0x07, 0xff, 0xfd, 0x60, 0x00, 0x00, 0x00, 0x00, 0x00, 0x00, 0x00, 0x00, 0x11, 0x00, 0x00, 0x00, 0x00, 0x00, 0x01, 0x55,
    0x00, 0x00, 0x01, 0x44, 0x00, 0x00, 0x00, 0x00, 0x00, 0x02, 0xff, 0x00, 0x00, 0x03, 0xff, 0x03, 0xc5, 0x00, 0x00, 0x00,
    0x02, 0xff, 0x00, 0x00, 0x02, 0xff, 0x18, 0xff, 0x50, 0x00, 0x00, 0x02, 0xff, 0x00, 0x00, 0x01, 0xff, 0x20, 0x9f, 0xf4,
    0x00, 0x01, 0x13, 0xff, 0x11, 0x00, 0x00, 0xff, 0x20, 0x0b, 0xe5, 0x00, 0x1f, 0xff, 0xff, 0xff, 0x80, 0x00, 0xef, 0x30,
    0x14, 0x66, 0x70, 0x1f, 0xff, 0xff, 0xff, 0x96, 0x89, 0xff, 0xff, 0xff, 0xff, 0xf1, 0x00, 0x02, 0xff, 0x00, 0x2f, 0xff,
    0xff, 0xff, 0xfe, 0xcb, 0x91, 0x00, 0x02, 0xff, 0x00, 0x0b, 0x98, 0xff, 0xb2, 0x00, 0x10, 0x00, 0x00, 0x02, 0xff, 0x00,
    0x00, 0x00, 0x8f, 0xa0, 0x02, 0xe8, 0x00, 0x00, 0x02, 0xff, 0x7b, 0x70, 0x00, 0x6f, 0xc0, 0x09, 0xfc, 0x00, 0x03, 0x6c,
    0xff, 0xff, 0xa0, 0x00, 0x4f, 0xe0, 0x4f, 0xf4, 0x00, 0x3f, 0xff, 0xff, 0xb7, 0x20, 0x00, 0x1f, 0xf4, 0xef, 0xa0, 0x00,
    0x0e, 0xdb, 0xff, 0x00, 0x00, 0x00, 0x0d, 0xff, 0xfd, 0x10, 0x00, 0x01, 0x02, 0xff, 0x00, 0x00, 0x00, 0x09, 0xff, 0xe3,
    0x00, 0x00, 0x00, 0x02, 0xff, 0x00, 0x00, 0x00, 0x2f, 0xff, 0x70, 0x04, 0x80, 0x00, 0x02, 0xff, 0x00, 0x00, 0x04, 0xef,
    0xff, 0x90, 0x06, 0xf9, 0x00, 0x02, 0xff, 0x00, 0x01, 0x9f, 0xfe, 0xbf, 0xf5, 0x09, 0xf7, 0x00, 0x03, 0xff, 0x00, 0x8e,
    0xff, 0xc2, 0x0d, 0xff, 0xbe, 0xf3, 0x08, 0xff, 0xfd, 0x00, 0x3e, 0xe7, 0x00, 0x02, 0xef, 0xff, 0xd0, 0x03, 0xfe, 0xc4,
    0x00, 0x02, 0x10, 0x00, 0x00, 0x19, 0xed, 0x30, 0x00, 0x00, 0x00, 0x00, 0x00, 0x00, 0x00, 0x00, 0x00, 0x00, 0x00, 0x00,
    0x01, 0x55, 0x00, 0x00, 0x00, 0x00, 0x00, 0x00, 0x00, 0x00, 0x00, 0x02, 0xff, 0x00, 0x03, 0x63, 0x33, 0x33, 0x33, 0x33,
    0x10, 0x00, 0x02, 0xff, 0x00, 0x0f, 0xff, 0xff, 0xff, 0xff, 0xff, 0x80, 0x00, 0x02, 0xff, 0x00, 0x0f, 0xff, 0xff, 0xff,
    0xff, 0xff, 0x80, 0x01, 0x14, 0xff, 0x11, 0x1f, 0xf2, 0x01, 0xff, 0x00, 0xcf, 0x80, 0x09, 0xff, 0xff, 0xff, 0x2f, 0xf2,
    0x01, 0xff, 0x00, 0xcf, 0x80, 0x09, 0xff, 0xff, 0xff, 0x2f, 0xf2, 0x01, 0xff, 0x00, 0xcf, 0x80, 0x00, 0x02, 0xff, 0x00,
    0x0f, 0xf2, 0x01, 0xff, 0x00, 0xcf, 0x80, 0x00, 0x02, 0xff, 0x00, 0x0f, 0xf2, 0x01, 0xff, 0x00, 0xcf, 0x80, 0x00, 0x02,
    0xff, 0x00, 0x1f, 0xf2, 0x01, 0xff, 0x00, 0xcf, 0x80, 0x00, 0x02, 0xff, 0x9d, 0x5f, 0xff, 0xff, 0xff, 0xff, 0xff, 0x80,
    0x04, 0x7e, 0xff, 0xff, 0x6f, 0xff, 0xff, 0xff, 0xff, 0xff, 0x80, 0x0d, 0xff, 0xff, 0xa5, 0x1f, 0xf5, 0x33, 0x33, 0x33,
    0xff, 0x80, 0x08, 0xca, 0xff, 0x00, 0x0f, 0xf2, 0x00, 0x00, 0x00, 0x79, 0x50, 0x00, 0x02, 0xff, 0x00, 0x0f, 0xf2, 0x00,
    0x00, 0x00, 0x00, 0x00, 0x00, 0x02, 0xff, 0x00, 0x0f, 0xf2, 0x00, 0x00, 0x00, 0x04, 0x20, 0x00, 0x02, 0xff, 0x00, 0x0f,
    0xf2, 0x00, 0x00, 0x00, 0x09, 0xf7, 0x00, 0x02, 0xff, 0x00, 0x0f, 0xf3, 0x00, 0x00, 0x00, 0x0b, 0xf7, 0x00, 0x03, 0xff,
    0x00, 0x0e, 0xf8, 0x22, 0x22, 0x22, 0x5f, 0xf4, 0x01, 0xff, 0xfd, 0x00, 0x0a, 0xff, 0xff, 0xff, 0xff, 0xff, 0xd0, 0x00,
    0xbe, 0xc4, 0x00, 0x01, 0xae, 0xff, 0xff, 0xff, 0xeb, 0x30, 0x00, 0x01, 0x99, 0x00, 0x00, 0x57, 0x30, 0x00, 0x00, 0x00,
    0x00, 0x00, 0x02, 0xff, 0x00, 0x00, 0xbf, 0x60, 0x00, 0x00, 0x00, 0x00, 0x00, 0x02, 0xff, 0x00, 0x01, 0xff, 0x10, 0x00,
    0x00, 0x00, 0x00, 0x00, 0x02, 0xff, 0x00, 0x07, 0xff, 0xff, 0xff, 0xff, 0xff, 0x40, 0x06, 0x79, 0xff, 0x76, 0x1d, 0xff,
    0xff, 0xff, 0xff, 0xff, 0x40, 0x0d, 0xff, 0xff, 0xfd, 0x7f, 0xc0, 0x00, 0x00, 0x00, 0xdf, 0x40, 0x0a, 0xcd, 0xff, 0xce,
    0xff, 0x40, 0x00, 0x00, 0x00, 0xef, 0x30, 0x00, 0x02, 0xff, 0x09, 0xff, 0xff, 0xff, 0xff, 0x10, 0xef, 0x30, 0x00, 0x02,
    0xff, 0x00, 0x8f, 0xff, 0xee, 0xff, 0x10, 0xff, 0x20, 0x00, 0x02, 0xff, 0x00, 0x0f, 0xf2, 0x00, 0xff, 0x10, 0xff, 0x10,
    0x00, 0x02, 0xff, 0xad, 0x0f, 0xf2, 0x00, 0xff, 0x11, 0xff, 0x10, 0x04, 0x8e, 0xff, 0xfd, 0x1f, 0xfa, 0x88, 0xff, 0x13,
    0xff, 0x00, 0x3f, 0xff, 0xff, 0x40, 0x0f, 0xff, 0xff, 0xff, 0x16, 0xfd, 0x00, 0x0f, 0xc8, 0xff, 0x00, 0x0f, 0xff, 0xff,
    0xff, 0xce, 0xfc, 0x00, 0x02, 0x02, 0xff, 0x00, 0x0f, 0xf2, 0x00, 0x07, 0xff, 0xf8, 0x00, 0x00, 0x02, 0xff, 0x00, 0x0f,
    0xf2, 0x00, 0x04, 0xdd, 0x91, 0x00, 0x00, 0x02, 0xff, 0x00, 0x0f, 0xf2, 0x00, 0x00, 0x00, 0x0a, 0x50, 0x00, 0x02, 0xff,
    0x00, 0x0f, 0xf2, 0x00, 0x00, 0x00, 0x1f, 0xf0, 0x00, 0x02, 0xff, 0x00, 0x0f, 0xf5, 0x00, 0x00, 0x00, 0x7f, 0xc0, 0x07,
    0xff, 0xfe, 0x00, 0x0b, 0xff, 0xfe, 0xee, 0xef, 0xff, 0x70, 0x02, 0xff, 0xd5, 0x00, 0x02, 0xbe, 0xff, 0xff, 0xff, 0xe9,
    0x10, 0x00, 0x21, 0x00, 0x00, 0x00, 0x00, 0x00, 0x00, 0x00, 0x00, 0x00, 0x00, 0x05, 0x51, 0x00, 0x00, 0x00, 0x00, 0x00,
    0x00, 0x00, 0x00, 0x00, 0x0f, 0xf2, 0x00, 0x4b, 0xbb, 0xbb, 0xbb, 0xbe, 0xbb, 0x50, 0x00, 0x0f, 0xf2, 0x00, 0x6f, 0xff,
    0xff, 0xff, 0xff, 0xff, 0x70, 0x00, 0x0f, 0xf2, 0x00, 0x12, 0x29, 0xfc, 0x22, 0x29, 0xff, 0x60, 0x11, 0x1f, 0xf4, 0x11,
    0x00, 0x0a, 0xf8, 0x00, 0x07, 0xff, 0x60, 0x7f, 0xff, 0xff, 0xfa, 0x00, 0x0e, 0xf5, 0x00, 0x08, 0xff, 0x40, 0x7f, 0xff,
    0xff, 0xfa, 0x00, 0x4f, 0xf1, 0x00, 0x09, 0xff, 0x30, 0x00, 0x0f, 0xf2, 0x00, 0x00, 0xbf, 0xa0, 0x00, 0x0b, 0xff, 0x20,
    0x00, 0x0f, 0xf2, 0x00, 0x09, 0xff, 0x20, 0x10, 0x1e, 0xfe, 0x00, 0x00, 0x0f, 0xf2, 0x02, 0xcf, 0xf6, 0x00, 0x8f, 0xff,
    0xfa, 0x00, 0x00, 0x0f, 0xf6, 0x85, 0xce, 0x50, 0x00, 0x4f, 0xfe, 0xa1, 0x00, 0x03, 0x7f, 0xff, 0xf9, 0x22, 0x00, 0x00,
    0x00, 0x00, 0x00, 0x00, 0xaf, 0xff, 0xfe, 0x72, 0x2f, 0xff, 0xff, 0xff, 0xff, 0xf8, 0x00, 0x7e, 0xbf, 0xf2, 0x00, 0x2f,
    0xff, 0xff, 0xff, 0xff, 0xf8, 0x00, 0x11, 0x0f, 0xf2, 0x00, 0x2f, 0xf0, 0x00, 0x00, 0x0c, 0xf8, 0x00, 0x00, 0x0f, 0xf2,
    0x00, 0x2f, 0xf0, 0x00, 0x00, 0x0c, 0xf8, 0x00, 0x00, 0x0f, 0xf2, 0x00, 0x2f, 0xf0, 0x00, 0x00, 0x0c, 0xf8, 0x00, 0x00,
    0x0f, 0xf2, 0x00, 0x2f, 0xf0, 0x00, 0x00, 0x0c, 0xf8, 0x00, 0x12, 0x3f, 0xf2, 0x00, 0x2f, 0xff, 0xff, 0xff, 0xff, 0xf8,
    0x00, 0x1f, 0xff, 0xf1, 0x00, 0x2f, 0xff, 0xff, 0xff, 0xff, 0xf8, 0x00, 0x0c, 0xec, 0x50, 0x00, 0x2f, 0xf0, 0x00, 0x00,
    0x0a, 0xd7, 0x00, 0x00, 0x01, 0x55, 0x00, 0x00, 0x00, 0x03, 0x53, 0x00, 0x00, 0x00, 0x00, 0x02, 0xff, 0x00, 0x00, 0x00,
    0x0b, 0xfa, 0x00, 0x00, 0x00, 0x00, 0x02, 0xff, 0x00, 0x00, 0x00, 0x06, 0xfe, 0x00, 0x00, 0x00, 0x00, 0x02, 0xff, 0x00,
    0x3a, 0xaa, 0xad, 0xff, 0xda, 0xaa, 0xa2, 0x01, 0x14, 0xff, 0x11, 0x5f, 0xff, 0xff, 0xff, 0xff, 0xff, 0xf2, 0x0e, 0xff,
    0xff, 0xff, 0x8f, 0xc4, 0x44, 0x44, 0x44, 0x4f, 0xf2, 0x0e, 0xff, 0xff, 0xff, 0x8f, 0xb0, 0x4e, 0xb0, 0x00, 0x0f, 0xf2,
    0x00, 0x02, 0xff, 0x00, 0x39, 0x70, 0x9f, 0xb0, 0x00, 0x08, 0x81, 0x00, 0x02, 0xff, 0x00, 0x11, 0x11, 0xff, 0x71, 0x11,
    0x11, 0x10, 0x00, 0x02, 0xff, 0x00, 0xff, 0xff, 0xff, 0xff, 0xff, 0xff, 0xf7, 0x00, 0x02, 0xff, 0x05, 0xff, 0xff, 0xff,
    0xff, 0xff, 0xff, 0xf7, 0x00, 0x04, 0xff, 0xef, 0x60, 0x3f, 0xf3, 0x00, 0x4f, 0xf3, 0x00, 0x19, 0xdf, 0xff, 0xfd, 0x50,
    0xaf, 0xc0, 0x00, 0x7f, 0xe0, 0x00, 0x0f, 0xff, 0xff, 0x30, 0x02, 0xff, 0x60, 0x00, 0xdf, 0x90, 0x00, 0x08, 0x64, 0xff,
    0x00, 0x0e, 0xff, 0xe7, 0x05, 0xff, 0x30, 0x00, 0x00, 0x02, 0xff, 0x00, 0x00, 0x7f, 0xff, 0xff, 0xfa, 0x00, 0x00, 0x00,
    0x02, 0xff, 0x00, 0x00, 0x00, 0x5f, 0xff, 0xf4, 0x00, 0x00, 0x00, 0x02, 0xff, 0x00, 0x00, 0x01, 0x7f, 0xff, 0xff, 0x91,
    0x00, 0x00, 0x03, 0xff, 0x00, 0x14, 0x9e, 0xff, 0xc4, 0xbf, 0xfe, 0x50, 0x07, 0xff, 0xfd, 0x00, 0xbf, 0xff, 0xd6, 0x00,
    0x06, 0xef, 0xf2, 0x02, 0xfe, 0xb4, 0x00, 0x3e, 0xa5, 0x00, 0x00, 0x00, 0x2c, 0x50, 0x00, 0x00, 0x00, 0x00, 0x00, 0x00,
    0x00, 0x00, 0x00, 0x00, 0x00, 0x00, 0x05, 0x50, 0x00, 0x00, 0x22, 0x00, 0x22, 0x00, 0x00, 0x00, 0x00, 0x0f, 0xf1, 0x00,
    0x00, 0xff, 0x10, 0xff, 0x20, 0x00, 0x00, 0x00, 0x0f, 0xf1, 0x00, 0x00, 0xff, 0x10, 0xff, 0x20, 0x00, 0x00, 0x00, 0x0f,
    0xf1, 0x02, 0x40, 0xff, 0x10, 0xff, 0x20, 0x94, 0x00, 0x11, 0x1f, 0xf2, 0x3f, 0xd1, 0xff, 0x10, 0xff, 0x23, 0xff, 0x20,
    0x8f, 0xff, 0xff, 0xfa, 0xf6, 0xff, 0x10, 0xff, 0x2a, 0xf8, 0x00, 0x8f, 0xff, 0xff, 0xf3, 0xfd, 0xff, 0x10, 0xff, 0x4f,
    0xe1, 0x00, 0x00, 0x0f, 0xf1, 0x00, 0xaf, 0xff, 0x10, 0xff, 0xcf, 0x60, 0x00, 0x00, 0x0f, 0xf1, 0x00, 0x57, 0xff, 0x10,
    0xff, 0x7a, 0x00, 0x00, 0x00, 0x0f, 0xf1, 0x20, 0x00, 0xff, 0x10, 0xff, 0x20, 0x00, 0x00, 0x00, 0x0f, 0xfc, 0xf0, 0x00,
    0xff, 0x10, 0xff, 0xa2, 0x00, 0x00, 0x15, 0xaf, 0xff, 0xe2, 0x09, 0xff, 0x00, 0xff, 0xfe, 0x40, 0x00, 0xbf, 0xff, 0xf7,
    0x11, 0xbf, 0xfe, 0x00, 0xff, 0xbf, 0xe4, 0x00, 0x7e, 0x8f, 0xf1, 0x4e, 0xff, 0xfd, 0x00, 0xff, 0x2a, 0xfe, 0x30, 0x10,
    0x0f, 0xf1, 0x9f, 0xb7, 0xfb, 0x00, 0xff, 0x20, 0xaf, 0x70, 0x00, 0x0f, 0xf1, 0x18, 0x0a, 0xf8, 0x00, 0xff, 0x20, 0x17,
    0x00, 0x00, 0x0f, 0xf1, 0x00, 0x2f, 0xf4, 0x00, 0xff, 0x20, 0x2a, 0x30, 0x00, 0x0f, 0xf1, 0x00, 0xcf, 0xc0, 0x00, 0xff,
    0x20, 0x2f, 0xb0, 0x01, 0x1f, 0xf1, 0x1b, 0xff, 0x30, 0x00, 0xff, 0x30, 0x5f, 0x90, 0x2f, 0xff, 0xe0, 0xcf, 0xf5, 0x00,
    0x00, 0xdf, 0xff, 0xff, 0x50, 0x0c, 0xec, 0x50, 0x2c, 0x40, 0x00, 0x00, 0x5d, 0xff, 0xfa, 0x00, 0x00, 0x05, 0x50, 0x00,
    0x00, 0x00, 0x01, 0x10, 0x00, 0x00, 0x00, 0x00, 0x0f, 0xf1, 0x00, 0x00, 0x00, 0x9f, 0x90, 0x00, 0x00, 0x00, 0x00, 0x0f,
    0xf1, 0x00, 0x34, 0x44, 0x6f, 0xf6, 0x44, 0x44, 0x10, 0x00, 0x0f, 0xf1, 0x00, 0xdf, 0xff, 0xff, 0xff, 0xff, 0xff, 0x40,
    0x01, 0x1f, 0xf2, 0x10, 0x8a, 0xbc, 0xaa, 0xaa, 0xca, 0xaa, 0x20, 0x6f, 0xff, 0xff, 0xf0, 0x02, 0xed, 0x10, 0x01, 0xee,
    0x30, 0x00, 0x6f, 0xff, 0xff, 0xf0, 0x00, 0xaf, 0x70, 0x07, 0xfb, 0x00, 0x00, 0x00, 0x0f, 0xf1, 0x00, 0x00, 0x4e, 0x70,
    0x1e, 0xf3, 0x00, 0x00, 0x00, 0x0f, 0xf1, 0x08, 0xff, 0xff, 0xff, 0xff, 0xff, 0xff, 0xb0, 0x00, 0x0f, 0xf1, 0x08, 0xee,
    0xee, 0xee, 0xee, 0xee, 0xee, 0xa0, 0x00, 0x0f, 0xf5, 0x70, 0x00, 0x01, 0xfd, 0x20, 0x00, 0x00, 0x00, 0x02, 0x6f, 0xff,
    0xe0, 0x00, 0x08, 0xfb, 0x00, 0x00, 0x00, 0x00, 0x9f, 0xff, 0xfd, 0x8d, 0xff, 0xff, 0xff, 0xff, 0xff, 0xff, 0xf0, 0x6f,
    0xbf, 0xf1, 0x0b, 0xdd, 0xff, 0xfd, 0xdd, 0xff, 0xfd, 0xd0, 0x11, 0x0f, 0xf1, 0x00, 0x04, 0xfe, 0x10, 0x01, 0xff, 0x30,
    0x00, 0x00, 0x0f, 0xf1, 0x00, 0x2f, 0xfc, 0x20, 0x09, 0xfc, 0x00, 0x00, 0x00, 0x0f, 0xf1, 0x00, 0x8f, 0xff, 0xfb, 0xbf,
    0xf4, 0x00, 0x00, 0x00, 0x0f, 0xf1, 0x00, 0x00, 0x27, 0xff, 0xff, 0xf2, 0x00, 0x00, 0x01, 0x1f, 0xf1, 0x00, 0x13, 0x6a,
    0xff, 0xff, 0xff, 0x92, 0x00, 0x1e, 0xff, 0xe0, 0x1d, 0xff, 0xff, 0xe9, 0x23, 0xaf, 0xff, 0x30, 0x0a, 0xec, 0x50, 0x08,
    0xeb, 0x84, 0x00, 0x00, 0x03, 0xc9, 0x00, 0x00, 0x00, 0x00, 0x00, 0x00, 0x00, 0x00, 0x00, 0x00, 0x00, 0x00, 0x00, 0x09,
    0x90, 0x00, 0x00, 0x00, 0x00, 0x00, 0x00, 0x00, 0x00, 0x00, 0x0f, 0xf0, 0x00, 0x0f, 0xff, 0xff, 0xff, 0xff, 0xf2, 0x00,
    0x00, 0x0f, 0xf0, 0x00, 0x0f, 0xf9, 0x99, 0x99, 0x9f, 0xf2, 0x00, 0x00, 0x0f, 0xf0, 0x00, 0x0f, 0xf0, 0x00, 0x00, 0x0f,
    0xf2, 0x00, 0x36, 0x6f, 0xf6, 0x62, 0x0f, 0xff, 0xff, 0xff, 0xff, 0xf2, 0x00, 0x8f, 0xff, 0xff, 0xf5, 0x0f, 0xf7, 0x77,
    0x77, 0x7f, 0xf2, 0x00, 0x6c, 0xcf, 0xfc, 0xc4, 0x0f, 0xf0, 0x00, 0x00, 0x0f, 0xf2, 0x00, 0x00, 0x0f, 0xf0, 0x00, 0x0f,
    0xff, 0xff, 0xff, 0xff, 0xf2, 0x00, 0x00, 0x0f, 0xf0, 0x00, 0x09, 0x99, 0x99, 0x99, 0x99, 0x91, 0x00, 0x00, 0x0f, 0xf0,
    0x00, 0x00, 0x00, 0x00, 0x00, 0x00, 0x00, 0x00, 0x00, 0x0f, 0xf7, 0xba, 0xff, 0xff, 0xff, 0xff, 0xff, 0xff, 0x80, 0x15,
    0x9f, 0xff, 0xfb, 0xdd, 0xdd, 0xff, 0xfd, 0xdd, 0xdd, 0x70, 0xaf, 0xff, 0xfa, 0x61, 0x04, 0x30, 0x4f, 0xf0, 0x00, 0x00,
    0x00, 0x6d, 0x9f, 0xf0, 0x00, 0x0f, 0xf2, 0x4f, 0xf0, 0x00, 0x00, 0x00, 0x00, 0x0f, 0xf0, 0x00, 0x3f, 0xe0, 0x4f, 0xff,
    0xff, 0xf2, 0x00, 0x00, 0x0f, 0xf0, 0x00, 0x7f, 0xf1, 0x4f, 0xfd, 0xdd, 0xd2, 0x00, 0x00, 0x0f, 0xf0, 0x00, 0xcf, 0xf7,
    0x4f, 0xf0, 0x00, 0x00, 0x00, 0x00, 0x0f, 0xf0, 0x04, 0xfe, 0xce, 0x7f, 0xf0, 0x00, 0x00, 0x00, 0x00, 0x0f, 0xf0, 0x0c,
    0xf8, 0x3f, 0xff, 0xf0, 0x00, 0x00, 0x00, 0x2e, 0xef, 0xe0, 0xbf, 0xd1, 0x05, 0xff, 0xff, 0xee, 0xee, 0xd0, 0x0d, 0xfe,
    0x60, 0x8e, 0x20, 0x00, 0x28, 0xdd, 0xff, 0xff, 0xa0, 0x01, 0x10, 0x00, 0x01, 0x00, 0x00, 0x00, 0x00, 0x00, 0x00, 0x00,
    0x00, 0x05, 0x50, 0x00, 0x00, 0x00, 0x00, 0x00, 0x02, 0x50, 0x00, 0x00, 0x0f, 0xf1, 0x00, 0x12, 0x35, 0x68, 0xac, 0xef,
    0xf7, 0x00, 0x00, 0x0f, 0xf1, 0x07, 0xff, 0xff, 0xff, 0xff, 0xfd, 0xa7, 0x00, 0x00, 0x0f, 0xf1, 0x01, 0xdc, 0xba, 0x89,
    0x53, 0x12, 0x61, 0x00, 0x11, 0x1f, 0xf2, 0x10, 0x4b, 0x30, 0x7f, 0x60, 0x07, 0xfa, 0x00, 0x8f, 0xff, 0xff, 0xf0, 0x5f,
    0xb0, 0x2f, 0xc0, 0x0d, 0xf3, 0x00, 0x8f, 0xff, 0xff, 0xf0, 0x0d, 0xe1, 0x0c, 0xe0, 0x4f, 0xa0, 0x00, 0x00, 0x0f, 0xf1,
    0x00, 0x07, 0xc6, 0x02, 0x00, 0x6e, 0x20, 0x00, 0x00, 0x0f, 0xf1, 0x00, 0x1f, 0xff, 0xce, 0xec, 0xcc, 0xcc, 0x00, 0x00,
    0x0f, 0xf1, 0x00, 0xaf, 0xff, 0xff, 0xff, 0xff, 0xff, 0x00, 0x00, 0x0f, 0xf8, 0xa8, 0xfd, 0x10, 0x2f, 0xf0, 0x00, 0x00,
    0x00, 0x36, 0xaf, 0xff, 0xe0, 0x72, 0x00, 0x2f, 0xf0, 0x00, 0x00, 0x00, 0xaf, 0xff, 0xf8, 0x3c, 0xdd, 0xdd, 0xff, 0xfd,
    0xdd, 0xdd, 0xa0, 0x6b, 0x6f, 0xf1, 0x0d, 0xff, 0xff, 0xff, 0xff, 0xff, 0xff, 0xc0, 0x00, 0x0f, 0xf1, 0x00, 0x33, 0x00,
    0x2f, 0xf0, 0x01, 0x44, 0x00, 0x00, 0x0f, 0xf1, 0x00, 0xff, 0x00, 0x2f, 0xf0, 0x02, 0xfd, 0x00, 0x00, 0x0f, 0xf1, 0x00,
    0xff, 0x00, 0x2f, 0xf0, 0x02, 0xfd, 0x00, 0x00, 0x0f, 0xf1, 0x00, 0xff, 0x00, 0x2f, 0xf0, 0x02, 0xfd, 0x00, 0x01, 0x1f,
    0xf1, 0x00, 0xff, 0xff, 0xff, 0xff, 0xff, 0xfd, 0x00, 0x1f, 0xff, 0xe0, 0x00, 0xcc, 0xcc, 0xce, 0xec, 0xce, 0xfd, 0x00,
    0x0c, 0xec, 0x50, 0x00, 0x00, 0x00, 0x00, 0x00, 0x02, 0xfd, 0x00, 0x00, 0x09, 0x90, 0x00, 0x00, 0x39, 0x70, 0x04, 0x96,
    0x00, 0x00, 0x00, 0x0f, 0xf1, 0x00, 0x00, 0x5f, 0xb0, 0x06, 0xfa, 0x00, 0x00, 0x00, 0x0f, 0xf1, 0x03, 0xff, 0xff, 0xff,
    0xff, 0xff, 0xff, 0x60, 0x00, 0x0f, 0xf1, 0x03, 0xdd, 0xff, 0xfd, 0xdf, 0xff, 0xdd, 0x50, 0x25, 0x5f, 0xf6, 0x51, 0x00,
    0x5f, 0xb0, 0x06, 0xfa, 0x00, 0x00, 0x5f, 0xff, 0xff, 0xf4, 0x00, 0x14, 0x30, 0x02, 0x43, 0x00, 0x00, 0x5f, 0xff, 0xff,
    0xf4, 0x4f, 0xff, 0xff, 0xff, 0xff, 0xf4, 0x00, 0x00, 0x0f, 0xf1, 0x00, 0x4f, 0xd9, 0x99, 0x99, 0x9e, 0xf4, 0x00, 0x00,
    0x0f, 0xf1, 0x00, 0x4f, 0xd8, 0x88, 0x88, 0x8d, 0xf4, 0x00, 0x00, 0x0f, 0xf1, 0x00, 0x4f, 0xff, 0xff, 0xff, 0xff, 0xf4,
    0x00, 0x00, 0x0f, 0xfa, 0xd6, 0x4f, 0xb1, 0x11, 0x11, 0x1c, 0xf4, 0x00, 0x38, 0xcf, 0xff, 0xf8, 0x4f, 0xff, 0xff, 0xff,
    0xff, 0xf4, 0x00, 0x7f, 0xff, 0xf6, 0x10, 0x4f, 0xff, 0xff, 0xff, 0xff, 0xf4, 0x00, 0x3a, 0x5f, 0xf1, 0x00, 0x00, 0x00,
    0x5f, 0xd0, 0x00, 0x00, 0x00, 0x00, 0x0f, 0xf1, 0x0d, 0xdd, 0xdd, 0xff, 0xfe, 0xdd, 0xdd, 0x60, 0x00, 0x0f, 0xf1, 0x0f,
    0xff, 0xff, 0xff, 0xff, 0xff, 0xff, 0x70, 0x00, 0x0f, 0xf1, 0x00, 0x00, 0x04, 0xff, 0xdf, 0x70, 0x00, 0x00, 0x00, 0x0f,
    0xf1, 0x00, 0x00, 0x3e, 0xfa, 0x3f, 0xf6, 0x00, 0x00, 0x00, 0x1f, 0xf1, 0x00, 0x29, 0xff, 0xd1, 0x07, 0xff, 0xa2, 0x00,
    0x2f, 0xff, 0xe0, 0x3d, 0xff, 0xfb, 0x20, 0x00, 0x7f, 0xff, 0x80, 0x0c, 0xec, 0x50, 0x09, 0xfb, 0x50, 0x00, 0x00, 0x04,
    0xbe, 0x10, 0x00, 0x00, 0x00, 0x01, 0x10, 0x00, 0x00, 0x00, 0x00, 0x01, 0x00, 0x00, 0x00, 0x00, 0x03, 0x30, 0x00, 0x35,
    0x20, 0x00, 0x00, 0x00, 0x00, 0x00, 0x00, 0x1f, 0xf2, 0x00, 0xaf, 0x90, 0x00, 0x00, 0x00, 0x00, 0x00, 0x00, 0x1f, 0xf2,
    0x00, 0xdf, 0x60, 0x00, 0x00, 0x00, 0x00, 0xff, 0x20, 0x1f, 0xf2, 0x01, 0xff, 0x30, 0x00, 0x00, 0x00, 0x00, 0xff, 0x20,
    0x1f, 0xf2, 0x04, 0xff, 0x22, 0x22, 0x22, 0x20, 0x00, 0xff, 0x20, 0x1f, 0xf2, 0x0a, 0xff, 0xff, 0xff, 0xff, 0xf0, 0x00,
    0xff, 0x20, 0x1f, 0xf2, 0x1e, 0xff, 0xff, 0xff, 0xff, 0xf0, 0x00, 0xff, 0x20, 0x1f, 0xf2, 0x5f, 0xf3, 0x00, 0x0b, 0xf7,
    0x00, 0x00, 0xff, 0x20, 0x1f, 0xf2, 0xdf, 0xf6, 0x00, 0x0e, 0xf3, 0x00, 0x00, 0xff, 0x20, 0x1f, 0xf9, 0xff, 0xfb, 0x00,
    0x3f, 0xf0, 0x00, 0x00, 0xff, 0x20, 0x1f, 0xfa, 0xf9, 0xdf, 0x20, 0x8f, 0xb0, 0x00, 0x00, 0xff, 0x20, 0x1f, 0xf2, 0xa1,
    0x8f, 0x80, 0xcf, 0x60, 0x00, 0x00, 0xff, 0x20, 0x1f, 0xf2, 0x00, 0x2f, 0xe5, 0xff, 0x10, 0x00, 0x00, 0xff, 0x46, 0xcf,
    0xf2, 0x00, 0x0a, 0xff, 0xfa, 0x00, 0x00, 0x03, 0xff, 0xff, 0xff, 0xf2, 0x00, 0x03, 0xff, 0xf3, 0x00, 0x00, 0x0c, 0xff,
    0xfb, 0x7f, 0xf2, 0x00, 0x01, 0xff, 0xf1, 0x00, 0x00, 0x04, 0xf8, 0x20, 0x1f, 0xf2, 0x00, 0x1b, 0xff, 0xfb, 0x10, 0x00,
    0x00, 0x10, 0x00, 0x1f, 0xf2, 0x01, 0xcf, 0xf8, 0xff, 0xb1, 0x00, 0x00, 0x00, 0x00, 0x1f, 0xf2, 0x6e, 0xfe, 0x40, 0x5f,
    0xfd, 0x50, 0x00, 0x00, 0x00, 0x1f, 0xf6, 0xff, 0xd4, 0x00, 0x05, 0xef, 0xb0, 0x00, 0x00, 0x00, 0x1f, 0xf2, 0x89, 0x10,
    0x00, 0x00, 0x2a, 0x10, 0x00, 0x00, 0x00, 0x00, 0x00, 0x00, 0x00, 0x00, 0x00, 0x00, 0x00, 0x00, 0x00, 0x00, 0x00, 0x00,
    0x00, 0x00, 0x00, 0x00, 0x00, 0x00, 0x00, 0x00, 0xae, 0x20, 0x00, 0x00, 0x4e, 0xc1, 0x00, 0x00, 0x00, 0x00, 0x00, 0x9f,
    0x80, 0x00, 0x00, 0x7f, 0xe0, 0x00, 0x00, 0x00, 0x00, 0x00, 0x4f, 0xc0, 0x00, 0x00, 0xbf, 0xa0, 0x00, 0x00, 0x00, 0x49,
    0x99, 0x9d, 0x99, 0x99, 0x30, 0xef, 0x70, 0x00, 0x00, 0x00, 0x7f, 0xff, 0xff, 0xff, 0xff, 0x54, 0xff, 0xff, 0xff, 0xff,
    0xf0, 0x37, 0x9f, 0xf7, 0x77, 0x77, 0x29, 0xff, 0xff, 0xff, 0xff, 0xf0, 0x00, 0x2f, 0xf0, 0x00, 0x00, 0x1f, 0xff, 0x11,
    0x1f, 0xf5, 0x10, 0x00, 0x2f, 0xf0, 0x00, 0x00, 0x6f, 0xff, 0x00, 0x2f, 0xf2, 0x00, 0x00, 0x2f, 0xff, 0xff, 0xf6, 0xef,
    0xff, 0x20, 0x4f, 0xe0, 0x00, 0x00, 0x2f, 0xff, 0xff, 0xfe, 0xff, 0xef, 0x70, 0x8f, 0xa0, 0x00, 0x00, 0x2f, 0xf0, 0x0c,
    0xf8, 0xeb, 0x5f, 0xb0, 0xcf, 0x60, 0x00, 0x00, 0x3f, 0xe0, 0x0c, 0xf4, 0x42, 0x1f, 0xf3, 0xff, 0x20, 0x00, 0x00, 0x4f,
    0xd0, 0x0d, 0xf4, 0x00, 0x0c, 0xff, 0xfc, 0x00, 0x00, 0x00, 0x5f, 0xc0, 0x0d, 0xf4, 0x00, 0x06, 0xff, 0xf5, 0x00, 0x00,
    0x00, 0x8f, 0xa0, 0x0d, 0xf3, 0x00, 0x00, 0xff, 0xf0, 0x00, 0x00, 0x00, 0xbf, 0x70, 0x0e, 0xf3, 0x00, 0x04, 0xff, 0xf2,
    0x00, 0x00, 0x01, 0xff, 0x30, 0x0f, 0xf2, 0x00, 0x3e, 0xff, 0xfc, 0x10, 0x00, 0x08, 0xfd, 0x00, 0x1f, 0xf1, 0x04, 0xef,
    0xe6, 0xff, 0xc1, 0x00, 0x2e, 0xf6, 0x00, 0x5f, 0xe1, 0x9f, 0xfd, 0x20, 0x6f, 0xfd, 0x50, 0xbf, 0xd0, 0x8f, 0xff, 0xb8,
    0xff, 0xd2, 0x00, 0x07, 0xff, 0xd1, 0x1c, 0x30, 0x4f, 0xfc, 0x31, 0xd8, 0x00, 0x00, 0x00, 0x3c, 0x20, 0x00, 0x00, 0x00,
    0x00, 0x00, 0x10, 0x00, 0x00, 0x00, 0x00, 0x00, 0x00, 0x00, 0x4f, 0xf0, 0x00, 0x00, 0x6d, 0x80, 0x00, 0x00, 0x00, 0x00,
    0x00, 0x4f, 0xf0, 0x00, 0x00, 0x9f, 0x90, 0x00, 0x00, 0x00, 0x00, 0x00, 0x4f, 0xf0, 0x00, 0x00, 0xcf, 0x50, 0x00, 0x00,
    0x00, 0x00, 0x00, 0x4f, 0xf0, 0x00, 0x01, 0xff, 0x20, 0x00, 0x00, 0x00, 0x3d, 0xdd, 0xff, 0xfd, 0xdd, 0x95, 0xff, 0xff,
    0xff, 0xff, 0xf0, 0x3f, 0xff, 0xff, 0xff, 0xff, 0xaa, 0xff, 0xff, 0xff, 0xff, 0xf0, 0x13, 0x33, 0x7f, 0xf4, 0x33, 0x4f,
    0xfc, 0x11, 0x1d, 0xf7, 0x10, 0x00, 0x00, 0x4f, 0xf0, 0x00, 0x8f, 0xfa, 0x00, 0x0e, 0xf3, 0x00, 0x00, 0x00, 0x4f, 0xf0,
    0x02, 0xef, 0xfe, 0x00, 0x2f, 0xf0, 0x00, 0x00, 0x00, 0x4f, 0xf0, 0x09, 0xfd, 0xef, 0x40, 0x6f, 0xb0, 0x00, 0x04, 0xff,
    0xff, 0xff, 0xff, 0xb4, 0x9f, 0x90, 0xbf, 0x60, 0x00, 0x04, 0xff, 0xff, 0xff, 0xff, 0x00, 0x4f, 0xe2, 0xff, 0x20, 0x00,
    0x04, 0xfd, 0x11, 0x13, 0xff, 0x00, 0x0d, 0xff, 0xfb, 0x00, 0x00, 0x04, 0xfc, 0x00, 0x02, 0xff, 0x00, 0x07, 0xff, 0xf4,
    0x00, 0x00, 0x04, 0xfc, 0x00, 0x02, 0xff, 0x00, 0x01, 0xff, 0xf0, 0x00, 0x00, 0x04, 0xfc, 0x00, 0x02, 0xff, 0x00, 0x09,
    0xff, 0xf4, 0x00, 0x00, 0x04, 0xff, 0xff, 0xff, 0xff, 0x01, 0x9f, 0xff, 0xff, 0x50, 0x00, 0x04, 0xff, 0xff, 0xff, 0xff,
    0x4d, 0xff, 0x72, 0xdf, 0xf7, 0x00, 0x04, 0xfd, 0x11, 0x11, 0x1b, 0xff, 0xe6, 0x00, 0x2d, 0xff, 0xc1, 0x02, 0x76, 0x00,
    0x00, 0x05, 0xfb, 0x20, 0x00, 0x01, 0xaf, 0x50, 0x00, 0x00, 0x00, 0x00, 0x00, 0x30, 0x00, 0x00, 0x00, 0x03, 0x00, 0x00,
    0x00, 0x09, 0x90, 0x01, 0x00, 0x04, 0x41, 0x00, 0x00, 0x00, 0x04, 0xd5, 0x0f, 0xf1, 0x2e, 0x90, 0x0c, 0xf3, 0x00, 0x00,
    0x00, 0x02, 0xfc, 0x0f, 0xf1, 0x8f, 0x80, 0x0f, 0xf0, 0x00, 0x00, 0x00, 0x00, 0xaf, 0x3f, 0xf2, 0xfe, 0x10, 0x3f, 0xc0,
    0x00, 0x00, 0x00, 0x14, 0x89, 0x4f, 0xf4, 0x88, 0x41, 0x5f, 0xa1, 0x11, 0x11, 0x00, 0x5f, 0xff, 0xff, 0xff, 0xff, 0xf6,
    0x9f, 0xff, 0xff, 0xff, 0x90, 0x38, 0x89, 0xff, 0xff, 0xa8, 0x83, 0xef, 0xff, 0xff, 0xff, 0x90, 0x00, 0x1b, 0xff, 0xff,
    0xe7, 0x14, 0xff, 0x60, 0x0e, 0xf1, 0x00, 0x06, 0xef, 0xaf, 0xf2, 0xbf, 0x9a, 0xff, 0x90, 0x2f, 0xe0, 0x00, 0x5f, 0xf9,
    0x0f, 0xf1, 0x06, 0x3f, 0xff, 0xc0, 0x4f, 0xb0, 0x00, 0x08, 0x40, 0x58, 0x40, 0x00, 0x9f, 0x9d, 0xf2, 0x8f, 0x70, 0x00,
    0x00, 0x00, 0xdf, 0x30, 0x00, 0x1b, 0x19, 0xf6, 0xcf, 0x30, 0x00, 0x0b, 0xff, 0xff, 0xff, 0xff, 0x90, 0x04, 0xfe, 0xfe,
    0x00, 0x00, 0x09, 0xdf, 0xff, 0xdd, 0xff, 0x60, 0x00, 0xdf, 0xf9, 0x00, 0x00, 0x00, 0x5f, 0xc0, 0x01, 0xee, 0x10, 0x00,
    0x9f, 0xf2, 0x00, 0x00, 0x01, 0xff, 0xf4, 0x0b, 0xf7, 0x00, 0x00, 0xbf, 0xf5, 0x00, 0x00, 0x00, 0x7f, 0xff, 0xff, 0xc0,
    0x00, 0x06, 0xff, 0xfe, 0x20, 0x00, 0x00, 0x00, 0x6f, 0xff, 0xc2, 0x00, 0x6f, 0xf6, 0xdf, 0xd1, 0x00, 0x00, 0x4a, 0xff,
    0xfe, 0xfb, 0x19, 0xff, 0x70, 0x2e, 0xfd, 0x40, 0x4e, 0xff, 0xd6, 0x00, 0x72, 0xef, 0xf7, 0x00, 0x04, 0xef, 0xc0, 0x0b,
    0xb6, 0x00, 0x00, 0x00, 0x9c, 0x30, 0x00, 0x00, 0x2b, 0x20, 0x00, 0x00, 0x00, 0x00, 0x00, 0x10, 0x00, 0x00, 0x00, 0x00,
    0x00, 0x00, 0x00, 0x00, 0x07, 0x80, 0x00, 0x00, 0x00, 0x00, 0x15, 0x00, 0x02, 0xb8, 0x00, 0x0d, 0xf0, 0x00, 0x00, 0x00,
    0x39, 0xef, 0x80, 0x03, 0xfc, 0x4a, 0x0d, 0xf0, 0x98, 0x05, 0xad, 0xff, 0xfd, 0x70, 0x03, 0xfc, 0x5f, 0x3d, 0xf1, 0xfb,
    0x1f, 0xff, 0xe9, 0x40, 0x00, 0x03, 0xfc, 0x1f, 0x8d, 0xf5, 0xf5, 0x1f, 0xf3, 0x00, 0x00, 0x00, 0x03, 0xfc, 0x0d, 0xad,
    0xfa, 0xd0, 0x1f, 0xf0, 0x00, 0x00, 0x00, 0x03, 0xfc, 0x04, 0x1d, 0xf2, 0x30, 0x1f, 0xf0, 0x00, 0x00, 0x00, 0x03, 0xfc,
    0xae, 0xef, 0xfe, 0xee, 0x1f, 0xf1, 0x11, 0x11, 0x10, 0x03, 0xfc, 0xbe, 0xff, 0xfe, 0xee, 0x1f, 0xff, 0xff, 0xff, 0xf3,
    0x03, 0xfc, 0x00, 0x5f, 0xf5, 0x00, 0x1f, 0xff, 0xff, 0xff, 0xf3, 0x03, 0xfc, 0x00, 0xdf, 0xff, 0x50, 0x2f, 0xf0, 0x0f,
    0xf1, 0x00, 0x03, 0xfc, 0x08, 0xff, 0xfc, 0xf4, 0x2f, 0xe0, 0x0f, 0xf1, 0x00, 0x03, 0xfc, 0x4f, 0xbd, 0xf2, 0xeb, 0x3f,
    0xd0, 0x0f, 0xf1, 0x00, 0x03, 0xfd, 0xef, 0x2d, 0xf0, 0x51, 0x4f, 0xd0, 0x0f, 0xf1, 0x00, 0x03, 0xfc, 0xa6, 0x0d, 0xf0,
    0x00, 0x5f, 0xb0, 0x0f, 0xf1, 0x00, 0x03, 0xfc, 0x10, 0x0d, 0xf0, 0x00, 0x8f, 0xa0, 0x0f, 0xf1, 0x00, 0x03, 0xfc, 0x00,
    0x04, 0x40, 0x00, 0xbf, 0x70, 0x0f, 0xf1, 0x00, 0x03, 0xff, 0xff, 0xff, 0xff, 0xf6, 0xff, 0x40, 0x0f, 0xf1, 0x00, 0x03,
    0xef, 0xee, 0xee, 0xee, 0xeb, 0xfe, 0x00, 0x0f, 0xf1, 0x00, 0x00, 0x00, 0x00, 0x00, 0x00, 0x0c, 0xfa, 0x00, 0x0f, 0xf1,
    0x00, 0x00, 0x00, 0x00, 0x00, 0x00, 0x02, 0xc4, 0x00, 0x0f, 0xf1, 0x00, 0x00, 0x00, 0x00, 0x00, 0x00, 0x00, 0x00, 0x00,
    0x00, 0x00, 0x00, 0x00, 0x00, 0x02, 0x20, 0x00, 0x00, 0x00, 0x00, 0x00, 0x00, 0x00, 0x00, 0x00, 0x6f, 0xb0, 0x00, 0x00,
    0x00, 0x00, 0x27, 0xc5, 0x00, 0x00, 0x00, 0x1e, 0xf3, 0x00, 0x00, 0x58, 0xad, 0xff, 0xff, 0x40, 0x0c, 0xff, 0xff, 0xff,
    0xff, 0xf0, 0xff, 0xff, 0xda, 0x61, 0x00, 0x0a, 0xdd, 0xdd, 0xdd, 0xed, 0xd0, 0xff, 0x61, 0x00, 0x00, 0x00, 0x00, 0x5e,
    0x70, 0x05, 0xfa, 0x00, 0xff, 0x20, 0x00, 0x00, 0x00, 0x00, 0x2f, 0xc0, 0x0a, 0xf6, 0x00, 0xff, 0x20, 0x00, 0x00, 0x00,
    0x03, 0x3f, 0xd3, 0x4f, 0xf4, 0x31, 0xff, 0x31, 0x11, 0x11, 0x10, 0x1f, 0xff, 0xff, 0xff, 0xff, 0xf6, 0xff, 0xff, 0xff,
    0xff, 0xf3, 0x19, 0x99, 0x9f, 0xfc, 0x99, 0x94, 0xff, 0xff, 0xff, 0xff, 0xf3, 0x00, 0x00, 0x0c, 0xf3, 0x00, 0x00, 0xff,
    0x20, 0x2f, 0xf0, 0x00, 0x0d, 0xee, 0xef, 0xff, 0xee, 0xe1, 0xff, 0x10, 0x2f, 0xf0, 0x00, 0x0f, 0xff, 0xff, 0xff, 0xff,
    0xf1, 0xff, 0x10, 0x2f, 0xf0, 0x00, 0x00, 0x00, 0x0c, 0xf3, 0x12, 0x01, 0xff, 0x00, 0x2f, 0xf0, 0x00, 0x00, 0x9e, 0x3c,
    0xf4, 0xdb, 0x02, 0xfd, 0x00, 0x2f, 0xf0, 0x00, 0x01, 0xed, 0x0c, 0xf3, 0xcf, 0x44, 0xfc, 0x00, 0x2f, 0xf0, 0x00, 0x07,
    0xf8, 0x0c, 0xf3, 0x4f, 0xb7, 0xf9, 0x00, 0x2f, 0xf0, 0x00, 0x1e, 0xe1, 0x0c, 0xf3, 0x0d, 0xbc, 0xf5, 0x00, 0x2f, 0xf0,
    0x00, 0x06, 0x60, 0x0d, 0xf3, 0x02, 0x2f, 0xf1, 0x00, 0x2f, 0xf0, 0x00, 0x00, 0x07, 0xdf, 0xf2, 0x00, 0x9f, 0xa0, 0x00,
    0x2f, 0xf0, 0x00, 0x00, 0x04, 0xfd, 0x80, 0x00, 0x1a, 0x30, 0x00, 0x2f, 0xf0, 0x00, 0x00, 0x01, 0x11, 0x11, 0x11, 0x11,
    0x11, 0x11, 0x11, 0x11, 0x00, 0x00, 0x2f, 0xff, 0xff, 0xff, 0xff, 0xff, 0xff, 0xff, 0xff, 0x20, 0x00, 0x2f, 0xff, 0xff,
    0xff, 0xff, 0xff, 0xff, 0xff, 0xff, 0x20, 0x00, 0x00, 0x00, 0x00, 0x02, 0xff, 0x10, 0x00, 0x00, 0x00, 0x00, 0x00, 0x00,
    0x00, 0x00, 0x02, 0xff, 0x00, 0x00, 0x00, 0x00, 0x00, 0x00, 0x00, 0x00, 0x00, 0x03, 0xfe, 0x00, 0x00, 0x00, 0x00, 0x00,
    0x00, 0x00, 0x00, 0x00, 0x05, 0xfd, 0x00, 0x00, 0x00, 0x00, 0x00, 0x0b, 0xcc, 0xcc, 0xcc, 0xcf, 0xff, 0xcc, 0xcc, 0xcc,
    0xcc, 0xc0, 0x0e, 0xff, 0xff, 0xff, 0xff, 0xff, 0xff, 0xff, 0xff, 0xff, 0xf0, 0x0a, 0xbb, 0xbb, 0xbb, 0xbf, 0xff, 0xff,
    0xbb, 0xbb, 0xbb, 0xb0, 0x00, 0x00, 0x00, 0x00, 0x1f, 0xfa, 0xfd, 0x00, 0x00, 0x00, 0x00, 0x00, 0x00, 0x00, 0x00, 0x6f,
    0xe7, 0xfd, 0x00, 0x00, 0x00, 0x00, 0x00, 0x00, 0x00, 0x00, 0xdf, 0x97, 0xfd, 0x00, 0x00, 0x00, 0x00, 0x00, 0x00, 0x00,
    0x07, 0xff, 0x27, 0xfd, 0x00, 0x00, 0x00, 0x00, 0x00, 0x00, 0x00, 0x3e, 0xfa, 0x07, 0xfd, 0x00, 0x00, 0x04, 0x10, 0x00,
    0x00, 0x02, 0xdf, 0xe1, 0x07, 0xfd, 0x00, 0x00, 0x09, 0xe2, 0x00, 0x00, 0x4e, 0xff, 0x40, 0x07, 0xfd, 0x00, 0x00, 0x0a,
    0xf2, 0x00, 0x2a, 0xff, 0xf5, 0x00, 0x06, 0xfe, 0x32, 0x22, 0x4e, 0xe0, 0x1a, 0xff, 0xfd, 0x40, 0x00, 0x04, 0xff, 0xff,
    0xff, 0xff, 0xa0, 0x05, 0xff, 0x91, 0x00, 0x00, 0x00, 0x8d, 0xff, 0xff, 0xeb, 0x20, 0x00, 0x42, 0x00, 0x00, 0x00, 0x00,
    0x00, 0x00, 0x00, 0x00, 0x00, 0x00, 0x01, 0x22, 0x22, 0x22, 0x22, 0x22, 0x22, 0x22, 0x10, 0x00, 0x00, 0x07, 0xff, 0xff,
    0xff, 0xff, 0xff, 0xff, 0xff, 0x60, 0x00, 0x00, 0x07, 0xff, 0xff, 0xff, 0xff, 0xff, 0xff, 0xff, 0x60, 0x00, 0x00, 0x07,
    0xfd, 0x00, 0x00, 0x00, 0x00, 0x00, 0xff, 0x60, 0x00, 0x00, 0x07, 0xfd, 0x00, 0x00, 0x00, 0x00, 0x00, 0xff, 0x60, 0x00,
    0x00, 0x07, 0xfd, 0x00, 0x00, 0x00, 0x00, 0x00, 0xff, 0x60, 0x00, 0x00, 0x07, 0xfd, 0x00, 0x00, 0x00, 0x00, 0x00, 0xff,
    0x60, 0x00, 0x00, 0x07, 0xfd, 0x00, 0x00, 0x00, 0x00, 0x00, 0xff, 0x60, 0x00, 0x00, 0x07, 0xff, 0xff, 0xff, 0xff, 0xff,
    0xff, 0xff, 0x60, 0x00, 0x00, 0x07, 0xff, 0xff, 0xff, 0xff, 0xff, 0xff, 0xff, 0x60, 0x00, 0x00, 0x07, 0xff, 0x22, 0x22,
    0x22, 0x22, 0x22, 0xff, 0x60, 0x00, 0x00, 0x07, 0xfd, 0x00, 0x00, 0x00, 0x00, 0x00, 0xff, 0x60, 0x00, 0x00, 0x07, 0xfd,
    0x00, 0x00, 0x00, 0x00, 0x00, 0xff, 0x60, 0x00, 0x00, 0x07, 0xfd, 0x00, 0x00, 0x00, 0x00, 0x00, 0xff, 0x60, 0x00, 0x00,
    0x07, 0xfd, 0x00, 0x00, 0x00, 0x00, 0x00, 0xff, 0x60, 0x00, 0x00, 0x07, 0xfd, 0x00, 0x00, 0x00, 0x00, 0x00, 0xff, 0x60,
    0x00, 0x00, 0x07, 0xff, 0xff, 0xff, 0xff, 0xff, 0xff, 0xff, 0x60, 0x00, 0x00, 0x07, 0xff, 0xff, 0xff, 0xff, 0xff, 0xff,
    0xff, 0x60, 0x00, 0x00, 0x07, 0xff, 0x22, 0x22, 0x22, 0x22, 0x22, 0xff, 0x60, 0x00, 0x00, 0x07, 0xfd, 0x00, 0x00, 0x00,
    0x00, 0x00, 0xff, 0x60, 0x00, 0x00, 0x00, 0x11, 0x00, 0x00, 0x00, 0x00, 0x00, 0x00, 0x00, 0x00, 0x00, 0x00, 0x00, 0x00,
    0x00, 0x00, 0x00, 0x00, 0x04, 0x40, 0x00, 0x00, 0x00, 0x00, 0x00, 0x00, 0x00, 0x00, 0x00, 0x1f, 0xf1, 0x00, 0x01, 0x9f,
    0x99, 0x99, 0x92, 0x00, 0x00, 0x00, 0x1f, 0xf1, 0x00, 0x02, 0xff, 0xff, 0xff, 0xf4, 0x00, 0x00, 0x00, 0x1f, 0xf1, 0x00,
    0x02, 0xff, 0x66, 0x6e, 0xf4, 0x22, 0x22, 0x22, 0x3f, 0xf4, 0x21, 0x02, 0xff, 0x00, 0x0e, 0xf4, 0xdf, 0xff, 0xff, 0xff,
    0xff, 0xf8, 0x02, 0xff, 0x00, 0x0e, 0xf4, 0xdf, 0xff, 0xff, 0xff, 0xff, 0xf8, 0x02, 0xff, 0x00, 0x0e, 0xf4, 0x00, 0x00,
    0x00, 0x1f, 0xf1, 0x00, 0x02, 0xff, 0xee, 0xef, 0xf4, 0x07, 0xa0, 0x00, 0x1f, 0xf1, 0x00, 0x02, 0xff, 0xff, 0xff, 0xf4,
    0x3f, 0xf5, 0x00, 0x1f, 0xf1, 0x00, 0x02, 0xff, 0x00, 0x0e, 0xf4, 0x08, 0xfe, 0x10, 0x1f, 0xf1, 0x00, 0x02, 0xff, 0x00,
    0x0e, 0xf4, 0x01, 0xef, 0x90, 0x1f, 0xf1, 0x00, 0x02, 0xff, 0x00, 0x0e, 0xf4, 0x00, 0x6f, 0xf4, 0x1f, 0xf1, 0x00, 0x02,
    0xff, 0x00, 0x0e, 0xf4, 0x00, 0x0c, 0xf7, 0x1f, 0xf1, 0x00, 0x02, 0xff, 0x00, 0x0e, 0xf4, 0x00, 0x04, 0x40, 0x1f, 0xf1,
    0x00, 0x02, 0xff, 0xff, 0xff, 0xf4, 0x00, 0x00, 0x00, 0x1f, 0xf1, 0x00, 0x02, 0xff, 0xff, 0xff, 0xf4, 0x00, 0x00, 0x00,
    0x1f, 0xf1, 0x00, 0x02, 0xff, 0x00, 0x00, 0x00, 0x00, 0x00, 0x00, 0x1f, 0xf1, 0x00, 0x01, 0xcc, 0x00, 0x00, 0x00, 0x00,
    0x13, 0x22, 0x4f, 0xf1, 0x00, 0x00, 0x00, 0x00, 0x00, 0x00, 0x00, 0x2f, 0xff, 0xff, 0xe0, 0x00, 0x00, 0x00, 0x00, 0x00,
    0x00, 0x00, 0x0c, 0xff, 0xeb, 0x30, 0x00, 0x00, 0x00, 0x00, 0x00, 0x00, 0x00, 0x00, 0x00, 0x00, 0x00, 0x00, 0x00, 0x04,
    0xff, 0xff, 0xff, 0xff, 0xff, 0xff, 0xff, 0x20, 0x00, 0x00, 0x04, 0xfe, 0x66, 0x66, 0x66, 0x66, 0x66, 0xff, 0x20, 0x00,
    0x00, 0x04, 0xfe, 0x22, 0x22, 0x22, 0x22, 0x22, 0xff, 0x20, 0x00, 0x00, 0x04, 0xff, 0xff, 0xff, 0xff, 0xff, 0xff, 0xff,
    0x20, 0x00, 0x00, 0x04, 0xfe, 0x00, 0x00, 0x00, 0x00, 0x00, 0xff, 0x20, 0x00, 0x00, 0x04, 0xff, 0xff, 0xff, 0xff, 0xff,
    0xff, 0xff, 0x20, 0x00, 0x00, 0x01, 0x55, 0x55, 0x55, 0x55, 0x55, 0x55, 0x55, 0x10, 0x00, 0x03, 0xff, 0xff, 0xff, 0xff,
    0xff, 0xff, 0xff, 0xff, 0xff, 0x70, 0x03, 0xff, 0x99, 0x99, 0xdd, 0xa9, 0x99, 0x99, 0x9a, 0xff, 0x70, 0x03, 0xff, 0x00,
    0x01, 0xef, 0xa0, 0x00, 0x00, 0x02, 0xff, 0x70, 0x03, 0xef, 0xff, 0xff, 0xff, 0xff, 0xff, 0xff, 0xff, 0xff, 0x50, 0x00,
    0x1c, 0xcc, 0xff, 0xfd, 0xcd, 0xdc, 0xcc, 0xcc, 0xc4, 0x00, 0x00, 0x00, 0x1b, 0xfd, 0x20, 0x2f, 0xf0, 0x00, 0x00, 0x00,
    0x00, 0x00, 0x01, 0xff, 0xfa, 0x99, 0xcf, 0xf9, 0x99, 0x99, 0x91, 0x00, 0x00, 0x00, 0xff, 0xff, 0xff, 0xff, 0xff, 0xff,
    0xff, 0xf1, 0x00, 0x00, 0x00, 0x21, 0x00, 0x00, 0x2f, 0xf0, 0x00, 0x00, 0x00, 0x00, 0x03, 0xff, 0xff, 0xff, 0xff, 0xff,
    0xff, 0xff, 0xff, 0xff, 0xe0, 0x02, 0xdd, 0xdd, 0xdd, 0xdd, 0xff, 0xfd, 0xdd, 0xdd, 0xdd, 0xc0, 0x00, 0x00, 0x00, 0x00,
    0x00, 0x2f, 0xf0, 0x00, 0x00, 0x00, 0x00, 0x00, 0x00, 0x00, 0x00, 0x00, 0x2f, 0xf0, 0x00, 0x00, 0x00, 0x00, 0x00, 0x00,
    0x24, 0x10, 0x00, 0x00, 0x00, 0x00, 0x00, 0x01, 0x00, 0x01, 0x11, 0xbf, 0xd1, 0x11, 0x10, 0x02, 0x36, 0x8b, 0xed, 0x10,
    0x0f, 0xff, 0xff, 0xff, 0xff, 0xf5, 0xff, 0xff, 0xff, 0xeb, 0x40, 0x09, 0xaf, 0xff, 0x99, 0x99, 0x93, 0xef, 0xa5, 0x31,
    0x00, 0x00, 0x00, 0xaf, 0x80, 0xcf, 0x30, 0x00, 0xbf, 0x30, 0x00, 0x00, 0x00, 0x0a, 0xff, 0xaa, 0xff, 0xda, 0xa3, 0xdf,
    0xfd, 0xde, 0xdd, 0xd0, 0x0a, 0xff, 0xff, 0xff, 0xff, 0xf5, 0xef, 0xff, 0xff, 0xff, 0xf0, 0x02, 0x43, 0x22, 0xff, 0x52,
    0x21, 0xef, 0x10, 0x8f, 0x80, 0x00, 0x00, 0x13, 0x45, 0xff, 0xca, 0xc4, 0xfe, 0x00, 0x8f, 0x80, 0x00, 0x0e, 0xff, 0xff,
    0xff, 0xfe, 0xd8, 0xfa, 0x00, 0x8f, 0x80, 0x00, 0x0a, 0xb9, 0x76, 0xff, 0x40, 0x1e, 0xf4, 0x00, 0x8f, 0x80, 0x00, 0x00,
    0x00, 0x00, 0xcf, 0x30, 0x07, 0xa0, 0x00, 0x8f, 0x80, 0x00, 0x00, 0x04, 0xdd, 0xdd, 0xdd, 0xdd, 0xdd, 0xdd, 0xdd, 0x40,
    0x00, 0x00, 0x05, 0xff, 0xff, 0xff, 0xff, 0xff, 0xff, 0xff, 0x50, 0x00, 0x00, 0x05, 0xfb, 0x00, 0x00, 0x00, 0x00, 0x00,
    0xff, 0x50, 0x00, 0x00, 0x05, 0xff, 0x88, 0x88, 0x88, 0x88, 0x88, 0xff, 0x50, 0x00, 0x00, 0x05, 0xff, 0xff, 0xff, 0xff,
    0xff, 0xff, 0xff, 0x50, 0x00, 0x00, 0x05, 0xfb, 0x00, 0x00, 0x00, 0x00, 0x00, 0xff, 0x50, 0x00, 0x00, 0x05, 0xff, 0xdd,
    0xdd, 0xdd, 0xdd, 0xdd, 0xff, 0x50, 0x00, 0x00, 0x05, 0xff, 0xff, 0xff, 0xff, 0xff, 0xff, 0xff, 0x50, 0x00, 0x00, 0x05,
    0xfb, 0x00, 0x00, 0x00, 0x00, 0x00, 0xff, 0x50, 0x00, 0x00, 0x00, 0x11, 0x00, 0x00, 0x00, 0x00, 0x00, 0x00, 0x00, 0x00,
    0x00, 0x00, 0x00, 0x00, 0x00, 0x00, 0x00, 0x00, 0x13, 0x64, 0x00, 0x00, 0x00, 0x00, 0x00, 0x58, 0x99, 0xbc, 0xdf, 0xff,
    0xfe, 0x20, 0x01, 0xef, 0xee, 0xee, 0x8f, 0xff, 0xff, 0xec, 0xb9, 0x94, 0x10, 0x01, 0xff, 0xff, 0xff, 0x16, 0xb3, 0x1b,
    0xc0, 0x02, 0xfd, 0x10, 0x01, 0xfd, 0x00, 0xff, 0x07, 0xf6, 0x0c, 0xf2, 0x09, 0xf8, 0x00, 0x01, 0xfd, 0x00, 0xff, 0x02,
    0xf9, 0x09, 0xd4, 0x3f, 0xd1, 0x00, 0x01, 0xfd, 0x00, 0xff, 0x7d, 0xfd, 0xdd, 0xdd, 0xff, 0xfd, 0x80, 0x01, 0xfd, 0x00,
    0xff, 0x8f, 0xff, 0xff, 0xff, 0xff, 0xff, 0x90, 0x01, 0xff, 0xcc, 0xff, 0x00, 0x1f, 0xf1, 0x00, 0x00, 0x00, 0x00, 0x01,
    0xff, 0xff, 0xff, 0xbd, 0xff, 0xfd, 0xdd, 0xdd, 0xdd, 0xd1, 0x01, 0xfd, 0x00, 0xff, 0xef, 0xff, 0xff, 0xff, 0xff, 0xff,
    0xf1, 0x01, 0xfd, 0x00, 0xff, 0x00, 0x7f, 0xb0, 0x00, 0x00, 0x00, 0x00, 0x01, 0xfd, 0x00, 0xff, 0x00, 0x9f, 0xfa, 0xaa,
    0xaa, 0xf6, 0x00, 0x01, 0xfd, 0x00, 0xff, 0x00, 0xef, 0xff, 0xff, 0xff, 0xfa, 0x00, 0x01, 0xfd, 0x00, 0xff, 0x03, 0xff,
    0xf7, 0x44, 0x4e, 0xf5, 0x00, 0x01, 0xff, 0xff, 0xff, 0x08, 0xff, 0xfd, 0x10, 0x5f, 0xd0, 0x00, 0x01, 0xff, 0xff, 0xfe,
    0x1e, 0xf5, 0xaf, 0xd6, 0xef, 0x40, 0x00, 0x01, 0xfd, 0x00, 0x00, 0xaf, 0xd0, 0x0b, 0xff, 0xf7, 0x00, 0x00, 0x01, 0xa9,
    0x00, 0x08, 0xff, 0x40, 0x5c, 0xff, 0xfd, 0x72, 0x00, 0x00, 0x00, 0x00, 0x6f, 0xf7, 0xae, 0xff, 0xc6, 0xcf, 0xff, 0xd3,
    0x00, 0x00, 0x00, 0x0a, 0x70, 0x6f, 0xa4, 0x00, 0x04, 0x9e, 0xa0, 0x00, 0x00, 0x00, 0x00, 0x00, 0x01, 0x00, 0x00, 0x00,
    0x00, 0x10, 0x0a, 0xdd, 0xdd, 0xdd, 0xdd, 0xdd, 0xdd, 0xdd, 0xdd, 0xdd, 0x40, 0x0c, 0xff, 0xff, 0xff, 0xff, 0xff, 0xff,
    0xff, 0xff, 0xff, 0x50, 0x02, 0x22, 0x22, 0x22, 0x24, 0xff, 0x22, 0x22, 0x22, 0x22, 0x10, 0x00, 0x00, 0x00, 0x00, 0x02,
    0xff, 0x00, 0x00, 0x00, 0x00, 0x00, 0x00, 0x0f, 0xff, 0xff, 0xff, 0xff, 0xff, 0xff, 0xff, 0xf0, 0x00, 0x00, 0x0f, 0xfd,
    0xdd, 0xdf, 0xff, 0xdd, 0xdd, 0xdf, 0xf0, 0x00, 0x00, 0x0f, 0xf2, 0x00, 0x02, 0xff, 0x00, 0x00, 0x2f, 0xf0, 0x00, 0x00,
    0x0f, 0xfd, 0xdd, 0xdf, 0xff, 0xdd, 0xdd, 0xdf, 0xf0, 0x00, 0x00, 0x0f, 0xff, 0xff, 0xff, 0xff, 0xff, 0xff, 0xff, 0xf0,
    0x00, 0x00, 0x0f, 0xf2, 0x00, 0x02, 0xff, 0x00, 0x00, 0x2f, 0xf0, 0x00, 0x00, 0x0f, 0xf2, 0x00, 0x03, 0xfe, 0x00, 0x00,
    0x2f, 0xf0, 0x00, 0x00, 0x0f, 0xff, 0xff, 0xff, 0xff, 0xff, 0xff, 0xff, 0xf0, 0x00, 0x00, 0x0d, 0xdd, 0xdd, 0xdf, 0xff,
    0xdd, 0xdd, 0xdd, 0xd0, 0x00, 0x00, 0x03, 0xac, 0x10, 0x0b, 0xf8, 0x00, 0x00, 0x00, 0x00, 0x00, 0x00, 0x01, 0xdf, 0xb1,
    0x3f, 0xf3, 0x00, 0x00, 0x00, 0x00, 0x00, 0x00, 0x00, 0x3e, 0xff, 0xff, 0x90, 0x00, 0x00, 0x00, 0x00, 0x00, 0x00, 0x00,
    0x03, 0xff, 0xff, 0x40, 0x00, 0x00, 0x00, 0x00, 0x00, 0x00, 0x04, 0x8e, 0xff, 0xff, 0xfd, 0xa7, 0x53, 0x21, 0x10, 0x00,
    0x1b, 0xff, 0xff, 0xc5, 0x28, 0xdf, 0xff, 0xff, 0xff, 0xff, 0xd0, 0x06, 0xfd, 0x83, 0x00, 0x00, 0x02, 0x58, 0xab, 0xde,
    0xff, 0x60, 0x00, 0x10, 0x00, 0x00, 0x00, 0x00, 0x00, 0x00, 0x00, 0x00, 0x00, 0x00, 0x02, 0xff, 0xff, 0xff, 0xff, 0xff,
    0xff, 0xff, 0x20, 0x00, 0x00, 0x02, 0xff, 0x88, 0x88, 0x88, 0x88, 0x88, 0xff, 0x20, 0x00, 0x00, 0x02, 0xff, 0x44, 0x44,
    0x44, 0x44, 0x44, 0xff, 0x20, 0x00, 0x00, 0x02, 0xff, 0xff, 0xff, 0xff, 0xff, 0xff, 0xff, 0x20, 0x00, 0x00, 0x02, 0xff,
    0x22, 0x22, 0x22, 0x22, 0x22, 0xff, 0x20, 0x00, 0x00, 0x02, 0xff, 0x77, 0x77, 0x77, 0x77, 0x77, 0xff, 0x20, 0x00, 0x00,
    0x02, 0xff, 0xff, 0xff, 0xff, 0xff, 0xff, 0xff, 0x20, 0x00, 0x03, 0x44, 0x44, 0x44, 0x44, 0x44, 0x44, 0x44, 0x44, 0x44,
    0x41, 0x0d, 0xff, 0xff, 0xff, 0xff, 0xff, 0xff, 0xff, 0xff, 0xff, 0xf6, 0x04, 0x4f, 0xf7, 0x44, 0x6f, 0xf4, 0x44, 0x44,
    0x44, 0x44, 0x42, 0x00, 0x0d, 0xfe, 0xcc, 0xef, 0xf9, 0xdd, 0xdd, 0xdd, 0xfd, 0x70, 0x00, 0x0d, 0xff, 0xee, 0xff, 0xfa,
    0xff, 0xff, 0xff, 0xff, 0x80, 0x00, 0x0d, 0xf2, 0x00, 0x2f, 0xf0, 0x5e, 0x80, 0x05, 0xff, 0x30, 0x00, 0x0d, 0xfb, 0x88,
    0xbf, 0xf0, 0x1e, 0xf2, 0x1d, 0xfa, 0x00, 0x00, 0x0d, 0xff, 0xff, 0xff, 0xf0, 0x07, 0xfc, 0xaf, 0xf2, 0x00, 0x00, 0x0d,
    0xf2, 0x00, 0x2f, 0xf3, 0x00, 0xbf, 0xff, 0x60, 0x00, 0x03, 0x5f, 0xfb, 0xac, 0xff, 0xff, 0x11, 0xbf, 0xff, 0x60, 0x00,
    0x0d, 0xff, 0xff, 0xff, 0xff, 0xf9, 0x6d, 0xff, 0xff, 0xfc, 0x61, 0x08, 0xa8, 0x65, 0x31, 0x2f, 0xf7, 0xff, 0xd4, 0x19,
    0xff, 0xf6, 0x00, 0x00, 0x00, 0x00, 0x2f, 0xf0, 0xa7, 0x10, 0x00, 0x39, 0x80, 0x00, 0x00, 0x00, 0x00, 0x87, 0x20, 0x00,
    0x00, 0x00, 0x00, 0x00, 0x00, 0x00, 0x00, 0x01, 0xff, 0x50, 0x00, 0x00, 0x00, 0x00, 0x00, 0x00, 0x00, 0x00, 0x06, 0xfe,
    0x00, 0x00, 0x00, 0x00, 0x00, 0x00, 0x07, 0xff, 0xff, 0xff, 0xff, 0xff, 0xff, 0xff, 0xff, 0xff, 0xf0, 0x07, 0xff, 0xff,
    0xff, 0xff, 0xff, 0xff, 0xff, 0xff, 0xff, 0xf0, 0x01, 0x11, 0x11, 0xbf, 0xd1, 0x11, 0x11, 0x11, 0x11, 0x11, 0x10, 0x00,
    0x00, 0x03, 0xff, 0x40, 0x00, 0x00, 0x00, 0x00, 0x00, 0x00, 0x00, 0x00, 0x0f, 0xff, 0xff, 0xff, 0xff, 0xff, 0xff, 0x30,
    0x00, 0x00, 0x00, 0x8f, 0xff, 0xff, 0xff, 0xff, 0xff, 0xff, 0x40, 0x00, 0x00, 0x05, 0xff, 0xf9, 0x00, 0x00, 0x00, 0x00,
    0xef, 0x40, 0x00, 0x00, 0x4f, 0xff, 0xf9, 0x00, 0x00, 0x00, 0x00, 0xef, 0x40, 0x00, 0x06, 0xff, 0xdb, 0xff, 0xff, 0xff,
    0xff, 0xff, 0xff, 0x40, 0x00, 0x0a, 0xfd, 0x29, 0xff, 0xdd, 0xdd, 0xdd, 0xdd, 0xff, 0x40, 0x00, 0x01, 0xa1, 0x09, 0xf9,
    0x00, 0x00, 0x00, 0x00, 0xef, 0x40, 0x00, 0x00, 0x00, 0x09, 0xf9, 0x00, 0x00, 0x00, 0x00, 0xef, 0x40, 0x00, 0x00, 0x00,
    0x09, 0xff, 0xff, 0xff, 0xff, 0xff, 0xff, 0x40, 0x00, 0x00, 0x00, 0x09, 0xff, 0xdd, 0xdd, 0xdd, 0xdd, 0xff, 0x40, 0x00,
    0x00, 0x00, 0x09, 0xf9, 0x00, 0x00, 0x00, 0x00, 0xef, 0x40, 0x00, 0x00, 0x00, 0x09, 0xf9, 0x00, 0x00, 0x12, 0x12, 0xff,
    0x30, 0x00, 0x00, 0x00, 0x09, 0xf9, 0x00, 0x00, 0x2f, 0xff, 0xff, 0x10, 0x00, 0x00, 0x00, 0x09, 0xf9, 0x00, 0x00, 0x0c,
    0xfe, 0xc6, 0x00, 0x00, 0x00, 0xdf, 0xff, 0xff, 0xd0, 0x3f, 0xff, 0xff, 0xff, 0xff, 0x50, 0x00, 0xdf, 0xff, 0xff, 0xd0,
    0x4f, 0xff, 0xff, 0xff, 0xff, 0x50, 0x00, 0xdf, 0x31, 0x3f, 0xd0, 0x4f, 0xd2, 0x22, 0x22, 0xff, 0x50, 0x00, 0xdf, 0x20,
    0x2f, 0xd0, 0x4f, 0xd0, 0x00, 0x00, 0xff, 0x50, 0x00, 0xdf, 0x20, 0x2f, 0xd0, 0x4f, 0xd0, 0x06, 0x67, 0xff, 0x50, 0x00,
    0xdf, 0xff, 0xff, 0xe0, 0x4f, 0xd0, 0x09, 0xff, 0xfe, 0x10, 0x00, 0xdf, 0xff, 0xff, 0xe0, 0x4f, 0xd0, 0x02, 0x66, 0x41,
    0x00, 0x00, 0xdf, 0x31, 0x4f, 0xd0, 0x4f, 0xf7, 0x77, 0x77, 0x7a, 0x40, 0x00, 0xdf, 0x20, 0x2f, 0xd0, 0x4f, 0xff, 0xff,
    0xff, 0xff, 0xd0, 0x00, 0xef, 0x10, 0x2f, 0xd0, 0x4f, 0xff, 0xf8, 0x77, 0xdf, 0xa0, 0x00, 0xef, 0xff, 0xff, 0xd0, 0x4f,
    0xd8, 0xf5, 0x00, 0xaf, 0x60, 0x00, 0xff, 0xff, 0xff, 0xd0, 0x4f, 0xd3, 0xfc, 0x01, 0xff, 0x10, 0x01, 0xff, 0x22, 0x4f,
    0xd0, 0x4f, 0xd0, 0xcf, 0x46, 0xfb, 0x00, 0x02, 0xfd, 0x00, 0x2f, 0xd0, 0x4f, 0xd0, 0x5f, 0xde, 0xf5, 0x00, 0x04, 0xfc,
    0x00, 0x2f, 0xd0, 0x4f, 0xd0, 0x0c, 0xff, 0xc0, 0x00, 0x06, 0xf9, 0x00, 0x2f, 0xd0, 0x4f, 0xd0, 0x06, 0xff, 0x80, 0x00,
    0x09, 0xf7, 0x00, 0x2f, 0xd0, 0x4f, 0xd0, 0x2d, 0xff, 0xe3, 0x00, 0x0d, 0xf4, 0x12, 0x4f, 0xd0, 0x4f, 0xd3, 0xdf, 0xbb,
    0xfe, 0x60, 0x3f, 0xe0, 0x6f, 0xff, 0xb0, 0x4f, 0xed, 0xfb, 0x10, 0xbf, 0xf5, 0x17, 0x80, 0x1f, 0xeb, 0x30, 0x3f, 0xd4,
    0x80, 0x00, 0x07, 0x90, 0x00, 0x00, 0x00, 0x00, 0x00, 0x00, 0x00, 0x00, 0x00, 0x00, 0x00, 0x00, 0x05, 0x50, 0x00, 0x55,
    0x00, 0x00, 0x00, 0x00, 0x00, 0x00, 0x00, 0x0f, 0xf0, 0x00, 0xff, 0x10, 0x0f, 0xff, 0xff, 0xff, 0xf2, 0x03, 0x4f, 0xf4,
    0x44, 0xff, 0x53, 0x0f, 0xff, 0xff, 0xff, 0xf2, 0x0c, 0xff, 0xff, 0xff, 0xff, 0xf9, 0x0f, 0xf2, 0x00, 0x0f, 0xf2, 0x08,
    0xaf, 0xfa, 0xaa, 0xff, 0xb6, 0x0f, 0xf1, 0x00, 0x0f, 0xf2, 0x00, 0x0f, 0xf0, 0x00, 0xff, 0x10, 0x0f, 0xf1, 0x00, 0x0f,
    0xf2, 0x00, 0x0f, 0xfb, 0xbb, 0xff, 0x10, 0x0f, 0xff, 0xee, 0xef, 0xf2, 0x00, 0x0f, 0xff, 0xff, 0xff, 0x10, 0x0f, 0xff,
    0xff, 0xff, 0xf2, 0x00, 0x0f, 0xf0, 0x00, 0xff, 0x10, 0x0f, 0xf1, 0x00, 0x0f, 0xf2, 0x00, 0x0f, 0xf0, 0x00, 0xff, 0x10,
    0x0f, 0xf1, 0x00, 0x0f, 0xf2, 0x00, 0x0f, 0xff, 0xff, 0xff, 0x10, 0x1f, 0xf1, 0x00, 0x0f, 0xf2, 0x00, 0x0f, 0xfd, 0xdd,
    0xff, 0x10, 0x1f, 0xf8, 0x88, 0x8f, 0xf2, 0x00, 0x0f, 0xf0, 0x00, 0xff, 0x10, 0x1f, 0xff, 0xff, 0xff, 0xf2, 0x1c, 0xcf,
    0xfc, 0xcc, 0xff, 0xc6, 0x3f, 0xf2, 0x22, 0x2f, 0xf2, 0x1f, 0xff, 0xff, 0xff, 0xff, 0xf8, 0x4f, 0xc0, 0x00, 0x0f, 0xf2,
    0x03, 0x35, 0x53, 0x34, 0x73, 0x32, 0x8f, 0xa0, 0x00, 0x0f, 0xf2, 0x00, 0x0a, 0xf9, 0x1d, 0xf4, 0x00, 0xbf, 0x70, 0x00,
    0x0f, 0xf2, 0x00, 0x4f, 0xf3, 0x08, 0xfd, 0x12, 0xff, 0x40, 0x00, 0x0f, 0xf2, 0x01, 0xdf, 0x90, 0x00, 0xdf, 0x88, 0xfe,
    0x10, 0x22, 0x2f, 0xf2, 0x0c, 0xfd, 0x10, 0x00, 0x4e, 0x8f, 0xfa, 0x00, 0xbf, 0xff, 0xe0, 0x03, 0xc3, 0x00, 0x00, 0x01,
    0x04, 0xc3, 0x00, 0x7f, 0xec, 0x50, 0x00, 0x00, 0x00, 0x00, 0x00, 0x00, 0x00, 0x00, 0x00, 0x00, 0x00, 0x00, 0x00, 0x00,
    0x00, 0x02, 0x88, 0x10, 0x00, 0x00, 0x00, 0x00, 0x00, 0x00, 0x00, 0x00, 0x03, 0xff, 0x20, 0x00, 0x00, 0x00, 0x00, 0x00,
    0x00, 0x00, 0x00, 0x03, 0xff, 0x20, 0x00, 0x00, 0x00, 0x00, 0x00, 0x02, 0x22, 0x22, 0x25, 0xff, 0x42, 0x22, 0x22, 0x20,
    0x00, 0x00, 0x2f, 0xff, 0xff, 0xff, 0xff, 0xff, 0xff, 0xff, 0xf4, 0x00, 0x00, 0x2f, 0xff, 0xff, 0xff, 0xff, 0xff, 0xff,
    0xff, 0xf4, 0x00, 0x00, 0x00, 0x00, 0x00, 0x04, 0xff, 0x30, 0x00, 0x00, 0x00, 0x00, 0x00, 0x00, 0x00, 0x00, 0x03, 0xff,
    0x20, 0x00, 0x00, 0x00, 0x00, 0x00, 0x00, 0x00, 0x00, 0x03, 0xff, 0x20, 0x00, 0x00, 0x00, 0x00, 0x0b, 0xff, 0xff, 0xff,
    0xff, 0xff, 0xff, 0xff, 0xff, 0xff, 0xc0, 0x0b, 0xff, 0xff, 0xff, 0xff, 0xff, 0xff, 0xff, 0xff, 0xff, 0xc0, 0x02, 0x22,
    0x22, 0x22, 0xbf, 0xff, 0xfa, 0x22, 0x22, 0x22, 0x20, 0x00, 0x00, 0x00, 0x06, 0xff, 0xff, 0xff, 0x50, 0x00, 0x00, 0x00,
    0x00, 0x00, 0x00, 0x6f, 0xfb, 0xff, 0xaf, 0xf5, 0x00, 0x00, 0x00, 0x00, 0x00, 0x06, 0xff, 0xa3, 0xff, 0x2a, 0xff, 0x50,
    0x00, 0x00, 0x00, 0x00, 0x9f, 0xfb, 0x03, 0xff, 0x20, 0xbf, 0xf9, 0x00, 0x00, 0x00, 0x3c, 0xff, 0xb1, 0x03, 0xff, 0x20,
    0x1b, 0xff, 0xc3, 0x00, 0x19, 0xff, 0xf9, 0x00, 0x03, 0xff, 0x20, 0x00, 0x9f, 0xff, 0x91, 0x1c, 0xfe, 0x60, 0x00, 0x03,
    0xff, 0x20, 0x00, 0x06, 0xef, 0xc1, 0x02, 0xa2, 0x00, 0x00, 0x03, 0xff, 0x20, 0x00, 0x00, 0x2a, 0x20, 0x00, 0x00, 0x00,
    0x00, 0x03, 0xff, 0x20, 0x00, 0x00, 0x00, 0x00, 0x00, 0x00, 0x00, 0x00, 0x02, 0x88, 0x10, 0x00, 0x00, 0x00, 0x00, 0x00,
    0x00, 0x00, 0x00, 0x03, 0xff, 0x30, 0x00, 0x00, 0x00, 0x00, 0x00, 0x00, 0x00, 0x00, 0x03, 0xff, 0x30, 0x00, 0x00, 0x00,
    0x00, 0x00, 0x00, 0x00, 0x00, 0x03, 0xff, 0x30, 0x00, 0x00, 0x00, 0x00, 0x01, 0x22, 0x22, 0x22, 0x25, 0xff, 0x42, 0x22,
    0x22, 0x22, 0x10, 0x0a, 0xff, 0xff, 0xff, 0xff, 0xff, 0xff, 0xff, 0xff, 0xff, 0xb0, 0x0a, 0xff, 0xff, 0xff, 0xff, 0xff,
    0xff, 0xff, 0xff, 0xff, 0xb0, 0x00, 0x00, 0x00, 0x1e, 0xf9, 0xff, 0xaf, 0xc0, 0x00, 0x00, 0x00, 0x00, 0x00, 0x00, 0x6f,
    0xe3, 0xff, 0x4f, 0xf4, 0x00, 0x00, 0x00, 0x00, 0x00, 0x00, 0xdf, 0x73, 0xff, 0x39, 0xfc, 0x00, 0x00, 0x00, 0x00, 0x00,
    0x08, 0xfe, 0x13, 0xff, 0x32, 0xff, 0x70, 0x00, 0x00, 0x00, 0x00, 0x3f, 0xf6, 0x03, 0xff, 0x30, 0x8f, 0xe3, 0x00, 0x00,
    0x00, 0x01, 0xdf, 0xc0, 0x03, 0xff, 0x30, 0x1d, 0xfd, 0x10, 0x00, 0x00, 0x1b, 0xfe, 0x20, 0x03, 0xff, 0x30, 0x04, 0xff,
    0xc1, 0x00, 0x01, 0xbf, 0xf8, 0x22, 0x25, 0xff, 0x52, 0x22, 0xaf, 0xfc, 0x20, 0x2d, 0xff, 0x8f, 0xff, 0xff, 0xff, 0xff,
    0xff, 0xf9, 0xff, 0xe1, 0x09, 0xf7, 0x0f, 0xff, 0xff, 0xff, 0xff, 0xff, 0xf0, 0x8f, 0x50, 0x00, 0x40, 0x00, 0x00, 0x03,
    0xff, 0x30, 0x00, 0x00, 0x03, 0x00, 0x00, 0x00, 0x00, 0x00, 0x03, 0xff, 0x30, 0x00, 0x00, 0x00, 0x00, 0x00, 0x00, 0x00,
    0x00, 0x03, 0xff, 0x30, 0x00, 0x00, 0x00, 0x00, 0x00, 0x00, 0x00, 0x00, 0x03, 0xff, 0x30, 0x00, 0x00, 0x00, 0x00, 0x00,
    0x00, 0x00, 0x00, 0x01, 0x44, 0x00, 0x00, 0x00, 0x00, 0x00, 0x00, 0x00, 0x00, 0x00, 0x02, 0xff, 0x00, 0x00, 0x00, 0x00,
    0x00, 0x00, 0x11, 0x11, 0x11, 0x14, 0xff, 0x11, 0x11, 0x11, 0x11, 0x00, 0x05, 0xff, 0xff, 0xff, 0xff, 0xff, 0xff, 0xff,
    0xff, 0xff, 0x50, 0x05, 0xff, 0xff, 0xff, 0xff, 0xff, 0xff, 0xff, 0xff, 0xff, 0x50, 0x00, 0x00, 0x00, 0x00, 0x02, 0xff,
    0x00, 0x00, 0x00, 0x00, 0x00, 0x00, 0x00, 0x00, 0x00, 0x02, 0xff, 0x00, 0x00, 0x00, 0x00, 0x00, 0x00, 0x0f, 0xff, 0xff,
    0xff, 0xff, 0xff, 0xff, 0xff, 0xf0, 0x00, 0x00, 0x0f, 0xfe, 0xee, 0xef, 0xff, 0xee, 0xee, 0xef, 0xf0, 0x00, 0x00, 0x0f,
    0xf2, 0x00, 0x02, 0xff, 0x00, 0x00, 0x2f, 0xf0, 0x00, 0x00, 0x0f, 0xf2, 0x00, 0x02, 0xff, 0x00, 0x00, 0x2f, 0xf0, 0x00,
    0x00, 0x0f, 0xff, 0xff, 0xff, 0xff, 0xff, 0xff, 0xff, 0xf0, 0x00, 0x00, 0x0f, 0xff, 0xff, 0xff, 0xff, 0xff, 0xff, 0xff,
    0xf0, 0x00, 0x00, 0x00, 0x00, 0x01, 0xcf, 0xff, 0xfb, 0x10, 0x00, 0x00, 0x00, 0x00, 0x00, 0x00, 0x2d, 0xff, 0xff, 0xef,
    0xc1, 0x00, 0x00, 0x00, 0x00, 0x00, 0x04, 0xef, 0xe5, 0xff, 0x3e, 0xfd, 0x30, 0x00, 0x00, 0x00, 0x01, 0x9f, 0xfd, 0x22,
    0xff, 0x03, 0xef, 0xf8, 0x10, 0x00, 0x01, 0x7e, 0xff, 0xb2, 0x02, 0xff, 0x00, 0x2c, 0xff, 0xe7, 0x10, 0x1d, 0xff, 0xf7,
    0x00, 0x02, 0xff, 0x00, 0x01, 0x9f, 0xff, 0xd1, 0x04, 0xfa, 0x20, 0x00, 0x02, 0xff, 0x00, 0x00, 0x04, 0xcf, 0x40, 0x00,
    0x20, 0x00, 0x00, 0x02, 0xff, 0x00, 0x00, 0x00, 0x03, 0x00, 0x00, 0x00, 0x00, 0x00, 0x02, 0x99, 0x20, 0x00, 0x00, 0x00,
    0x00, 0x00, 0x00, 0x00, 0x00, 0x03, 0xff, 0x30, 0x00, 0x00, 0x00, 0x00, 0x00, 0x12, 0x22, 0x22, 0x24, 0xff, 0x42, 0x22,
    0x22, 0x22, 0x00, 0x00, 0xcf, 0xff, 0xff, 0xff, 0xff, 0xff, 0xff, 0xff, 0xff, 0x00, 0x00, 0xcf, 0xff, 0xff, 0xff, 0xff,
    0xff, 0xff, 0xff, 0xff, 0x00, 0x00, 0x01, 0x5a, 0x10, 0x03, 0xff, 0x30, 0x00, 0xa8, 0x30, 0x00, 0x00, 0x00, 0xdf, 0x90,
    0x03, 0xff, 0x30, 0x03, 0xff, 0x50, 0x00, 0x00, 0x00, 0x5f, 0xf2, 0x03, 0xff, 0x30, 0x0a, 0xfc, 0x00, 0x00, 0x00, 0x00,
    0x0d, 0xf8, 0x03, 0xff, 0x30, 0x3f, 0xf3, 0x00, 0x00, 0x00, 0x00, 0x07, 0xa3, 0x03, 0xff, 0x30, 0x4b, 0x80, 0x00, 0x00,
    0x0c, 0xff, 0xff, 0xff, 0xff, 0xff, 0xff, 0xff, 0xff, 0xff, 0xd0, 0x0c, 0xff, 0xff, 0xff, 0xff, 0xff, 0xff, 0xff, 0xff,
    0xff, 0xd0, 0x02, 0x22, 0x22, 0x23, 0xef, 0xff, 0xfe, 0x32, 0x22, 0x22, 0x20, 0x00, 0x00, 0x00, 0x1b, 0xff, 0xff, 0xff,
    0xb1, 0x00, 0x00, 0x00, 0x00, 0x00, 0x01, 0xbf, 0xe5, 0xff, 0x5e, 0xfb, 0x10, 0x00, 0x00, 0x00, 0x00, 0x2c, 0xfe, 0x33,
    0xff, 0x33, 0xef, 0xc2, 0x00, 0x00, 0x00, 0x06, 0xef, 0xe3, 0x03, 0xff, 0x30, 0x4e, 0xfe, 0x50, 0x00, 0x03, 0xbf, 0xfd,
    0x20, 0x03, 0xff, 0x30, 0x03, 0xdf, 0xfb, 0x30, 0x2e, 0xff, 0xa1, 0x00, 0x03, 0xff, 0x30, 0x00, 0x1b, 0xff, 0xe2, 0x04,
    0xd6, 0x00, 0x00, 0x03, 0xff, 0x30, 0x00, 0x00, 0x6e, 0x50, 0x00, 0x00, 0x00, 0x00, 0x03, 0xff, 0x30, 0x00, 0x00, 0x01,
    0x00, 0x00, 0x00, 0x88, 0x10, 0x00, 0x00, 0x00, 0x00, 0x00, 0x00, 0x00, 0x00, 0x00, 0xff, 0x20, 0x00, 0x06, 0xb7, 0x05,
    0xdb, 0x00, 0x00, 0x00, 0x00, 0xff, 0x20, 0x00, 0x0b, 0xfa, 0x04, 0xff, 0x10, 0x00, 0x00, 0x00, 0xff, 0x20, 0x00, 0x0e,
    0xf6, 0x00, 0xef, 0x50, 0x00, 0x01, 0x11, 0xff, 0x31, 0x10, 0x4f, 0xf2, 0x00, 0xaf, 0xb0, 0x00, 0x3f, 0xff, 0xff, 0xff,
    0xc0, 0xaf, 0xc0, 0x00, 0x5f, 0xf2, 0x00, 0x3f, 0xff, 0xff, 0xff, 0xc2, 0xff, 0x50, 0x00, 0x0d, 0xfa, 0x00, 0x00, 0x05,
    0xff, 0x30, 0x09, 0xfe, 0x04, 0x20, 0x07, 0xff, 0x40, 0x00, 0x09, 0xff, 0xc0, 0x3f, 0xf7, 0x0d, 0xf8, 0x01, 0xdf, 0xd1,
    0x00, 0x0d, 0xff, 0xf5, 0x9f, 0xd1, 0x2f, 0xf6, 0x00, 0x4f, 0x70, 0x00, 0x4f, 0xff, 0xfe, 0x25, 0x40, 0x7f, 0xf1, 0x00,
    0x05, 0x00, 0x00, 0x9f, 0xff, 0xaf, 0xb0, 0x00, 0xcf, 0xa0, 0x00, 0x00, 0x00, 0x02, 0xfb, 0xff, 0x3e, 0xf4, 0x03, 0xff,
    0x50, 0x01, 0x00, 0x00, 0x09, 0xf5, 0xff, 0x28, 0x90, 0x08, 0xfd, 0x00, 0xaf, 0x20, 0x00, 0x3f, 0xe0, 0xff, 0x21, 0x00,
    0x1e, 0xf7, 0x00, 0x9f, 0xa0, 0x00, 0x2f, 0x80, 0xff, 0x20, 0x00, 0x6f, 0xe1, 0x00, 0x2f, 0xf2, 0x00, 0x08, 0x10, 0xff,
    0x20, 0x01, 0xdf, 0x80, 0x00, 0x0b, 0xfa, 0x00, 0x00, 0x00, 0xff, 0x20, 0x08, 0xff, 0x77, 0x9b, 0xcf, 0xff, 0x10, 0x00,
    0x00, 0xff, 0x20, 0x2f, 0xff, 0xff, 0xff, 0xff, 0xff, 0x70, 0x00, 0x00, 0xff, 0x20, 0x0f, 0xff, 0xca, 0x86, 0x42, 0x8f,
    0xb0, 0x00, 0x00, 0xff, 0x20, 0x04, 0x20, 0x00, 0x00, 0x00, 0x35, 0x00, 0x00, 0x02, 0xbb, 0xbb, 0xbb, 0xbb, 0xbb, 0xbb,
    0xbb, 0xb1, 0x00, 0x00, 0x02, 0xff, 0xff, 0xff, 0xff, 0xff, 0xff, 0xff, 0xf2, 0x00, 0x00, 0x02, 0xff, 0x22, 0x22, 0xff,
    0x72, 0x22, 0x6f, 0xf2, 0x00, 0x00, 0x02, 0xff, 0x00, 0x00, 0xff, 0x50, 0x00, 0x4f, 0xf2, 0x00, 0x00, 0x02, 0xff, 0xff,
    0xff, 0xff, 0xff, 0xff, 0xff, 0xf2, 0x00, 0x00, 0x02, 0xff, 0xdd, 0xdd, 0xff, 0xfd, 0xdd, 0xdf, 0xf2, 0x00, 0x00, 0x02,
    0xff, 0x00, 0x00, 0xff, 0x50, 0x00, 0x4f, 0xf2, 0x00, 0x00, 0x02, 0xff, 0x00, 0x00, 0xff, 0x50, 0x00, 0x4f, 0xf2, 0x00,
    0x00, 0x02, 0xff, 0xff, 0xff, 0xff, 0xff, 0xff, 0xff, 0xf2, 0x00, 0x00, 0x02, 0xdd, 0xdd, 0xdd, 0xff, 0xfd, 0xdd, 0xdd,
    0xd2, 0x00, 0x00, 0x00, 0x00, 0x00, 0x00, 0xff, 0x50, 0x00, 0x00, 0x00, 0x00, 0x09, 0xff, 0xff, 0xff, 0xff, 0xff, 0xff,
    0xff, 0xff, 0xff, 0xe0, 0x09, 0xff, 0xff, 0xff, 0xff, 0xff, 0xff, 0xff, 0xff, 0xff, 0xe0, 0x00, 0x00, 0x00, 0x04, 0xef,
    0xff, 0xff, 0x91, 0x00, 0x00, 0x00, 0x00, 0x00, 0x00, 0x7f, 0xfa, 0xff, 0x8e, 0xfc, 0x20, 0x00, 0x00, 0x00, 0x00, 0x3c,
    0xff, 0x90, 0xff, 0x52, 0xdf, 0xe8, 0x10, 0x00, 0x00, 0x3a, 0xff, 0xe5, 0x00, 0xff, 0x50, 0x1a, 0xff, 0xe7, 0x20, 0x0b,
    0xff, 0xfc, 0x20, 0x00, 0xff, 0x50, 0x00, 0x5d, 0xff, 0xf3, 0x04, 0xfd, 0x50, 0x00, 0x00, 0xff, 0x50, 0x00, 0x01, 0x7e,
    0x90, 0x00, 0x30, 0x00, 0x00, 0x00, 0xff, 0x50, 0x00, 0x00, 0x00, 0x10, 0x00, 0x00, 0x00, 0x00, 0x00, 0x79, 0x40, 0x00,
    0x00, 0x00, 0x00, 0x00, 0x00, 0x00, 0x00, 0x00, 0xcf, 0x70, 0x00, 0x00, 0x00, 0x00, 0x00, 0x00, 0x00, 0x00, 0x00, 0xcf,
    0x70, 0x00, 0x00, 0x00, 0x00, 0x0c, 0xff, 0xff, 0xff, 0xff, 0xff, 0xff, 0xff, 0xff, 0xff, 0xc0, 0x0b, 0xee, 0xee, 0xee,
    0xff, 0xff, 0xff, 0xfe, 0xee, 0xee, 0xc0, 0x00, 0x00, 0x00, 0x1a, 0xfe, 0xdf, 0xcf, 0xe3, 0x00, 0x00, 0x00, 0x00, 0x00,
    0x02, 0xdf, 0xe4, 0xcf, 0x78, 0xff, 0x60, 0x00, 0x00, 0x00, 0x01, 0x8f, 0xfe, 0x40, 0xcf, 0x70, 0x7f, 0xfb, 0x30, 0x00,
    0x01, 0x7d, 0xff, 0xd3, 0x00, 0xcf, 0x70, 0x05, 0xef, 0xfa, 0x40, 0x1d, 0xff, 0xf9, 0x10, 0x00, 0x23, 0x10, 0x00, 0x1a,
    0xff, 0xe2, 0x03, 0xeb, 0x3e, 0xff, 0xff, 0xff, 0xff, 0xff, 0xfa, 0x3b, 0x80, 0x00, 0x10, 0x0e, 0xfa, 0x88, 0x88, 0x88,
    0x8d, 0xfa, 0x00, 0x00, 0x00, 0x00, 0x0e, 0xf7, 0x44, 0x44, 0x44, 0x4b, 0xfa, 0x00, 0x00, 0x00, 0x00, 0x0e, 0xff, 0xff,
    0xff, 0xff, 0xff, 0xfa, 0x00, 0x00, 0x00, 0x00, 0x0e, 0xf6, 0x33, 0x33, 0x33, 0x3b, 0xfa, 0x00, 0x00, 0x00, 0x00, 0x0e,
    0xf9, 0x77, 0x77, 0x77, 0x7c, 0xfa, 0x00, 0x00, 0x00, 0x00, 0x0d, 0xee, 0xee, 0xee, 0xee, 0xee, 0xe9, 0x00, 0x00, 0x00,
    0x00, 0x00, 0x00, 0x00, 0x00, 0x00, 0x00, 0x00, 0x00, 0x00, 0x02, 0xff, 0xff, 0xff, 0xff, 0xff, 0xff, 0xff, 0xff, 0xff,
    0xf0, 0x02, 0xff, 0xff, 0xff, 0xff, 0xff, 0xff, 0xff, 0xff, 0xff, 0xf0, 0x00, 0x00, 0x33, 0x00, 0x00, 0x00, 0x00, 0x00,
    0x00, 0x10, 0x00, 0x00, 0x02, 0xff, 0x00, 0x00, 0x9e, 0x30, 0x00, 0x05, 0xfb, 0x10, 0x00, 0x02, 0xff, 0x00, 0x00, 0xaf,
    0xc0, 0x00, 0x0b, 0xfa, 0x00, 0x00, 0x02, 0xff, 0x00, 0x00, 0x2f, 0xf5, 0x00, 0x2f, 0xf3, 0x00, 0x00, 0x02, 0xff, 0x00,
    0x00, 0x0a, 0xc5, 0x00, 0xaf, 0xa0, 0x00, 0x0b, 0xff, 0xff, 0xff, 0x3e, 0xff, 0xff, 0xff, 0xff, 0xff, 0xc0, 0x0b, 0xff,
    0xff, 0xff, 0x3e, 0xff, 0xff, 0xff, 0xff, 0xff, 0xc0, 0x01, 0x16, 0xff, 0x21, 0x00, 0x00, 0x02, 0xff, 0x00, 0x00, 0x00,
    0x00, 0x09, 0xff, 0xb0, 0x00, 0x00, 0x02, 0xff, 0x00, 0x00, 0x00, 0x00, 0x0e, 0xff, 0xf7, 0x04, 0xff, 0xff, 0xff, 0xff,
    0xff, 0x20, 0x00, 0x2f, 0xff, 0xef, 0x34, 0xff, 0xff, 0xff, 0xff, 0xff, 0x20, 0x00, 0x8f, 0xff, 0x7f, 0x90, 0x00, 0x03,
    0xff, 0x00, 0x00, 0x00, 0x01, 0xef, 0xff, 0x1c, 0x10, 0x00, 0x02, 0xff, 0x00, 0x00, 0x00, 0x07, 0xf9, 0xff, 0x00, 0x11,
    0x11, 0x14, 0xff, 0x11, 0x11, 0x10, 0x1e, 0xf4, 0xff, 0x00, 0xaf, 0xff, 0xff, 0xff, 0xff, 0xff, 0xf3, 0x0c, 0xa2, 0xff,
    0x00, 0xaf, 0xff, 0xff, 0xff, 0xff, 0xff, 0xf3, 0x05, 0x22, 0xff, 0x00, 0x00, 0x00, 0x02, 0xff, 0x00, 0x00, 0x00, 0x00,
    0x02, 0xff, 0x00, 0x00, 0x00, 0x02, 0xff, 0x00, 0x00, 0x00, 0x00, 0x02, 0xff, 0x00, 0x00, 0x00, 0x02, 0xff, 0x00, 0x00,
    0x00, 0x00, 0x02, 0xff, 0x00, 0x00, 0x00, 0x02, 0xff, 0x00, 0x00, 0x00, 0x00, 0x02, 0xff, 0x00, 0x00, 0x00, 0x02, 0xff,
    0x00, 0x00, 0x00, 0x00, 0x00, 0x99, 0x10, 0x00, 0x00, 0x01, 0x88, 0x00, 0x00, 0x00, 0x00, 0x01, 0xff, 0x10, 0x00, 0x10,
    0x02, 0xff, 0x00, 0x10, 0x00, 0x00, 0x01, 0xff, 0x10, 0x2d, 0xd0, 0x02, 0xff, 0x00, 0x8e, 0x60, 0x00, 0x01, 0xff, 0x10,
    0x0c, 0xf5, 0x02, 0xff, 0x00, 0xdf, 0x30, 0x00, 0x01, 0xff, 0x10, 0x06, 0xfc, 0x02, 0xff, 0x03, 0xfb, 0x00, 0x0f, 0xff,
    0xff, 0xff, 0xa1, 0xef, 0x32, 0xff, 0x08, 0xf4, 0x00, 0x0f, 0xff, 0xff, 0xff, 0xa0, 0xaf, 0x72, 0xff, 0x1e, 0xb0, 0x00,
    0x01, 0x19, 0xff, 0x41, 0x10, 0x22, 0x02, 0xff, 0x04, 0x20, 0x00, 0x00, 0x0c, 0xff, 0xd0, 0x0d, 0xee, 0xef, 0xff, 0xee,
    0xee, 0x50, 0x00, 0x1f, 0xff, 0xf8, 0x0f, 0xff, 0xff, 0xff, 0xff, 0xff, 0x50, 0x00, 0x6f, 0xff, 0xcf, 0x33, 0x33, 0x33,
    0x33, 0x33, 0xef, 0x50, 0x00, 0xbd, 0xff, 0x4f, 0xb0, 0x00, 0x00, 0x00, 0x00, 0xdf, 0x50, 0x03, 0xf8, 0xff, 0x1a, 0x70,
    0x00, 0x00, 0x00, 0x00, 0xdf, 0x50, 0x0a, 0xf2, 0xff, 0x12, 0x1f, 0xff, 0xff, 0xff, 0xff, 0xff, 0x50, 0x4f, 0xa1, 0xff,
    0x10, 0x1f, 0xff, 0xff, 0xff, 0xff, 0xff, 0x50, 0x3f, 0x31, 0xff, 0x10, 0x00, 0x00, 0x00, 0x00, 0x00, 0xdf, 0x50, 0x04,
    0x01, 0xff, 0x10, 0x00, 0x00, 0x00, 0x00, 0x00, 0xdf, 0x50, 0x00, 0x01, 0xff, 0x10, 0x8f, 0xff, 0xff, 0xff, 0xff, 0xff,
    0x50, 0x00, 0x01, 0xff, 0x10, 0x8f, 0xff, 0xff, 0xff, 0xff, 0xff, 0x50, 0x00, 0x01, 0xff, 0x10, 0x12, 0x22, 0x22, 0x22,
    0x22, 0xff, 0x50, 0x00, 0x01, 0xff, 0x10, 0x00, 0x00, 0x00, 0x00, 0x00, 0xdf, 0x50, 0x00, 0x00, 0x99, 0x00, 0x00, 0x00,
    0x03, 0x74, 0x00, 0x00, 0x00, 0x00, 0x00, 0xfe, 0x00, 0x00, 0x00, 0x08, 0xf9, 0x00, 0x00, 0x00, 0x00, 0x00, 0xfe, 0x00,
    0x7f, 0xff, 0xff, 0xff, 0xff, 0xff, 0x70, 0x00, 0x00, 0xfe, 0x00, 0x6d, 0xdd, 0xdf, 0xff, 0xdd, 0xdd, 0x60, 0x00, 0x00,
    0xfe, 0x00, 0x00, 0x00, 0x2f, 0xe0, 0x00, 0x00, 0x00, 0x06, 0xdd, 0xff, 0xdd, 0x1e, 0xff, 0xff, 0xff, 0xff, 0xfc, 0x00,
    0x07, 0xff, 0xff, 0xff, 0x2c, 0xdd, 0xff, 0xfd, 0xdd, 0xda, 0x00, 0x02, 0x5a, 0xff, 0x75, 0x00, 0x03, 0xfe, 0x10, 0x00,
    0x00, 0x00, 0x00, 0x08, 0xff, 0xb0, 0xdf, 0xff, 0xff, 0xff, 0xff, 0xff, 0xf0, 0x00, 0x0c, 0xff, 0xf6, 0xbd, 0xff, 0xfe,
    0xdd, 0xff, 0xed, 0xd0, 0x00, 0x2f, 0xfe, 0xae, 0x11, 0xdf, 0x87, 0xa5, 0x6f, 0xa0, 0x00, 0x00, 0x7f, 0xfe, 0x3c, 0x0a,
    0xfd, 0x1a, 0xf7, 0x0c, 0xf9, 0x00, 0x00, 0xce, 0xfe, 0x02, 0xaf, 0xff, 0xdf, 0xff, 0xda, 0xef, 0x91, 0x04, 0xf9, 0xfe,
    0x08, 0xff, 0x9f, 0xff, 0xff, 0xf9, 0x5f, 0xf7, 0x0c, 0xf3, 0xfe, 0x01, 0xd4, 0x00, 0x0a, 0xf7, 0x00, 0x05, 0x90, 0x0a,
    0xd0, 0xfe, 0x00, 0x00, 0x00, 0x0a, 0xf7, 0x00, 0x00, 0x00, 0x03, 0x50, 0xfe, 0x00, 0x4f, 0xff, 0xff, 0xff, 0xff, 0xf9,
    0x00, 0x00, 0x00, 0xfe, 0x00, 0x3d, 0xdd, 0xdf, 0xff, 0xdd, 0xd8, 0x00, 0x00, 0x00, 0xfe, 0x00, 0x00, 0x00, 0x0a, 0xf7,
    0x00, 0x00, 0x00, 0x00, 0x00, 0xfe, 0x00, 0x00, 0x00, 0x0a, 0xf7, 0x00, 0x00, 0x00, 0x00, 0x00, 0xfe, 0x00, 0x00, 0x00,
    0x0a, 0xf7, 0x00, 0x00, 0x00, 0x00, 0x01, 0xaa, 0x00, 0x00, 0x09, 0x92, 0x00, 0x89, 0x40, 0x00, 0x00, 0x02, 0xff, 0x00,
    0x00, 0x0f, 0xf3, 0x00, 0xdf, 0x60, 0x00, 0x00, 0x02, 0xff, 0x00, 0xef, 0xff, 0xff, 0xff, 0xff, 0xff, 0xf3, 0x00, 0x02,
    0xff, 0x00, 0xcd, 0xdf, 0xff, 0xdd, 0xff, 0xfd, 0xd2, 0x04, 0x79, 0xff, 0x77, 0x10, 0x0f, 0xf3, 0x00, 0xdf, 0x60, 0x00,
    0x0a, 0xff, 0xff, 0xff, 0x20, 0x04, 0x41, 0x00, 0x44, 0x20, 0x00, 0x09, 0xef, 0xff, 0xee, 0x4f, 0xff, 0xff, 0xff, 0xff,
    0xff, 0x10, 0x00, 0x05, 0xff, 0x00, 0x2f, 0xf9, 0x99, 0x99, 0x99, 0xff, 0x10, 0x00, 0x09, 0xff, 0x80, 0x2f, 0xf8, 0x88,
    0x88, 0x89, 0xff, 0x10, 0x00, 0x0e, 0xff, 0xf3, 0x2f, 0xff, 0xff, 0xff, 0xff, 0xff, 0x10, 0x00, 0x2f, 0xff, 0xec, 0x3f,
    0xf1, 0x11, 0x11, 0x13, 0xff, 0x10, 0x00, 0x9f, 0xff, 0x7f, 0x5f, 0xff, 0xff, 0xff, 0xff, 0xff, 0x10, 0x01, 0xee, 0xff,
    0x1a, 0x2f, 0xff, 0xff, 0xff, 0xff, 0xff, 0x10, 0x09, 0xf8, 0xff, 0x01, 0x00, 0x00, 0x0d, 0xf6, 0x00, 0x00, 0x00, 0x0e,
    0xf3, 0xff, 0x00, 0xdd, 0xdd, 0xef, 0xff, 0xdd, 0xdd, 0xd3, 0x07, 0x92, 0xff, 0x00, 0xff, 0xff, 0xff, 0xff, 0xff, 0xff,
    0xf3, 0x01, 0x12, 0xff, 0x00, 0x00, 0x01, 0xdf, 0xcf, 0xe3, 0x00, 0x00, 0x00, 0x02, 0xff, 0x00, 0x00, 0x2c, 0xfe, 0x19,
    0xfe, 0x50, 0x00, 0x00, 0x02, 0xff, 0x00, 0x38, 0xef, 0xe3, 0x00, 0xcf, 0xfb, 0x51, 0x00, 0x02, 0xff, 0x07, 0xff, 0xfb,
    0x20, 0x00, 0x19, 0xff, 0xf6, 0x00, 0x02, 0xff, 0x01, 0xd9, 0x30, 0x00, 0x00, 0x00, 0x3a, 0xa0, 0x00, 0x00, 0x00, 0x00,
    0x00, 0x00, 0x00, 0x00, 0x00, 0x00, 0x00, 0x00, 0x00, 0x00, 0x00, 0x05, 0x63, 0x00, 0x00, 0x00, 0x00, 0x00, 0x00, 0x00,
    0x00, 0x00, 0x0c, 0xfb, 0x00, 0x00, 0x00, 0x00, 0x00, 0x06, 0xc4, 0x00, 0x00, 0x1f, 0xf7, 0x00, 0x00, 0x00, 0x00, 0x00,
    0x1d, 0xff, 0xa1, 0x00, 0x4f, 0xf3, 0x00, 0x00, 0x00, 0x10, 0x00, 0x01, 0x9f, 0xfd, 0x30, 0xaf, 0xff, 0xff, 0xff, 0xff,
    0xfc, 0x30, 0x00, 0x05, 0xee, 0x11, 0xff, 0xff, 0xff, 0xff, 0xff, 0xff, 0x40, 0x00, 0x00, 0x23, 0x07, 0xff, 0x42, 0x22,
    0x22, 0x29, 0xfe, 0x00, 0x00, 0x00, 0x00, 0x0d, 0xfb, 0x00, 0xff, 0x60, 0x0b, 0xfa, 0x00, 0x00, 0x00, 0x00, 0x8f, 0xf4,
    0x00, 0xff, 0x60, 0x2f, 0xf4, 0x00, 0x00, 0x00, 0x01, 0xdf, 0xb0, 0x01, 0xff, 0x80, 0x8f, 0xd0, 0x00, 0x00, 0x00, 0x23,
    0x07, 0x20, 0x03, 0xff, 0xb0, 0x3a, 0x60, 0x00, 0x00, 0x00, 0xbe, 0x40, 0x00, 0x06, 0xff, 0xe0, 0x00, 0x00, 0x00, 0x00,
    0x05, 0xff, 0x50, 0x00, 0x09, 0xff, 0xf2, 0x00, 0x00, 0x00, 0x00, 0x1d, 0xfb, 0x00, 0x00, 0x1e, 0xff, 0xf9, 0x00, 0x00,
    0x00, 0x00, 0x9f, 0xf3, 0x00, 0x00, 0x8f, 0xf7, 0xff, 0x20, 0x00, 0x00, 0x04, 0xff, 0x80, 0x00, 0x03, 0xff, 0xb0, 0xcf,
    0xc0, 0x00, 0x00, 0x1d, 0xfe, 0x10, 0x00, 0x2e, 0xfe, 0x20, 0x3f, 0xfa, 0x00, 0x00, 0x3e, 0xf5, 0x00, 0x04, 0xef, 0xf5,
    0x00, 0x08, 0xff, 0xb1, 0x00, 0x01, 0x70, 0x01, 0x9f, 0xff, 0x60, 0x00, 0x00, 0x9f, 0xfe, 0x80, 0x00, 0x00, 0x09, 0xff,
    0xe4, 0x00, 0x00, 0x00, 0x07, 0xff, 0x60, 0x00, 0x00, 0x00, 0xa8, 0x10, 0x00, 0x00, 0x00, 0x00, 0x27, 0x00, 0x00, 0x00,
    0x00, 0x00, 0x00, 0x01, 0x10, 0x00, 0x00, 0x00, 0x00, 0x00, 0x00, 0x00, 0x00, 0x00, 0x05, 0xfe, 0x00, 0x00, 0x00, 0x00,
    0x00, 0x00, 0x00, 0x00, 0x00, 0x08, 0xfc, 0x00, 0x00, 0x00, 0x00, 0x3c, 0xcc, 0xcc, 0xcf, 0xa2, 0x0b, 0xf9, 0x00, 0x00,
    0x00, 0x00, 0x3f, 0xff, 0xff, 0xff, 0xf2, 0x1f, 0xff, 0xff, 0xff, 0xff, 0x80, 0x13, 0x33, 0x33, 0x4f, 0xe0, 0x5f, 0xff,
    0xff, 0xff, 0xff, 0x60, 0x01, 0x50, 0x00, 0x4f, 0xc0, 0xaf, 0xa0, 0x00, 0x02, 0xff, 0x20, 0x1d, 0xf3, 0x00, 0x7f, 0x91,
    0xff, 0x31, 0xdd, 0x04, 0xfd, 0x00, 0x09, 0xfd, 0x10, 0xbf, 0x4a, 0xfb, 0x01, 0xff, 0x08, 0xf8, 0x00, 0x01, 0xdf, 0x91,
    0xff, 0x19, 0xe2, 0x02, 0xff, 0x02, 0x72, 0x00, 0x00, 0x3f, 0xfb, 0xfb, 0x00, 0x20, 0x03, 0xff, 0x00, 0x00, 0x00, 0x00,
    0x08, 0xff, 0xf5, 0x00, 0x00, 0x05, 0xff, 0x20, 0x00, 0x00, 0x00, 0x00, 0xff, 0xf0, 0x00, 0x00, 0x08, 0xff, 0x60, 0x00,
    0x00, 0x00, 0x00, 0xff, 0xf5, 0x00, 0x00, 0x0c, 0xff, 0xa0, 0x00, 0x00, 0x00, 0x07, 0xff, 0xfd, 0x10, 0x00, 0x3f, 0xff,
    0xf1, 0x00, 0x00, 0x00, 0x3f, 0xf7, 0xef, 0x70, 0x00, 0xbf, 0xa9, 0xf8, 0x00, 0x00, 0x02, 0xef, 0xb0, 0x7f, 0xc0, 0x07,
    0xff, 0x33, 0xfe, 0x20, 0x00, 0x3d, 0xfd, 0x10, 0x0a, 0x10, 0x5f, 0xf7, 0x00, 0xbf, 0xc1, 0x00, 0x5f, 0xd2, 0x00, 0x00,
    0x07, 0xff, 0xa0, 0x00, 0x2e, 0xfb, 0x20, 0x06, 0x20, 0x00, 0x01, 0xcf, 0xf9, 0x00, 0x00, 0x05, 0xff, 0xd1, 0x00, 0x00,
    0x00, 0x00, 0x8e, 0x60, 0x00, 0x00, 0x00, 0x5e, 0x40, 0x00, 0x00, 0x00, 0x00, 0x01, 0x00, 0x00, 0x00, 0x00, 0x01, 0x00,
    0x00, 0x00, 0x00, 0x00, 0x00, 0x13, 0x30, 0x00, 0x00, 0x00, 0x00, 0x00, 0x00, 0x00, 0x00, 0x00, 0x4f, 0xf0, 0x00, 0x00,
    0x00, 0x00, 0x00, 0x00, 0x00, 0x00, 0x00, 0x4f, 0xf0, 0x00, 0x00, 0x00, 0x00, 0x00, 0x00, 0x00, 0x00, 0x00, 0x4f, 0xf0,
    0x00, 0x00, 0x00, 0x00, 0x00, 0x00, 0x00, 0x00, 0x00, 0x4f, 0xf0, 0x00, 0x00, 0x00, 0x00, 0x00, 0x00, 0x99, 0x10, 0x00,
    0x4f, 0xf0, 0x00, 0x00, 0x00, 0x00, 0x00, 0x00, 0xff, 0x20, 0x00, 0x4f, 0xf0, 0x00, 0x00, 0x00, 0x00, 0x00, 0x00, 0xff,
    0x20, 0x00, 0x4f, 0xf2, 0x22, 0x22, 0x22, 0x00, 0x00, 0x00, 0xff, 0x20, 0x00, 0x4f, 0xff, 0xff, 0xff, 0xfd, 0x00, 0x00,
    0x00, 0xff, 0x20, 0x00, 0x4f, 0xff, 0xff, 0xff, 0xfd, 0x00, 0x00, 0x00, 0xff, 0x20, 0x00, 0x4f, 0xf0, 0x00, 0x00, 0x00,
    0x00, 0x00, 0x00, 0xff, 0x20, 0x00, 0x4f, 0xf0, 0x00, 0x00, 0x00, 0x00, 0x00, 0x00, 0xff, 0x20, 0x00, 0x4f, 0xf0, 0x00,
    0x00, 0x00, 0x00, 0x00, 0x00, 0xff, 0x20, 0x00, 0x4f, 0xf0, 0x00, 0x00, 0x00, 0x00, 0x00, 0x00, 0xff, 0x20, 0x00, 0x4f,
    0xf0, 0x00, 0x00, 0x00, 0x00, 0x00, 0x00, 0xff, 0x20, 0x00, 0x4f, 0xf0, 0x00, 0x00, 0x00, 0x00, 0x00, 0x00, 0xff, 0x20,
    0x00, 0x4f, 0xf0, 0x00, 0x00, 0x00, 0x00, 0x02, 0x23, 0xff, 0x42, 0x22, 0x7f, 0xf2, 0x22, 0x22, 0x22, 0x20, 0x0e, 0xff,
    0xff, 0xff, 0xff, 0xff, 0xff, 0xff, 0xff, 0xff, 0xf0, 0x0e, 0xff, 0xff, 0xff, 0xff, 0xff, 0xff, 0xff, 0xff, 0xff, 0xf0,
    0x01, 0x11, 0x11, 0x11, 0x11, 0x11, 0x11, 0x11, 0x11, 0x11, 0x10, 0x00, 0x11, 0x11, 0x11, 0x11, 0x11, 0x11, 0x11, 0x11,
    0x11, 0x10, 0x00, 0xdf, 0xff, 0xff, 0xff, 0xff, 0xff, 0xff, 0xff, 0xff, 0x80, 0x00, 0xdf, 0xff, 0xff, 0xff, 0xff, 0xff,
    0xff, 0xff, 0xff, 0x80, 0x00, 0x11, 0x11, 0x11, 0x11, 0x5f, 0xf1, 0x11, 0x11, 0x11, 0x10, 0x00, 0x00, 0x00, 0x00, 0x00,
    0x4f, 0xf0, 0x00, 0x00, 0x00, 0x00, 0x00, 0x00, 0x00, 0x00, 0x00, 0x4f, 0xf0, 0x00, 0x00, 0x00, 0x00, 0x00, 0x00, 0x88,
    0x10, 0x00, 0x4f, 0xf0, 0x00, 0x00, 0x00, 0x00, 0x00, 0x01, 0xff, 0x20, 0x00, 0x4f, 0xf0, 0x00, 0x00, 0x00, 0x00, 0x00,
    0x01, 0xff, 0x20, 0x00, 0x4f, 0xff, 0xff, 0xff, 0xf8, 0x00, 0x00, 0x01, 0xff, 0x20, 0x00, 0x4f, 0xff, 0xff, 0xff, 0xf8,
    0x00, 0x00, 0x01, 0xff, 0x20, 0x00, 0x4f, 0xf2, 0x22, 0x22, 0x21, 0x00, 0x00, 0x01, 0xff, 0x20, 0x00, 0x4f, 0xf0, 0x00,
    0x00, 0x00, 0x00, 0x00, 0x01, 0xff, 0x20, 0x00, 0x4f, 0xf0, 0x00, 0x00, 0x00, 0x00, 0x00, 0x01, 0xff, 0x20, 0x00, 0x4f,
    0xf0, 0x00, 0x00, 0x00, 0x00, 0x00, 0x01, 0xff, 0x20, 0x00, 0x4f, 0xf0, 0x00, 0x00, 0x00, 0x00, 0x00, 0x01, 0xff, 0x20,
    0x00, 0x4f, 0xf0, 0x00, 0x00, 0x00, 0x00, 0x01, 0x12, 0xff, 0x31, 0x11, 0x5f, 0xf1, 0x11, 0x11, 0x11, 0x10, 0x0d, 0xff,
    0xff, 0xff, 0xff, 0xff, 0xff, 0xff, 0xff, 0xff, 0xf3, 0x0d, 0xff, 0xff, 0xff, 0xff, 0xff, 0xff, 0xff, 0xff, 0xff, 0xf3,
    0x01, 0x11, 0x11, 0x11, 0x11, 0x11, 0x11, 0x11, 0x11, 0x11, 0x10, 0x00, 0x00, 0x03, 0x00, 0x00, 0x00, 0x00, 0x00, 0x00,
    0x00, 0x00, 0x00, 0x00, 0x2f, 0xe2, 0x00, 0x00, 0x00, 0x00, 0x00, 0x00, 0x00, 0x00, 0x00, 0x8f, 0xc0, 0x00, 0x00, 0x00,
    0x00, 0x00, 0x00, 0x00, 0x00, 0x01, 0xef, 0xff, 0xff, 0xff, 0xff, 0xff, 0xff, 0xff, 0x00, 0x00, 0x08, 0xff, 0xed, 0xdd,
    0xdd, 0xdd, 0xdd, 0xdd, 0xdd, 0x00, 0x00, 0x3e, 0xf5, 0x00, 0x00, 0x00, 0x00, 0x00, 0x00, 0x00, 0x00, 0x00, 0xcf, 0xcb,
    0xff, 0xff, 0xff, 0xff, 0xff, 0xff, 0x80, 0x00, 0x0b, 0xff, 0x39, 0xdd, 0xdd, 0xdd, 0xdd, 0xdd, 0xdd, 0x70, 0x00, 0x4e,
    0xf6, 0x00, 0x00, 0x00, 0x00, 0x00, 0x00, 0x00, 0x00, 0x00, 0x02, 0x69, 0xee, 0xee, 0xee, 0xee, 0xee, 0xff, 0xe2, 0x00,
    0x00, 0x00, 0x0a, 0xff, 0xff, 0xff, 0xff, 0xff, 0xff, 0xf3, 0x00, 0x00, 0x00, 0x00, 0x00, 0x00, 0x00, 0x00, 0x00, 0x1f,
    0xf3, 0x00, 0x00, 0x00, 0x00, 0x00, 0x00, 0x00, 0x00, 0x00, 0x0f, 0xf4, 0x00, 0x00, 0x00, 0x00, 0x00, 0x00, 0x00, 0x00,
    0x00, 0x0f, 0xf5, 0x00, 0x00, 0x00, 0x00, 0x00, 0x00, 0x00, 0x00, 0x00, 0x0d, 0xf7, 0x00, 0x00, 0x00, 0x00, 0x00, 0x00,
    0x00, 0x00, 0x00, 0x0b, 0xf8, 0x00, 0x00, 0x00, 0x00, 0x00, 0x00, 0x00, 0x00, 0x00, 0x09, 0xfb, 0x07, 0x30, 0x00, 0x00,
    0x00, 0x00, 0x00, 0x00, 0x00, 0x05, 0xfe, 0x09, 0xd0, 0x00, 0x00, 0x00, 0x00, 0x00, 0x00, 0x00, 0x01, 0xff, 0x8c, 0xc0,
    0x00, 0x00, 0x00, 0x00, 0x00, 0x00, 0x00, 0x00, 0x8f, 0xff, 0x80, 0x00, 0x00, 0x00, 0x00, 0x00, 0x00, 0x00, 0x00, 0x09,
    0xec, 0x20, 0x00, 0x12, 0x00, 0x00, 0x00, 0x00, 0x00, 0x00, 0x00, 0x00, 0x00, 0x00, 0xbf, 0x92, 0x00, 0x02, 0xff, 0xff,
    0xff, 0xff, 0x20, 0x00, 0x01, 0xbf, 0xff, 0x70, 0x02, 0xff, 0xff, 0xff, 0xff, 0x20, 0x00, 0x00, 0x05, 0xef, 0xa0, 0x03,
    0xff, 0x11, 0x12, 0xff, 0x20, 0x00, 0x00, 0x00, 0x19, 0x10, 0x04, 0xfe, 0x00, 0x01, 0xff, 0x20, 0x00, 0x00, 0x00, 0x00,
    0x00, 0x07, 0xfb, 0x00, 0x01, 0xff, 0x20, 0x00, 0x00, 0x00, 0x00, 0x00, 0x2e, 0xf6, 0x00, 0x01, 0xff, 0x52, 0x32, 0x0a,
    0xb4, 0x00, 0x03, 0xdf, 0xc0, 0x00, 0x00, 0xdf, 0xff, 0xf8, 0x2d, 0xff, 0xb3, 0x4f, 0xfc, 0x20, 0x00, 0x00, 0x5d, 0xff,
    0xf9, 0x00, 0x6e, 0xfa, 0x06, 0x71, 0x00, 0x00, 0x00, 0x00, 0x00, 0x00, 0x00, 0x01, 0x71, 0x07, 0xff, 0xff, 0xff, 0xff,
    0xff, 0xfc, 0x20, 0x00, 0x00, 0x00, 0x07, 0xff, 0xff, 0xff, 0xff, 0xff, 0xfd, 0x00, 0x00, 0x00, 0x09, 0x10, 0x5f, 0xf2,
    0x11, 0x11, 0x3f, 0xf7, 0x00, 0x00, 0x00, 0x6f, 0xb0, 0x1d, 0xfa, 0x00, 0x00, 0xcf, 0xc0, 0x00, 0x00, 0x01, 0xdf, 0x70,
    0x04, 0xff, 0x90, 0x0b, 0xff, 0x30, 0x00, 0x00, 0x08, 0xfe, 0x10, 0x00, 0x6f, 0xfc, 0xdf, 0xf5, 0x00, 0x00, 0x00, 0x2e,
    0xf6, 0x00, 0x00, 0x07, 0xff, 0xff, 0x60, 0x00, 0x00, 0x00, 0xaf, 0xd0, 0x00, 0x01, 0x7d, 0xff, 0xff, 0xd7, 0x20, 0x00,
    0x04, 0xff, 0x50, 0x48, 0xbf, 0xff, 0xe9, 0xaf, 0xff, 0xfc, 0x84, 0x03, 0xdc, 0x00, 0x8f, 0xff, 0xd7, 0x10, 0x02, 0x9e,
    0xff, 0xf4, 0x00, 0x13, 0x00, 0x1a, 0x73, 0x00, 0x00, 0x00, 0x01, 0x59, 0x70, 0x00, 0x03, 0x00, 0x00, 0x00, 0x00, 0x09,
    0x91, 0x00, 0x00, 0x00, 0x00, 0x5f, 0xd5, 0x00, 0x00, 0x00, 0x1f, 0xf2, 0x00, 0x00, 0x00, 0x00, 0x6e, 0xff, 0xc2, 0x00,
    0x00, 0x1f, 0xf2, 0x00, 0x00, 0x00, 0x00, 0x01, 0x8f, 0xf2, 0x12, 0x22, 0x2f, 0xf3, 0x22, 0x21, 0x00, 0x00, 0x00, 0x03,
    0x50, 0x8f, 0xff, 0xff, 0xff, 0xff, 0xfc, 0x00, 0x00, 0x00, 0x00, 0x00, 0x8f, 0xff, 0xff, 0xff, 0xff, 0xfc, 0x00, 0x00,
    0x30, 0x00, 0x00, 0x00, 0x00, 0x1f, 0xf2, 0x00, 0x00, 0x00, 0x09, 0xfb, 0x30, 0x00, 0x00, 0x00, 0x1f, 0xf2, 0x00, 0x00,
    0x00, 0x09, 0xff, 0xf9, 0x10, 0x00, 0x00, 0x1f, 0xf2, 0x00, 0x00, 0x00, 0x00, 0x2b, 0xfc, 0x03, 0x66, 0x66, 0x6f, 0xf7,
    0x66, 0x66, 0x40, 0x00, 0x00, 0x62, 0x07, 0xff, 0xff, 0xff, 0xff, 0xff, 0xff, 0xa0, 0x00, 0x00, 0x00, 0x05, 0xbb, 0xbb,
    0xff, 0xfb, 0xbb, 0xbb, 0x70, 0x00, 0x00, 0x04, 0x30, 0x00, 0x05, 0xff, 0x30, 0x00, 0x00, 0x00, 0x00, 0x00, 0x0d, 0xe3,
    0x00, 0x0c, 0xfb, 0x00, 0x01, 0x00, 0x00, 0x00, 0x00, 0x6f, 0xe1, 0x00, 0x5f, 0xf3, 0x04, 0xda, 0x00, 0x00, 0x00, 0x01,
    0xef, 0x80, 0x00, 0xdf, 0x90, 0x02, 0xef, 0x60, 0x00, 0x00, 0x09, 0xfe, 0x10, 0x07, 0xfe, 0x10, 0x00, 0x6f, 0xe2, 0x00,
    0x00, 0x3f, 0xf7, 0x00, 0x3f, 0xfa, 0x67, 0x9b, 0xcf, 0xfa, 0x00, 0x00, 0xcf, 0xd0, 0x00, 0xff, 0xff, 0xff, 0xff, 0xff,
    0xff, 0x40, 0x02, 0xdf, 0x40, 0x00, 0xef, 0xfc, 0xa8, 0x64, 0x21, 0xaf, 0xb0, 0x00, 0x17, 0x00, 0x00, 0x33, 0x00, 0x00,
    0x00, 0x00, 0x4b, 0x30, 0x00, 0x00, 0x00, 0x00, 0x00, 0x00, 0x00, 0x00, 0x00, 0x00, 0x00, 0x00, 0x00, 0x00, 0x00, 0x00,
    0x00, 0x00, 0x00, 0x00, 0x00, 0x00, 0x00, 0x5d, 0x50, 0x01, 0x11, 0x11, 0x11, 0x10, 0x00, 0x0f, 0xc0, 0x00, 0xdf, 0xfb,
    0x2f, 0xff, 0xff, 0xff, 0xd0, 0x43, 0x0f, 0xd0, 0x00, 0x18, 0xff, 0x7f, 0xe8, 0x88, 0x8f, 0xd0, 0xdb, 0x0f, 0xd0, 0x00,
    0x00, 0x39, 0x0f, 0xd0, 0x21, 0x0f, 0xd0, 0xdb, 0x0f, 0xd0, 0x00, 0x00, 0x00, 0x0f, 0xd0, 0xfa, 0x0f, 0xd0, 0xdb, 0x0f,
    0xd0, 0x00, 0x10, 0x00, 0x0f, 0xd0, 0xfa, 0x0f, 0xd0, 0xdb, 0x0f, 0xd0, 0x06, 0xe7, 0x10, 0x0f, 0xd0, 0xfa, 0x0f, 0xd0,
    0xdb, 0x0f, 0xd0, 0x0b, 0xff, 0xd4, 0x0f, 0xd0, 0xfa, 0x0f, 0xd0, 0xdb, 0x0f, 0xd0, 0x00, 0x5e, 0xf6, 0x0f, 0xd0, 0xfa,
    0x0f, 0xd0, 0xdb, 0x0f, 0xd0, 0x00, 0x01, 0x70, 0x0f, 0xd0, 0xfa, 0x0f, 0xd0, 0xdb, 0x0f, 0xd0, 0x00, 0x00, 0x00, 0x0f,
    0xd0, 0xfa, 0x0f, 0xd0, 0xdb, 0x0f, 0xd0, 0x00, 0x00, 0x10, 0x0f, 0xd0, 0xfa, 0x0f, 0xd0, 0xdb, 0x0f, 0xd0, 0x00, 0x01,
    0xe7, 0x0f, 0xd0, 0xf9, 0x0f, 0xd0, 0xdb, 0x0f, 0xd0, 0x00, 0x07, 0xfc, 0x0f, 0xd1, 0xf8, 0x0f, 0xd0, 0xdb, 0x0f, 0xd0,
    0x00, 0x0c, 0xf7, 0x0f, 0xd4, 0xf6, 0x0f, 0xd0, 0xdb, 0x0f, 0xd0, 0x00, 0x4f, 0xf2, 0x01, 0x19, 0xf3, 0x30, 0x00, 0x11,
    0x0f, 0xd0, 0x00, 0xaf, 0xb0, 0x00, 0x3f, 0xcb, 0xe4, 0x00, 0x00, 0x0f, 0xd0, 0x02, 0xff, 0x50, 0x04, 0xef, 0x32, 0xee,
    0x30, 0x00, 0x0f, 0xd0, 0x07, 0xfd, 0x00, 0x9f, 0xf5, 0x00, 0x3f, 0xd1, 0x8d, 0xdf, 0xb0, 0x00, 0x56, 0x00, 0x6c, 0x30,
    0x00, 0x06, 0x70, 0x5f, 0xec, 0x40, 0x00, 0x00, 0x00, 0x00, 0x00, 0x00, 0x00, 0x00, 0x00, 0x00, 0x00, 0x00, 0x02, 0x00,
    0x00, 0x00, 0x00, 0x08, 0x81, 0x00, 0x00, 0x00, 0x00, 0x7f, 0xb2, 0x00, 0x5a, 0x10, 0x0f, 0xf2, 0x00, 0x5c, 0x60, 0x00,
    0x7e, 0xfe, 0x60, 0xcf, 0x90, 0x0f, 0xf2, 0x00, 0xcf, 0xb0, 0x00, 0x02, 0xcf, 0xd1, 0x3f, 0xf3, 0x0f, 0xf2, 0x05, 0xff,
    0x30, 0x00, 0x00, 0x09, 0x30, 0x0a, 0xf9, 0x0f, 0xf2, 0x1d, 0xfa, 0x00, 0x00, 0x00, 0x00, 0x00, 0x04, 0xc5, 0x0f, 0xf2,
    0x17, 0xc1, 0x00, 0x00, 0x50, 0x00, 0x00, 0x25, 0x55, 0x5f, 0xf8, 0x55, 0xb6, 0x10, 0x08, 0xfc, 0x30, 0x00, 0x7f, 0xff,
    0xff, 0xff, 0xff, 0xff, 0x30, 0x08, 0xff, 0xf8, 0x00, 0x7f, 0xeb, 0xbb, 0xbb, 0xbb, 0xff, 0x30, 0x00, 0x3d, 0xfd, 0x10,
    0x7f, 0xc0, 0x00, 0x00, 0x00, 0xff, 0x30, 0x00, 0x01, 0xb4, 0x00, 0x7f, 0xc0, 0x00, 0x00, 0x00, 0xff, 0x30, 0x00, 0x00,
    0x00, 0x00, 0x7f, 0xff, 0xff, 0xff, 0xff, 0xff, 0x30, 0x00, 0x00, 0x03, 0x00, 0x7f, 0xfd, 0xdd, 0xdd, 0xdd, 0xff, 0x30,
    0x00, 0x00, 0x1f, 0xb0, 0x7f, 0xc0, 0x00, 0x00, 0x00, 0xff, 0x30, 0x00, 0x00, 0x9f, 0x90, 0x7f, 0xfd, 0xdd, 0xdd, 0xdd,
    0xff, 0x30, 0x00, 0x02, 0xff, 0x30, 0x7f, 0xff, 0xff, 0xff, 0xff, 0xff, 0x30, 0x00, 0x09, 0xfb, 0x00, 0x7f, 0xc0, 0x00,
    0x00, 0x00, 0xff, 0x30, 0x00, 0x3f, 0xf3, 0x00, 0x7f, 0xc0, 0x00, 0x00, 0x00, 0xff, 0x30, 0x00, 0xcf, 0xb0, 0x00, 0x7f,
    0xc0, 0x00, 0x12, 0x23, 0xff, 0x30, 0x02, 0xef, 0x40, 0x00, 0x7f, 0xc0, 0x00, 0x3f, 0xff, 0xff, 0x10, 0x00, 0x28, 0x00,
    0x00, 0x7f, 0xc0, 0x00, 0x0c, 0xed, 0xb5, 0x00, 0x00, 0x31, 0x00, 0x01, 0x79, 0x00, 0x00, 0x47, 0x20, 0x00, 0x00, 0x03,
    0xed, 0x50, 0x05, 0xff, 0x70, 0x00, 0x8f, 0x50, 0x00, 0x00, 0x03, 0xdf, 0xfa, 0x00, 0xaf, 0xf3, 0x00, 0xbf, 0x30, 0x00,
    0x00, 0x00, 0x08, 0xfa, 0x55, 0x7f, 0xa5, 0x52, 0xff, 0xee, 0xee, 0xb0, 0x00, 0x00, 0x38, 0xff, 0xff, 0xff, 0xf8, 0xff,
    0xff, 0xff, 0xc0, 0x00, 0x00, 0x07, 0xef, 0xff, 0xee, 0xec, 0xf9, 0x33, 0x33, 0x20, 0x01, 0x00, 0x00, 0x0b, 0xf4, 0x00,
    0x1e, 0xf2, 0x00, 0x00, 0x00, 0x1d, 0xd5, 0x00, 0x0c, 0xf4, 0x00, 0x3e, 0xf8, 0x88, 0x8f, 0x10, 0x18, 0xef, 0xb1, 0x0c,
    0xf3, 0x00, 0x02, 0xef, 0xff, 0xff, 0x90, 0x00, 0x19, 0x80, 0x0d, 0xff, 0xff, 0xf2, 0x34, 0x9f, 0xff, 0x10, 0x00, 0x00,
    0x00, 0x0e, 0xff, 0xff, 0xf2, 0x00, 0xff, 0xb0, 0x00, 0x00, 0x00, 0x00, 0x1f, 0xe0, 0x0d, 0xf2, 0x00, 0xff, 0x10, 0x00,
    0x00, 0x09, 0x70, 0x2f, 0xc0, 0x0e, 0xff, 0xff, 0xff, 0xff, 0xd0, 0x00, 0x0e, 0xf3, 0x4f, 0xb0, 0x0f, 0xff, 0xff, 0xff,
    0xff, 0xd0, 0x00, 0x4f, 0xd0, 0x7f, 0x80, 0x0f, 0xf0, 0x00, 0xff, 0x10, 0x00, 0x00, 0x9f, 0x90, 0xbf, 0x50, 0x1f, 0xe0,
    0x00, 0xff, 0x10, 0x00, 0x01, 0xef, 0x41, 0xff, 0x10, 0x3f, 0xd0, 0x00, 0xff, 0x10, 0x00, 0x05, 0xfe, 0x07, 0xfb, 0x00,
    0x5f, 0xb0, 0x00, 0xff, 0x10, 0x00, 0x0b, 0xf9, 0x2e, 0xf5, 0x22, 0xaf, 0x90, 0x00, 0xff, 0x10, 0x00, 0x1e, 0xf4, 0x9f,
    0xb0, 0xef, 0xff, 0x53, 0xff, 0xff, 0x00, 0x00, 0x01, 0x80, 0x1a, 0x20, 0x9d, 0xc7, 0x00, 0xdf, 0xd6, 0x00, 0x00, 0x00,
    0x00, 0x00, 0x00, 0x00, 0x00, 0x00, 0x00, 0x00, 0x00, 0x00, 0x00, 0x03, 0x00, 0x00, 0x00, 0x06, 0xb8, 0x00, 0x00, 0x00,
    0x00, 0x00, 0x7f, 0xb3, 0x00, 0x00, 0x06, 0xff, 0x10, 0x00, 0x00, 0x00, 0x00, 0x8f, 0xff, 0xad, 0xdd, 0xde, 0xff, 0xfd,
    0xdd, 0xdd, 0x70, 0x00, 0x02, 0xbe, 0x6f, 0xff, 0xff, 0xff, 0xff, 0xff, 0xff, 0x80, 0x00, 0x00, 0x02, 0x5f, 0x50, 0x00,
    0x00, 0x00, 0x03, 0xff, 0x80, 0x00, 0x00, 0x00, 0x5f, 0x83, 0x33, 0x33, 0x33, 0x36, 0xff, 0x80, 0x01, 0x00, 0x00, 0x15,
    0xff, 0xff, 0xff, 0xff, 0xff, 0x54, 0x20, 0x0a, 0xd6, 0x00, 0x01, 0xcc, 0xcc, 0xff, 0xdc, 0xcc, 0x10, 0x00, 0x2e, 0xff,
    0xd2, 0x00, 0x00, 0x00, 0xff, 0x10, 0x00, 0x00, 0x00, 0x01, 0x8f, 0xc0, 0x0f, 0xff, 0xff, 0xff, 0xff, 0xff, 0xf1, 0x00,
    0x00, 0x03, 0x20, 0x0f, 0xfd, 0xdd, 0xff, 0xed, 0xdf, 0xf1, 0x00, 0x00, 0x00, 0x00, 0x0f, 0xf0, 0x00, 0xff, 0x10, 0x0f,
    0xf1, 0x00, 0x00, 0x00, 0x73, 0x0f, 0xff, 0xff, 0xff, 0xff, 0xff, 0xf1, 0x00, 0x00, 0x01, 0xef, 0x2f, 0xf9, 0x99, 0xff,
    0xa9, 0x9f, 0xf1, 0x00, 0x00, 0x07, 0xfd, 0x0f, 0xf0, 0x00, 0xff, 0x10, 0x0f, 0xf1, 0x00, 0x00, 0x0e, 0xf7, 0x0f, 0xff,
    0xff, 0xff, 0xff, 0xff, 0xf1, 0x00, 0x00, 0x6f, 0xe1, 0x0c, 0xcc, 0xcc, 0xcc, 0xce, 0xcc, 0xc1, 0x00, 0x00, 0xdf, 0x90,
    0x00, 0x19, 0xe8, 0x00, 0x8f, 0xd6, 0x00, 0x00, 0x06, 0xff, 0x20, 0x28, 0xef, 0xe4, 0x00, 0x3b, 0xff, 0xd5, 0x00, 0x04,
    0xea, 0x03, 0xff, 0xf9, 0x10, 0x00, 0x00, 0x6e, 0xff, 0x80, 0x00, 0x12, 0x00, 0x69, 0x20, 0x00, 0x00, 0x00, 0x02, 0xb6,
    0x00, 0x00, 0x00, 0x16, 0x50, 0x00, 0x00, 0x00, 0x00, 0x00, 0x00, 0x00, 0x00, 0x00, 0x3f, 0xf0, 0x00, 0x00, 0x00, 0x00,
    0x00, 0x00, 0x00, 0x00, 0x00, 0x3f, 0xf0, 0x00, 0xbe, 0xee, 0xee, 0xee, 0xee, 0xe8, 0x00, 0x00, 0x3f, 0xf0, 0x00, 0xdf,
    0xff, 0xff, 0xff, 0xff, 0xf9, 0x00, 0x10, 0x3f, 0xf0, 0x42, 0x22, 0x22, 0x28, 0xff, 0x22, 0x21, 0x00, 0xfc, 0x3f, 0xf0,
    0xcf, 0x30, 0x00, 0x06, 0xff, 0x00, 0x00, 0x01, 0xfb, 0x3f, 0xf1, 0xfc, 0x00, 0x00, 0x06, 0xff, 0x00, 0x00, 0x03, 0xfa,
    0x3f, 0xf5, 0xf6, 0x00, 0x00, 0x06, 0xff, 0x00, 0x00, 0x05, 0xf8, 0x3f, 0xeb, 0xe1, 0x00, 0x00, 0x06, 0xff, 0x00, 0x00,
    0x09, 0xf5, 0x4f, 0xe6, 0x70, 0x00, 0x00, 0x06, 0xff, 0x00, 0x00, 0x0a, 0xf1, 0x4f, 0xd0, 0x00, 0x00, 0x00, 0x06, 0xff,
    0x00, 0x00, 0x00, 0x20, 0x6f, 0xc0, 0x00, 0x00, 0x00, 0x06, 0xff, 0x00, 0x00, 0x00, 0x00, 0x8f, 0xc0, 0x00, 0x00, 0x00,
    0x06, 0xff, 0x00, 0x00, 0x00, 0x00, 0xbf, 0xf5, 0x00, 0x00, 0x00, 0x06, 0xff, 0x00, 0x00, 0x00, 0x00, 0xef, 0xff, 0x50,
    0x00, 0x00, 0x06, 0xff, 0x00, 0x00, 0x00, 0x04, 0xff, 0x9f, 0xf4, 0x00, 0x00, 0x06, 0xff, 0x00, 0x00, 0x00, 0x0b, 0xfb,
    0x0a, 0xfe, 0x20, 0x00, 0x06, 0xff, 0x00, 0x00, 0x00, 0x5f, 0xf5, 0x01, 0xcb, 0x00, 0x00, 0x06, 0xff, 0x00, 0x00, 0x02,
    0xef, 0xc0, 0x00, 0x21, 0x01, 0x22, 0x28, 0xff, 0x00, 0x00, 0x0b, 0xfe, 0x20, 0x00, 0x00, 0x03, 0xff, 0xff, 0xfc, 0x00,
    0x00, 0x01, 0xc4, 0x00, 0x00, 0x00, 0x00, 0xcf, 0xfe, 0xb2, 0x00, 0x00, 0x00, 0x00, 0x00, 0x00, 0x00, 0x00, 0x11, 0x00,
    0x00, 0x00, 0x00, 0x00, 0x00, 0x00, 0x00, 0x01, 0x33, 0x10, 0x00, 0x00, 0x00, 0x00, 0x00, 0x00, 0x00, 0x00, 0x04, 0xff,
    0x50, 0x00, 0x00, 0x00, 0x00, 0x00, 0x00, 0x00, 0x00, 0x04, 0xff, 0x61, 0x11, 0x11, 0x11, 0x10, 0x00, 0x00, 0x00, 0x00,
    0x04, 0xff, 0xff, 0xff, 0xff, 0xff, 0x80, 0x00, 0x00, 0x00, 0x00, 0x04, 0xff, 0xff, 0xff, 0xff, 0xff, 0x80, 0x00, 0x00,
    0x00, 0x00, 0x04, 0xff, 0x50, 0x00, 0x00, 0x00, 0x00, 0x00, 0x00, 0x00, 0x00, 0x04, 0xff, 0x50, 0x00, 0x00, 0x00, 0x00,
    0x00, 0x02, 0xff, 0xff, 0xff, 0xff, 0xff, 0xff, 0xff, 0xf0, 0x00, 0x00, 0x02, 0xff, 0xff, 0xff, 0xff, 0xff, 0xff, 0xff,
    0xf0, 0x00, 0x00, 0x02, 0xff, 0x11, 0x11, 0x11, 0x11, 0x11, 0x3f, 0xf0, 0x00, 0x00, 0x02, 0xff, 0x00, 0x00, 0x00, 0x00,
    0x00, 0x2f, 0xf0, 0x00, 0x00, 0x02, 0xff, 0x00, 0x00, 0x00, 0x00, 0x00, 0x2f, 0xf0, 0x00, 0x00, 0x02, 0xff, 0xff, 0xff,
    0xff, 0xff, 0xff, 0xff, 0xf0, 0x00, 0x00, 0x02, 0xff, 0xff, 0xff, 0xff, 0xff, 0xff, 0xff, 0xf0, 0x00, 0x00, 0x00, 0x11,
    0x11, 0x11, 0x11, 0x11, 0x11, 0x11, 0x10, 0x00, 0x00, 0x02, 0xb7, 0x01, 0x42, 0x00, 0x36, 0x30, 0x19, 0xd2, 0x00, 0x00,
    0x0a, 0xfc, 0x04, 0xf9, 0x00, 0x9f, 0xb0, 0x0c, 0xfb, 0x00, 0x00, 0x3f, 0xf4, 0x02, 0xfc, 0x00, 0x3f, 0xf2, 0x02, 0xff,
    0x60, 0x01, 0xdf, 0xb0, 0x01, 0xff, 0x00, 0x0d, 0xf8, 0x00, 0x8f, 0xe1, 0x07, 0xfe, 0x20, 0x00, 0xff, 0x20, 0x08, 0xfb,
    0x00, 0x1e, 0xe4, 0x00, 0x33, 0x00, 0x00, 0x53, 0x00, 0x01, 0x10, 0x00, 0x03, 0x00, 0x00, 0x00, 0x07, 0x70, 0x00, 0x02,
    0x52, 0x00, 0x00, 0x00, 0x00, 0x00, 0x20, 0x1f, 0xf0, 0x00, 0x07, 0xf9, 0x00, 0x00, 0x00, 0x00, 0x00, 0xee, 0x1f, 0xf0,
    0x00, 0x0c, 0xf5, 0x00, 0x00, 0x00, 0x00, 0x01, 0xfc, 0x1f, 0xf0, 0x00, 0x1f, 0xf1, 0x00, 0x00, 0x00, 0x00, 0x03, 0xfc,
    0x2f, 0xf2, 0x20, 0x7f, 0xff, 0xfe, 0xee, 0xef, 0xf4, 0x05, 0xff, 0xff, 0xff, 0xf0, 0xdf, 0xff, 0xff, 0xff, 0xff, 0xf4,
    0x08, 0xff, 0xff, 0xff, 0xf5, 0xff, 0x2b, 0xf6, 0x7f, 0xaf, 0xf3, 0x0b, 0xf2, 0x1f, 0xf0, 0x0d, 0xf7, 0x0d, 0xf1, 0x8f,
    0x5d, 0xf3, 0x1f, 0xd0, 0x1f, 0xf0, 0x9f, 0xd1, 0x5f, 0xa0, 0xcf, 0x2e, 0xf2, 0x07, 0x80, 0x1f, 0xf0, 0x4e, 0x40, 0xbf,
    0x52, 0xfd, 0x0f, 0xf1, 0x00, 0x00, 0x1f, 0xf2, 0x63, 0x03, 0xfd, 0x07, 0xf8, 0x1f, 0xf0, 0x00, 0x00, 0x4f, 0xff, 0xf6,
    0x0c, 0xf6, 0x0c, 0xf3, 0x2f, 0xe0, 0x06, 0xae, 0xff, 0xff, 0xa4, 0x6f, 0xd0, 0x3f, 0xc0, 0x3f, 0xd0, 0x0d, 0xff, 0xff,
    0xf1, 0x03, 0xef, 0x40, 0xaf, 0x70, 0x4f, 0xc0, 0x08, 0x94, 0x1f, 0xf0, 0x3e, 0xf9, 0x02, 0xff, 0x10, 0x6f, 0xb0, 0x00,
    0x00, 0x1f, 0xf0, 0x08, 0xb0, 0x0b, 0xf9, 0x00, 0x8f, 0x90, 0x00, 0x00, 0x1f, 0xf0, 0x00, 0x00, 0x6f, 0xe1, 0x00, 0xaf,
    0x70, 0x00, 0x00, 0x1f, 0xf0, 0x00, 0x03, 0xef, 0x70, 0x00, 0xdf, 0x50, 0x00, 0x00, 0x1f, 0xf0, 0x00, 0x3e, 0xfb, 0x12,
    0x16, 0xff, 0x20, 0x00, 0x00, 0x1f, 0xf0, 0x00, 0xcf, 0xd1, 0x0e, 0xff, 0xfb, 0x00, 0x00, 0x00, 0x1f, 0xf0, 0x00, 0x18,
    0x10, 0x0a, 0xfe, 0xb2, 0x00, 0x00, 0x00, 0x00, 0x00, 0x00, 0x00, 0x00, 0x00, 0x00, 0x00, 0x00, 0x00, 0x00, 0x07, 0x71,
    0x00, 0x00, 0x16, 0x60, 0x00, 0x00, 0x00, 0x00, 0x00, 0x0f, 0xf2, 0x00, 0x00, 0x2f, 0xf0, 0x19, 0x40, 0x00, 0x00, 0x00,
    0x0f, 0xf2, 0x00, 0x00, 0x2f, 0xf0, 0x6f, 0xe1, 0x00, 0x01, 0x50, 0x0f, 0xf2, 0x00, 0x00, 0x2f, 0xf0, 0x0b, 0xfb, 0x00,
    0x1e, 0xf5, 0x0f, 0xf2, 0x00, 0x00, 0x2f, 0xf0, 0x02, 0xff, 0x50, 0x07, 0xfe, 0x1f, 0xf2, 0x00, 0x00, 0x2f, 0xf0, 0x00,
    0x88, 0x10, 0x00, 0xcf, 0xaf, 0xf2, 0x22, 0x22, 0x5f, 0xf2, 0x22, 0x22, 0x20, 0x00, 0x4f, 0xdf, 0xf2, 0xef, 0xff, 0xff,
    0xff, 0xff, 0xff, 0xf1, 0x00, 0x05, 0x0f, 0xf2, 0xef, 0xff, 0xff, 0xff, 0xff, 0xff, 0xf1, 0x00, 0x00, 0x0f, 0xf2, 0x00,
    0x00, 0x6f, 0xf7, 0x00, 0x00, 0x00, 0x00, 0x00, 0x0f, 0xf2, 0x00, 0x00, 0x8f, 0xfb, 0x00, 0x00, 0x00, 0x00, 0x01, 0xcf,
    0xf2, 0x00, 0x00, 0xbf, 0xff, 0x10, 0x00, 0x00, 0x00, 0x2d, 0xff, 0xf2, 0x00, 0x01, 0xff, 0xef, 0x70, 0x00, 0x00, 0x04,
    0xef, 0xcf, 0xf2, 0x00, 0x06, 0xff, 0x5f, 0xd0, 0x00, 0x00, 0x4f, 0xfc, 0x1f, 0xf2, 0x00, 0x0c, 0xfa, 0x0d, 0xf6, 0x00,
    0x00, 0x0c, 0xb1, 0x0f, 0xf2, 0x00, 0x6f, 0xf4, 0x07, 0xfe, 0x10, 0x00, 0x02, 0x00, 0x0f, 0xf2, 0x02, 0xef, 0xb0, 0x01,
    0xdf, 0xa0, 0x00, 0x00, 0x00, 0x0f, 0xf2, 0x0c, 0xff, 0x30, 0x00, 0x5f, 0xf9, 0x00, 0x00, 0x00, 0x0f, 0xf3, 0xbf, 0xf7,
    0x00, 0x00, 0x09, 0xff, 0xa1, 0x00, 0x00, 0x0f, 0xfc, 0xff, 0xa0, 0x00, 0x00, 0x00, 0xbf, 0xe3, 0x00, 0x00, 0x0f, 0xf3,
    0x89, 0x00, 0x00, 0x00, 0x00, 0x09, 0x50, 0x00, 0x00, 0x00, 0x00, 0x00, 0x00, 0x00, 0x00, 0x00, 0x00, 0x00, 0x0c, 0xde,
    0xff, 0xdd, 0x88, 0xff, 0xff, 0xff, 0xff, 0xff, 0x00, 0x0d, 0xff, 0xff, 0xff, 0x88, 0xff, 0xff, 0xff, 0xff, 0xff, 0x00,
    0x01, 0x14, 0xff, 0x11, 0x10, 0x00, 0x00, 0x00, 0x00, 0x00, 0x00, 0x00, 0x02, 0xff, 0x00, 0x00, 0x00, 0x00, 0x00, 0x00,
    0x00, 0x00, 0x00, 0x02, 0xff, 0x00, 0x00, 0x00, 0x00, 0x00, 0x00, 0x00, 0x00, 0x00, 0x02, 0xff, 0x00, 0x13, 0x33, 0x33,
    0x33, 0x33, 0x33, 0x30, 0x09, 0xff, 0xff, 0xff, 0xcf, 0xff, 0xff, 0xff, 0xff, 0xff, 0xf3, 0x09, 0xff, 0xff, 0xff, 0xbe,
    0xef, 0xff, 0xef, 0xff, 0xee, 0xe2, 0x00, 0x13, 0xff, 0x11, 0x00, 0x0c, 0xf5, 0x0a, 0xf8, 0x00, 0x00, 0x00, 0x02, 0xff,
    0x00, 0x00, 0x0d, 0xf4, 0x0a, 0xf8, 0x00, 0x00, 0x00, 0x02, 0xff, 0x00, 0x00, 0x0e, 0xf3, 0x0a, 0xf8, 0x00, 0x00, 0x00,
    0x02, 0xff, 0x00, 0x00, 0x1f, 0xf1, 0x0a, 0xf8, 0x00, 0x00, 0x00, 0x02, 0xff, 0x49, 0x90, 0x4f, 0xe0, 0x0a, 0xf8, 0x00,
    0x00, 0x00, 0x4a, 0xff, 0xff, 0xd0, 0x8f, 0xa0, 0x0a, 0xf8, 0x01, 0x00, 0x2e, 0xff, 0xff, 0xea, 0x51, 0xef, 0x50, 0x0a,
    0xf8, 0x07, 0xc4, 0x0f, 0xfd, 0x84, 0x00, 0x0b, 0xfd, 0x00, 0x0a, 0xf8, 0x07, 0xf7, 0x05, 0x20, 0x00, 0x02, 0xcf, 0xf3,
    0x00, 0x0a, 0xf9, 0x1a, 0xf6, 0x00, 0x00, 0x00, 0x6f, 0xfe, 0x50, 0x00, 0x08, 0xff, 0xff, 0xf2, 0x00, 0x00, 0x00, 0x0c,
    0xa2, 0x00, 0x00, 0x02, 0xcf, 0xfe, 0x80, 0x00, 0x00, 0x00, 0x00, 0x00, 0x00, 0x00, 0x00, 0x00, 0x00, 0x00, 0x00, 0x00,
    0x00, 0x00, 0x00, 0x44, 0x00, 0x00, 0x00, 0x00, 0x00, 0x00, 0x00, 0x3c, 0x91, 0x01, 0xff, 0x20, 0x00, 0x00, 0x00, 0x00,
    0x00, 0x00, 0x8f, 0xd0, 0x01, 0xff, 0x20, 0x00, 0x00, 0x00, 0x00, 0x00, 0x00, 0xdf, 0x80, 0x01, 0xff, 0x20, 0x00, 0x00,
    0x00, 0x00, 0x00, 0x05, 0xff, 0x52, 0x23, 0xff, 0x42, 0x22, 0x22, 0x22, 0x00, 0x00, 0x0c, 0xff, 0xff, 0xff, 0xff, 0xff,
    0xff, 0xff, 0xfc, 0x00, 0x00, 0x5f, 0xff, 0xff, 0xff, 0xff, 0xff, 0xff, 0xff, 0xfc, 0x00, 0x01, 0xdf, 0xb0, 0x00, 0x01,
    0xff, 0x20, 0x00, 0x00, 0x00, 0x00, 0x0a, 0xff, 0x30, 0x00, 0x01, 0xff, 0x20, 0x00, 0x00, 0x00, 0x00, 0x03, 0xc7, 0x00,
    0x00, 0x01, 0xff, 0x20, 0x00, 0x00, 0x00, 0x00, 0x00, 0x00, 0x00, 0x00, 0x01, 0xff, 0x20, 0x00, 0x00, 0x00, 0x00, 0x00,
    0x04, 0xff, 0xff, 0xff, 0xff, 0xff, 0xff, 0xff, 0xe0, 0x00, 0x00, 0x04, 0xff, 0xff, 0xff, 0xff, 0xff, 0xff, 0xff, 0xe0,
    0x00, 0x00, 0x00, 0x22, 0x22, 0x22, 0xff, 0x32, 0x22, 0x22, 0x20, 0x00, 0x00, 0x00, 0x00, 0x00, 0x01, 0xff, 0x20, 0x00,
    0x00, 0x00, 0x00, 0x00, 0x00, 0x00, 0x00, 0x01, 0xff, 0x20, 0x00, 0x00, 0x00, 0x00, 0x00, 0x00, 0x00, 0x00, 0x01, 0xff,
    0x20, 0x00, 0x00, 0x00, 0x00, 0x00, 0x00, 0x00, 0x00, 0x01, 0xff, 0x20, 0x00, 0x00, 0x00, 0x00, 0x0b, 0xff, 0xff, 0xff,
    0xff, 0xff, 0xff, 0xff, 0xff, 0xff, 0xd0, 0x0b, 0xff, 0xff, 0xff, 0xff, 0xff, 0xff, 0xff, 0xff, 0xff, 0xd0, 0x02, 0x22,
    0x22, 0x22, 0x22, 0x22, 0x22, 0x22, 0x22, 0x22, 0x20, 0x00, 0x3f, 0xff, 0xff, 0xff, 0xff, 0xff, 0xff, 0xff, 0xf4, 0x00,
    0x00, 0x3f, 0xff, 0xff, 0xff, 0xff, 0xff, 0xff, 0xff, 0xf4, 0x00, 0x00, 0x3f, 0xf0, 0x00, 0x02, 0xff, 0x00, 0x00, 0x0e,
    0xf4, 0x00, 0x00, 0x3f, 0xf0, 0x00, 0x02, 0xff, 0x00, 0x00, 0x0e, 0xf4, 0x00, 0x00, 0x3f, 0xf0, 0x00, 0x03, 0xff, 0x00,
    0x00, 0x0e, 0xf4, 0x00, 0x00, 0x3f, 0xff, 0xff, 0xff, 0xff, 0xff, 0xff, 0xff, 0xf4, 0x00, 0x00, 0x3f, 0xff, 0xff, 0xff,
    0xff, 0xff, 0xff, 0xff, 0xf4, 0x00, 0x00, 0x3f, 0xf1, 0x11, 0x14, 0xff, 0x11, 0x11, 0x1f, 0xf4, 0x00, 0x00, 0x3f, 0xf0,
    0x00, 0x02, 0xff, 0x00, 0x00, 0x0e, 0xf4, 0x00, 0x00, 0x3f, 0xe0, 0x00, 0x02, 0xff, 0x00, 0x00, 0x0e, 0xf4, 0x00, 0x00,
    0x4f, 0xff, 0xff, 0xff, 0xff, 0xff, 0xff, 0xff, 0xf4, 0x00, 0x00, 0x6f, 0xff, 0xff, 0xff, 0xff, 0xff, 0xff, 0xff, 0xf4,
    0x00, 0x00, 0x8f, 0xb2, 0x22, 0x24, 0xff, 0x22, 0x22, 0x2f, 0xf4, 0x00, 0x00, 0xbf, 0x80, 0x00, 0x02, 0xff, 0x00, 0x00,
    0x0e, 0xf4, 0x00, 0x01, 0xef, 0x50, 0x00, 0x02, 0xff, 0x00, 0x00, 0x0e, 0xf4, 0x00, 0x06, 0xff, 0x10, 0x00, 0x02, 0xff,
    0x00, 0x00, 0x0e, 0xf4, 0x00, 0x0d, 0xfa, 0x00, 0x00, 0x02, 0xff, 0x01, 0x11, 0x1e, 0xf4, 0x00, 0x8f, 0xf3, 0x00, 0x00,
    0x02, 0xff, 0x06, 0xff, 0xff, 0xf2, 0x00, 0x2c, 0x80, 0x00, 0x00, 0x02, 0xee, 0x01, 0xff, 0xfd, 0x70, 0x00, 0x01, 0x00,
    0x00, 0x00, 0x00, 0x00, 0x00, 0x11, 0x00, 0x00, 0x00, 0x00, 0x00, 0x00, 0x00, 0x01, 0x44, 0x00, 0x00, 0x00, 0x00, 0x00,
    0x00, 0x00, 0x00, 0x00, 0x04, 0xff, 0x10, 0x00, 0x00, 0x00, 0x00, 0x00, 0x00, 0x00, 0x00, 0x04, 0xff, 0x10, 0x00, 0x00,
    0x00, 0x00, 0x00, 0x12, 0x52, 0x22, 0x27, 0xff, 0x32, 0x22, 0x22, 0x20, 0x00, 0x00, 0x6f, 0xff, 0xff, 0xff, 0xff, 0xff,
    0xff, 0xff, 0xf3, 0x00, 0x00, 0x6f, 0xff, 0xff, 0xff, 0xff, 0xff, 0xff, 0xff, 0xf3, 0x00, 0x00, 0x6f, 0xe0, 0x00, 0x04,
    0xff, 0x10, 0x00, 0x0f, 0xf3, 0x00, 0x00, 0x6f, 0xe0, 0x00, 0x04, 0xff, 0x10, 0x00, 0x0f, 0xf3, 0x00, 0x00, 0x6f, 0xff,
    0xff, 0xff, 0xff, 0xff, 0xff, 0xff, 0xf3, 0x00, 0x00, 0x6f, 0xff, 0xff, 0xff, 0xff, 0xff, 0xff, 0xff, 0xf3, 0x00, 0x00,
    0x6f, 0xf1, 0x11, 0x15, 0xff, 0x21, 0x11, 0x1f, 0xf3, 0x00, 0x00, 0x6f, 0xe0, 0x00, 0x04, 0xff, 0x10, 0x00, 0x0f, 0xf3,
    0x00, 0x00, 0x6f, 0xf1, 0x11, 0x16, 0xff, 0x21, 0x11, 0x2f, 0xf3, 0x00, 0x00, 0x6f, 0xff, 0xff, 0xff, 0xff, 0xff, 0xff,
    0xff, 0xf3, 0x00, 0x00, 0x6f, 0xff, 0xff, 0xff, 0xff, 0xff, 0xff, 0xff, 0xf3, 0x00, 0x00, 0x6f, 0xf1, 0x11, 0x15, 0xff,
    0x21, 0x11, 0x11, 0x1b, 0x51, 0x00, 0x25, 0x50, 0x00, 0x04, 0xff, 0x10, 0x00, 0x00, 0x0f, 0xf4, 0x00, 0x00, 0x00, 0x00,
    0x04, 0xff, 0x10, 0x00, 0x00, 0x2f, 0xf2, 0x00, 0x00, 0x00, 0x00, 0x03, 0xff, 0x72, 0x22, 0x23, 0x9f, 0xe0, 0x00, 0x00,
    0x00, 0x00, 0x00, 0xef, 0xff, 0xff, 0xff, 0xff, 0x80, 0x00, 0x00, 0x00, 0x00, 0x00, 0x4c, 0xef, 0xff, 0xff, 0xe9, 0x00,
    0x00, 0x00, 0x08, 0x62, 0x00, 0x00, 0x26, 0x20, 0x00, 0x00, 0x00, 0x00, 0x00, 0x2f, 0xf5, 0x00, 0x00, 0x6f, 0x90, 0x00,
    0x00, 0x00, 0x00, 0x00, 0x5f, 0xe1, 0x00, 0x00, 0xaf, 0x50, 0x00, 0x00, 0x00, 0x00, 0x00, 0x9f, 0x90, 0x00, 0x00, 0xff,
    0x32, 0x22, 0x42, 0x10, 0x04, 0xff, 0xff, 0xff, 0xff, 0x05, 0xff, 0xff, 0xff, 0xff, 0x40, 0x04, 0xff, 0xee, 0xee, 0xff,
    0x0b, 0xff, 0xee, 0xee, 0xff, 0x40, 0x04, 0xfc, 0x00, 0x00, 0xff, 0x3f, 0xe0, 0x00, 0x00, 0xdf, 0x30, 0x04, 0xfc, 0x00,
    0x00, 0xff, 0xbf, 0x70, 0x00, 0x00, 0xdf, 0x30, 0x04, 0xfc, 0x00, 0x00, 0xff, 0xce, 0x10, 0x00, 0x00, 0xef, 0x20, 0x04,
    0xfc, 0x00, 0x00, 0xff, 0x14, 0x8a, 0x00, 0x00, 0xef, 0x20, 0x04, 0xff, 0xff, 0xff, 0xff, 0x02, 0xef, 0x60, 0x00, 0xff,
    0x10, 0x04, 0xff, 0xee, 0xee, 0xff, 0x00, 0x6f, 0xe2, 0x01, 0xff, 0x00, 0x04, 0xfc, 0x00, 0x00, 0xff, 0x00, 0x0c, 0xfb,
    0x02, 0xff, 0x00, 0x04, 0xfc, 0x00, 0x00, 0xff, 0x00, 0x03, 0xff, 0x52, 0xfe, 0x00, 0x04, 0xfc, 0x00, 0x00, 0xff, 0x00,
    0x00, 0xac, 0x34, 0xfd, 0x00, 0x04, 0xfc, 0x00, 0x00, 0xff, 0x00, 0x00, 0x10, 0x05, 0xfc, 0x00, 0x04, 0xfc, 0x00, 0x00,
    0xff, 0x00, 0x00, 0x00, 0x07, 0xfa, 0x00, 0x04, 0xff, 0xff, 0xff, 0xff, 0x00, 0x00, 0x00, 0x0a, 0xf8, 0x00, 0x04, 0xff,
    0xee, 0xee, 0xee, 0x00, 0x12, 0x21, 0x3e, 0xf5, 0x00, 0x04, 0xfc, 0x00, 0x00, 0x00, 0x00, 0x1e, 0xff, 0xff, 0xe1, 0x00,
    0x03, 0xa8, 0x00, 0x00, 0x00, 0x00, 0x0a, 0xff, 0xeb, 0x30, 0x00, 0x00, 0x00, 0x00, 0x00, 0x00, 0x00, 0x00, 0x00, 0x00,
    0x00, 0x00, 0x00, 0x00, 0x00, 0x00, 0x00, 0x00, 0x02, 0x34, 0x68, 0x20, 0x00, 0x00, 0x5a, 0xbb, 0xbc, 0xcd, 0xef, 0xff,
    0xff, 0xff, 0xd1, 0x00, 0x00, 0x5f, 0xff, 0xff, 0xff, 0xff, 0xdc, 0xa9, 0x75, 0x30, 0x00, 0x00, 0x02, 0x22, 0x22, 0xaf,
    0xd0, 0x00, 0x00, 0x00, 0x00, 0x00, 0x00, 0x5d, 0xdd, 0xdd, 0xff, 0xfd, 0xdd, 0xdd, 0xdd, 0xd6, 0x00, 0x00, 0x5f, 0xff,
    0xff, 0xff, 0xff, 0xff, 0xff, 0xff, 0xf7, 0x00, 0x00, 0x00, 0x00, 0x0a, 0xfc, 0x00, 0x00, 0x00, 0x00, 0x00, 0x00, 0x0d,
    0xdd, 0xdd, 0xff, 0xff, 0xdd, 0xdd, 0xdd, 0xdd, 0xdd, 0x70, 0x0f, 0xff, 0xff, 0xff, 0xff, 0xff, 0xff, 0xff, 0xff, 0xff,
    0x80, 0x00, 0x00, 0x05, 0xff, 0x40, 0x00, 0x00, 0x00, 0x00, 0x00, 0x00, 0x00, 0x00, 0x2f, 0xff, 0xdd, 0xdd, 0xdd, 0xdd,
    0xdd, 0x80, 0x00, 0x00, 0x01, 0xdf, 0xff, 0xff, 0xff, 0xff, 0xff, 0xff, 0xa0, 0x00, 0x00, 0x2d, 0xff, 0xfc, 0x00, 0x00,
    0x00, 0x00, 0x8f, 0xa0, 0x00, 0x05, 0xef, 0xea, 0xff, 0xff, 0xff, 0xff, 0xff, 0xff, 0xa0, 0x00, 0x5f, 0xfe, 0x46, 0xff,
    0x77, 0x77, 0x77, 0x77, 0xff, 0xa0, 0x00, 0x0a, 0xa1, 0x06, 0xff, 0x44, 0x44, 0x44, 0x44, 0xdf, 0xa0, 0x00, 0x00, 0x00,
    0x06, 0xff, 0xff, 0xff, 0xff, 0xff, 0xff, 0xa0, 0x00, 0x00, 0x00, 0x06, 0xfd, 0x22, 0x22, 0x22, 0x22, 0xaf, 0xa0, 0x00,
    0x00, 0x00, 0x06, 0xff, 0xdd, 0xdd, 0xdd, 0xdd, 0xff, 0xa0, 0x00, 0x00, 0x00, 0x06, 0xff, 0xff, 0xff, 0xff, 0xff, 0xff,
    0xa0, 0x00, 0x00, 0x00, 0x06, 0xfc, 0x00, 0x00, 0x00, 0x00, 0x8f, 0xa0, 0x00, 0x00, 0x00, 0x00, 0x00, 0x00, 0x77, 0x30,
    0x00, 0x00, 0x00, 0x00, 0x00, 0x00, 0x00, 0x00, 0x00, 0xef, 0x50, 0x00, 0x00, 0x00, 0x00, 0x03, 0xdd, 0xdd, 0xdd, 0xde,
    0xff, 0xfd, 0xdd, 0xdd, 0xdd, 0x30, 0x03, 0xff, 0xff, 0xff, 0xff, 0xff, 0xff, 0xff, 0xff, 0xff, 0x40, 0x00, 0x00, 0x00,
    0x00, 0x06, 0xfc, 0x00, 0x00, 0x00, 0x00, 0x00, 0x00, 0x00, 0xbf, 0xff, 0xff, 0xff, 0xff, 0xff, 0xfd, 0x00, 0x00, 0x00,
    0x00, 0xbf, 0xa6, 0x66, 0x66, 0x66, 0x6a, 0xfd, 0x00, 0x00, 0x00, 0x00, 0xbf, 0x82, 0x22, 0x22, 0x22, 0x28, 0xfd, 0x00,
    0x00, 0x00, 0x00, 0xbf, 0xff, 0xff, 0xff, 0xff, 0xff, 0xfd, 0x00, 0x00, 0x00, 0x00, 0xbf, 0x60, 0x00, 0x00, 0x00, 0x06,
    0xfd, 0x00, 0x00, 0x00, 0x00, 0xbf, 0xff, 0xff, 0xff, 0xff, 0xff, 0xfd, 0x00, 0x00, 0x00, 0x00, 0xbf, 0x82, 0x22, 0x22,
    0x22, 0x28, 0xfd, 0x00, 0x00, 0x00, 0x00, 0xbf, 0x82, 0x22, 0x22, 0x22, 0x28, 0xfd, 0x00, 0x00, 0x00, 0x00, 0xbf, 0xff,
    0xff, 0xff, 0xff, 0xff, 0xfd, 0x00, 0x00, 0x00, 0x00, 0xbf, 0x60, 0x00, 0x00, 0x00, 0x06, 0xfd, 0x00, 0x00, 0x0c, 0xff,
    0xff, 0xff, 0xff, 0xff, 0xff, 0xff, 0xff, 0xff, 0xc0, 0x0a, 0xdd, 0xdd, 0xdd, 0xdd, 0xdd, 0xdd, 0xdd, 0xdd, 0xdd, 0xb0,
    0x00, 0x00, 0x01, 0x7c, 0x40, 0x00, 0x07, 0xea, 0x50, 0x00, 0x00, 0x00, 0x03, 0x9e, 0xff, 0xb1, 0x00, 0x19, 0xef, 0xfe,
    0x93, 0x00, 0x06, 0xef, 0xff, 0xa4, 0x00, 0x00, 0x00, 0x05, 0xbf, 0xff, 0x90, 0x01, 0xbb, 0x72, 0x00, 0x00, 0x00, 0x00,
    0x00, 0x03, 0xaa, 0x10, 0x00, 0x00, 0x00, 0x00, 0x00, 0x00, 0x00, 0x00, 0x00, 0x00, 0x00, 0x00, 0x00, 0x00, 0x00, 0x00,
    0x00, 0x00, 0x00, 0x00, 0x00, 0x00, 0x00, 0x00, 0x00, 0x00, 0x00, 0x23, 0x45, 0x79, 0xbe, 0xa0, 0x00, 0x0d, 0xff, 0xff,
    0xc0, 0x8f, 0xff, 0xff, 0xff, 0xff, 0xe2, 0x00, 0x0d, 0xfe, 0xef, 0xc0, 0x4c, 0xbb, 0xaf, 0xf7, 0x41, 0x00, 0x00, 0x0d,
    0xf0, 0x0f, 0xc0, 0x00, 0x00, 0x0f, 0xf2, 0x00, 0x00, 0x00, 0x0d, 0xf0, 0x0f, 0xc3, 0x99, 0x99, 0x9f, 0xfb, 0x99, 0x99,
    0x30, 0x0d, 0xfd, 0xdf, 0xc6, 0xff, 0xff, 0xff, 0xff, 0xff, 0xff, 0x50, 0x0d, 0xff, 0xff, 0xc2, 0x6f, 0xf6, 0x6f, 0xf8,
    0x6f, 0xf6, 0x20, 0x0d, 0xf0, 0x0f, 0xc0, 0x0d, 0xf0, 0x0f, 0xf2, 0x0f, 0xd0, 0x00, 0x0d, 0xf0, 0x0f, 0xc2, 0x3f, 0xf3,
    0x3f, 0xf5, 0x3f, 0xf3, 0x20, 0x0d, 0xf0, 0x0f, 0xcb, 0xff, 0xff, 0xff, 0xff, 0xff, 0xff, 0xc0, 0x0d, 0xff, 0xff, 0xcb,
    0xff, 0xff, 0xff, 0xff, 0xff, 0xff, 0xc0, 0x0d, 0xfd, 0xdf, 0xc1, 0x1e, 0xf1, 0x1f, 0xf3, 0x1f, 0xe1, 0x10, 0x0d, 0xf0,
    0x0f, 0xc0, 0x0d, 0xf0, 0x0f, 0xf2, 0x0f, 0xd0, 0x00, 0x0d, 0xf0, 0x0f, 0xc7, 0xff, 0xff, 0xff, 0xff, 0xff, 0xff, 0x60,
    0x0d, 0xfa, 0xaf, 0xc7, 0xff, 0xff, 0xff, 0xff, 0xff, 0xff, 0x60, 0x0d, 0xff, 0xff, 0xc1, 0x11, 0x11, 0x1f, 0xf4, 0x11,
    0x11, 0x10, 0x0d, 0xf2, 0x22, 0x10, 0x00, 0x00, 0x0f, 0xf2, 0x00, 0x00, 0x00, 0x0d, 0xf0, 0x00, 0x00, 0x9f, 0xff, 0xff,
    0xff, 0xff, 0xf8, 0x00, 0x02, 0x20, 0x00, 0x00, 0x9f, 0xff, 0xff, 0xff, 0xff, 0xf8, 0x00, 0x00, 0x00, 0x00, 0x00, 0x9f,
    0xff, 0xff, 0xff, 0xff, 0xf8, 0x00, 0x00, 0x00, 0x00, 0x00, 0x00, 0x03, 0x83, 0x00, 0x00, 0x00, 0x00, 0x09, 0x99, 0x99,
    0x99, 0x60, 0x0a, 0xf7, 0x00, 0x00, 0x00, 0x00, 0x0f, 0xff, 0xff, 0xff, 0x90, 0x3f, 0xfe, 0xdd, 0xfa, 0x10, 0x00, 0x06,
    0x6f, 0xff, 0x66, 0x40, 0xbf, 0xff, 0xff, 0xff, 0x30, 0x00, 0x00, 0x0b, 0xf5, 0x00, 0x06, 0xfe, 0x10, 0x07, 0xfa, 0x00,
    0x00, 0x00, 0x0e, 0xf1, 0x00, 0x3f, 0xf5, 0x00, 0x2e, 0xe2, 0x00, 0x00, 0x00, 0x4f, 0xd0, 0x03, 0xef, 0xff, 0xee, 0xff,
    0xfe, 0xfe, 0x10, 0x00, 0x8f, 0x80, 0x02, 0xef, 0xff, 0xff, 0xff, 0xff, 0xff, 0x10, 0x00, 0xff, 0xfa, 0xaa, 0x47, 0xfb,
    0x00, 0xff, 0x00, 0xff, 0x10, 0x05, 0xff, 0xff, 0xff, 0x16, 0xfb, 0x00, 0xff, 0x00, 0xff, 0x10, 0x1d, 0xff, 0xb6, 0xdf,
    0x16, 0xff, 0xff, 0xff, 0xff, 0xff, 0x10, 0x5f, 0xff, 0x50, 0xcf, 0x16, 0xff, 0xdd, 0xff, 0xdd, 0xff, 0x10, 0x1f, 0xef,
    0x50, 0xcf, 0x17, 0xfb, 0x00, 0xff, 0x00, 0xff, 0x10, 0x07, 0x8f, 0x50, 0xcf, 0x18, 0xfe, 0x44, 0xff, 0x44, 0xff, 0x10,
    0x00, 0x8f, 0x50, 0xcf, 0x19, 0xff, 0xff, 0xff, 0xff, 0xff, 0x10, 0x00, 0x8f, 0x50, 0xcf, 0x1b, 0xfe, 0x88, 0xff, 0x88,
    0xff, 0x10, 0x00, 0x8f, 0xfe, 0xff, 0x1e, 0xf4, 0x00, 0xff, 0x00, 0xff, 0x10, 0x00, 0x8f, 0xff, 0xff, 0x6f, 0xf1, 0x00,
    0xff, 0x00, 0xff, 0x10, 0x00, 0x8f, 0x50, 0x00, 0xcf, 0xb0, 0x00, 0xff, 0x00, 0xff, 0x10, 0x00, 0x5b, 0x30, 0x06, 0xff,
    0x40, 0x00, 0xcc, 0x7d, 0xff, 0x10, 0x00, 0x00, 0x00, 0x00, 0xaa, 0x00, 0x00, 0x00, 0x5f, 0xe8, 0x00, 0x00, 0x00, 0x00,
    0x00, 0x01, 0x00, 0x00, 0x00, 0x00, 0x00, 0x00, 0x00, 0x01, 0x11, 0x11, 0x11, 0x11, 0x11, 0x11, 0x11, 0x00, 0x00, 0x00,
    0x0f, 0xff, 0xff, 0xff, 0xff, 0xff, 0xff, 0xff, 0x80, 0x00, 0x00, 0x0f, 0xff, 0xff, 0xff, 0xff, 0xff, 0xff, 0xff, 0x80,
    0x00, 0x00, 0x01, 0x11, 0x11, 0x11, 0x11, 0x11, 0x11, 0x11, 0x10, 0x00, 0x00, 0x00, 0x00, 0x00, 0x00, 0x00, 0x00, 0x00,
    0x00, 0x00, 0x00, 0x02, 0x33, 0x33, 0x33, 0x33, 0x33, 0x33, 0x33, 0x33, 0x33, 0x20, 0x0c, 0xff, 0xff, 0xff, 0xff, 0xff,
    0xff, 0xff, 0xff, 0xff, 0xc0, 0x0c, 0xff, 0xff, 0xff, 0xff, 0xff, 0xff, 0xff, 0xff, 0xff, 0xc0, 0x00, 0x00, 0x00, 0x00,
    0x06, 0xff, 0x10, 0x00, 0x00, 0x00, 0x00, 0x00, 0x00, 0x00, 0x00, 0x06, 0xff, 0x10, 0x00, 0x00, 0x00, 0x00, 0x00, 0x00,
    0x9a, 0x50, 0x06, 0xff, 0x10, 0x18, 0xd2, 0x00, 0x00, 0x00, 0x01, 0xff, 0x60, 0x06, 0xff, 0x10, 0x1e, 0xfc, 0x00, 0x00,
    0x00, 0x08, 0xfe, 0x10, 0x06, 0xff, 0x10, 0x06, 0xff, 0x70, 0x00, 0x00, 0x1e, 0xf8, 0x00, 0x06, 0xff, 0x10, 0x00, 0xcf,
    0xe1, 0x00, 0x00, 0xaf, 0xe1, 0x00, 0x06, 0xff, 0x10, 0x00, 0x5f, 0xf9, 0x00, 0x05, 0xff, 0x60, 0x00, 0x06, 0xff, 0x10,
    0x00, 0x0c, 0xff, 0x20, 0x2f, 0xfb, 0x00, 0x00, 0x06, 0xff, 0x10, 0x00, 0x05, 0xff, 0x80, 0x05, 0xd2, 0x01, 0x32, 0x28,
    0xff, 0x00, 0x00, 0x00, 0xea, 0x30, 0x00, 0x00, 0x00, 0xef, 0xff, 0xfd, 0x00, 0x00, 0x00, 0x10, 0x00, 0x00, 0x00, 0x00,
    0x9f, 0xfe, 0xb3, 0x00, 0x00, 0x00, 0x00, 0x00, 0x00, 0x00, 0x00, 0x01, 0x10, 0x00, 0x00, 0x00, 0x00, 0x00, 0x00, 0x00,
    0x00, 0x00, 0x03, 0x00, 0x00, 0x01, 0x99, 0x00, 0x00, 0x00, 0x00, 0x01, 0x59, 0xdf, 0x60, 0x00, 0x02, 0xff, 0x00, 0x00,
    0x00, 0x2b, 0xdf, 0xff, 0xfe, 0x80, 0x00, 0x02, 0xff, 0x00, 0x00, 0x00, 0x0d, 0xec, 0xff, 0x50, 0x00, 0x00, 0x02, 0xff,
    0x00, 0x20, 0x00, 0x01, 0x00, 0xff, 0x20, 0x00, 0x8a, 0x52, 0xff, 0x0a, 0xf4, 0x00, 0x00, 0x00, 0xff, 0x20, 0x00, 0xcf,
    0x72, 0xff, 0x07, 0xfc, 0x00, 0x36, 0x66, 0xff, 0x96, 0x60, 0xef, 0x42, 0xff, 0x01, 0xff, 0x30, 0x7f, 0xff, 0xff, 0xff,
    0xf4, 0xff, 0x12, 0xff, 0x00, 0xaf, 0x90, 0x5a, 0xae, 0xff, 0xca, 0xa7, 0xfc, 0x02, 0xff, 0x00, 0x4f, 0xe0, 0x00, 0x09,
    0xff, 0xb0, 0x0c, 0xf8, 0x02, 0xff, 0x00, 0x1f, 0xf2, 0x00, 0x1f, 0xff, 0xf7, 0x1e, 0xf2, 0x02, 0xff, 0x00, 0x04, 0x10,
    0x00, 0x8f, 0xff, 0xef, 0x40, 0x50, 0x02, 0xff, 0x00, 0xa7, 0x20, 0x02, 0xed, 0xff, 0x5f, 0xc0, 0x00, 0x02, 0xff, 0x05,
    0xff, 0x20, 0x0a, 0xf6, 0xff, 0x29, 0x30, 0x00, 0x02, 0xff, 0x1d, 0xfa, 0x00, 0x6f, 0xd0, 0xff, 0x20, 0x00, 0x00, 0x00,
    0x00, 0xaf, 0xf3, 0x00, 0x7f, 0x60, 0xff, 0x20, 0x00, 0x00, 0x00, 0x09, 0xff, 0x60, 0x00, 0x1b, 0x00, 0xff, 0x20, 0x00,
    0x00, 0x03, 0xbf, 0xf9, 0x00, 0x00, 0x00, 0x00, 0xff, 0x20, 0x00, 0x03, 0x9f, 0xff, 0x70, 0x00, 0x00, 0x00, 0x00, 0xff,
    0x21, 0x58, 0xdf, 0xff, 0xc3, 0x00, 0x00, 0x00, 0x00, 0x00, 0xff, 0x21, 0xef, 0xff, 0xc5, 0x00, 0x00, 0x00, 0x00, 0x00,
    0x00, 0xff, 0x20, 0x7b, 0x72, 0x00, 0x00, 0x00, 0x00, 0x00, 0x00, 0x00, 0x00, 0x00, 0x00, 0x00, 0x00, 0x99, 0x10, 0x00,
    0x00, 0x00, 0x00, 0x49, 0xe7, 0x02, 0x91, 0x00, 0xff, 0x10, 0x0a, 0x50, 0x07, 0xbe, 0xff, 0xfd, 0x1a, 0xfa, 0x00, 0xff,
    0x10, 0x6f, 0xe1, 0x09, 0xfe, 0xff, 0x30, 0x02, 0xff, 0x30, 0xff, 0x10, 0xdf, 0x70, 0x02, 0x20, 0xff, 0x00, 0x00, 0x9f,
    0xa0, 0xff, 0x16, 0xfe, 0x10, 0x00, 0x00, 0xff, 0x00, 0x00, 0x2f, 0x80, 0xff, 0x18, 0xe6, 0x00, 0x01, 0x11, 0xff, 0x11,
    0x01, 0x23, 0x22, 0xff, 0x32, 0x42, 0x10, 0x2f, 0xff, 0xff, 0xff, 0x75, 0xff, 0xff, 0xff, 0xff, 0xff, 0x70, 0x2f, 0xff,
    0xff, 0xff, 0x75, 0xff, 0xff, 0xff, 0xff, 0xff, 0x70, 0x00, 0x0b, 0xff, 0x10, 0x05, 0xfb, 0x00, 0x00, 0x00, 0xbf, 0x70,
    0x00, 0x2f, 0xff, 0xb0, 0x05, 0xfb, 0x00, 0x00, 0x00, 0xbf, 0x70, 0x00, 0x9f, 0xff, 0xe9, 0x05, 0xff, 0xff, 0xff, 0xff,
    0xff, 0x70, 0x01, 0xed, 0xff, 0x6f, 0x45, 0xff, 0xdd, 0xdd, 0xdd, 0xff, 0x70, 0x0a, 0xf7, 0xff, 0x06, 0x05, 0xfb, 0x00,
    0x00, 0x00, 0xbf, 0x70, 0x3f, 0xf1, 0xff, 0x00, 0x05, 0xff, 0xdd, 0xdd, 0xdd, 0xff, 0x70, 0x0d, 0x90, 0xff, 0x00, 0x05,
    0xff, 0xff, 0xff, 0xff, 0xff, 0x70, 0x05, 0x10, 0xff, 0x00, 0x05, 0xfb, 0x00, 0x00, 0x00, 0xbf, 0x70, 0x00, 0x00, 0xff,
    0x00, 0x05, 0xfb, 0x00, 0x00, 0x00, 0xbf, 0x70, 0x00, 0x00, 0xff, 0x00, 0x05, 0xfb, 0x00, 0x01, 0x22, 0xcf, 0x70, 0x00,
    0x00, 0xff, 0x00, 0x05, 0xfb, 0x00, 0x05, 0xff, 0xff, 0x50, 0x00, 0x00, 0xff, 0x00, 0x05, 0xfb, 0x00, 0x01, 0xdd, 0xc7,
    0x00, 0x00, 0x00, 0x00, 0x32, 0x00, 0x04, 0x73, 0x00, 0x00, 0x00, 0x00, 0x00, 0x04, 0x8d, 0xfc, 0x00, 0x1e, 0xf5, 0x00,
    0x00, 0x00, 0x00, 0x09, 0xff, 0xff, 0xfa, 0x20, 0xff, 0xff, 0xff, 0xfd, 0x40, 0x00, 0x06, 0xfc, 0xff, 0x20, 0x0a, 0xff,
    0xed, 0xdf, 0xff, 0x30, 0x00, 0x00, 0x00, 0xff, 0x12, 0xbf, 0xe2, 0x00, 0x0d, 0xf6, 0x00, 0x00, 0x00, 0x00, 0xff, 0x14,
    0xef, 0xfd, 0xdd, 0xff, 0xfd, 0xd9, 0x00, 0x07, 0x88, 0xff, 0x88, 0x7d, 0xff, 0xff, 0xff, 0xff, 0xfa, 0x00, 0x0e, 0xff,
    0xff, 0xff, 0x60, 0x00, 0x00, 0x00, 0x08, 0xfa, 0x00, 0x05, 0x5a, 0xff, 0x65, 0x27, 0xdd, 0xdd, 0xdd, 0xdf, 0xfa, 0x00,
    0x00, 0x0a, 0xff, 0x90, 0x08, 0xff, 0xff, 0xff, 0xff, 0xfa, 0x00, 0x00, 0x1e, 0xff, 0xf4, 0x00, 0x00, 0x00, 0x00, 0x08,
    0xfa, 0x00, 0x00, 0x7f, 0xff, 0xfd, 0x10, 0x00, 0x00, 0x00, 0x08, 0xfa, 0x00, 0x00, 0xde, 0xff, 0x9f, 0x9f, 0xff, 0xff,
    0xff, 0xff, 0xfa, 0x00, 0x05, 0xf9, 0xff, 0x3e, 0x3d, 0xdd, 0xdd, 0xdd, 0xdd, 0xd9, 0x00, 0x0d, 0xf3, 0xff, 0x13, 0x00,
    0x00, 0x08, 0xd1, 0x00, 0x00, 0x00, 0x5f, 0xc0, 0xff, 0x10, 0x57, 0x1b, 0xb6, 0xfa, 0x02, 0xa9, 0x00, 0x0d, 0x40, 0xff,
    0x10, 0xdf, 0x4f, 0xf0, 0xae, 0x20, 0xdf, 0x20, 0x03, 0x00, 0xff, 0x15, 0xfc, 0x0f, 0xf0, 0x13, 0x77, 0x8f, 0x90, 0x00,
    0x00, 0xff, 0x1d, 0xf5, 0x0f, 0xf0, 0x00, 0xbf, 0x7e, 0xe1, 0x00, 0x00, 0xff, 0x2c, 0xd0, 0x0e, 0xfd, 0xdd, 0xff, 0x39,
    0x92, 0x00, 0x00, 0xff, 0x10, 0x20, 0x06, 0xef, 0xff, 0xf9, 0x00, 0x00, 0x00, 0x00, 0xaa, 0x20, 0x00, 0x00, 0x1c, 0x92,
    0x00, 0x00, 0x00, 0x00, 0x03, 0xff, 0x10, 0x00, 0x00, 0x6f, 0xe0, 0x00, 0x00, 0x00, 0x00, 0x0b, 0xff, 0xff, 0xff, 0xf0,
    0xff, 0xff, 0xff, 0xff, 0xf0, 0x00, 0x6f, 0xfe, 0xff, 0xaa, 0xa8, 0xff, 0xbf, 0xff, 0x99, 0x90, 0x03, 0xef, 0x60, 0xdf,
    0x40, 0x4f, 0xf8, 0x04, 0xff, 0x30, 0x00, 0x0b, 0xfa, 0x00, 0x7f, 0x80, 0x8f, 0xc1, 0x00, 0xaf, 0x70, 0x00, 0x00, 0x77,
    0x77, 0x89, 0x77, 0x7a, 0x97, 0x77, 0x89, 0x71, 0x00, 0x00, 0x3f, 0xff, 0xff, 0xff, 0xff, 0xff, 0xff, 0xff, 0xf1, 0x00,
    0x00, 0x16, 0x66, 0x66, 0x6d, 0xff, 0x66, 0x66, 0x7f, 0xf1, 0x00, 0x00, 0x00, 0x00, 0x00, 0x07, 0xfb, 0x00, 0x00, 0x2f,
    0xf1, 0x00, 0x00, 0x09, 0xff, 0xff, 0xff, 0xff, 0xff, 0xff, 0xff, 0xf1, 0x00, 0x00, 0x0a, 0xff, 0xdd, 0xdf, 0xff, 0xdd,
    0xdd, 0xdd, 0xd1, 0x00, 0x00, 0x0c, 0xf5, 0x00, 0x07, 0xfb, 0x00, 0x00, 0x00, 0x00, 0x00, 0x00, 0x0f, 0xff, 0xdd, 0xdf,
    0xff, 0xdd, 0xdd, 0xdf, 0xfd, 0x00, 0x00, 0x2f, 0xff, 0xff, 0xff, 0xff, 0xff, 0xff, 0xff, 0xfe, 0x00, 0x00, 0x00, 0x00,
    0x09, 0xff, 0xfb, 0x00, 0x00, 0x06, 0xfc, 0x00, 0x00, 0x00, 0x02, 0xcf, 0xea, 0xfb, 0x00, 0x00, 0x09, 0xfb, 0x00, 0x00,
    0x00, 0x7e, 0xfd, 0x37, 0xfb, 0x00, 0x10, 0x1d, 0xf8, 0x00, 0x01, 0x6d, 0xff, 0xb1, 0x07, 0xfb, 0x00, 0xdf, 0xff, 0xf4,
    0x00, 0x05, 0xff, 0xe7, 0x00, 0x07, 0xfb, 0x00, 0x9e, 0xed, 0x70, 0x00, 0x00, 0x99, 0x20, 0x00, 0x07, 0xfb, 0x00, 0x00,
    0x00, 0x00, 0x00, 0x00, 0x01, 0x95, 0x10, 0x00, 0x00, 0x09, 0x61, 0x00, 0x00, 0x00, 0x00, 0x07, 0xff, 0x10, 0x00, 0x00,
    0x5f, 0xf3, 0x00, 0x00, 0x00, 0x00, 0x1f, 0xff, 0xdd, 0xdd, 0xd1, 0xef, 0xfd, 0xdd, 0xdd, 0xd5, 0x00, 0xaf, 0xff, 0xff,
    0xff, 0xf9, 0xff, 0xff, 0xff, 0xff, 0xf6, 0x08, 0xff, 0x79, 0xf9, 0x00, 0x8f, 0xf7, 0x0b, 0xf6, 0x00, 0x00, 0x2e, 0xfb,
    0x02, 0xfe, 0x00, 0xbf, 0xd0, 0x02, 0xfd, 0x00, 0x00, 0x01, 0x81, 0x00, 0x51, 0x00, 0xef, 0xa0, 0x00, 0x51, 0x00, 0x00,
    0x00, 0x0c, 0xff, 0xff, 0xff, 0xff, 0xff, 0xff, 0xff, 0xf0, 0x00, 0x00, 0x0a, 0xdd, 0xdd, 0xdd, 0xff, 0xfd, 0xdd, 0xdd,
    0xc0, 0x00, 0x00, 0x00, 0x00, 0x00, 0x00, 0xef, 0xa0, 0x00, 0x00, 0x00, 0x00, 0x0f, 0xff, 0xff, 0xff, 0xff, 0xff, 0xff,
    0xff, 0xff, 0xff, 0xf8, 0x0f, 0xff, 0xff, 0xff, 0xff, 0xff, 0xff, 0xff, 0xff, 0xff, 0xf8, 0x00, 0x00, 0x00, 0x00, 0x00,
    0x00, 0x00, 0x2f, 0xf0, 0x00, 0x00, 0x00, 0x00, 0x00, 0x00, 0x00, 0x00, 0x00, 0x2f, 0xf0, 0x00, 0x00, 0x00, 0x9f, 0xff,
    0xff, 0xff, 0xff, 0xff, 0xff, 0xff, 0xff, 0xe0, 0x00, 0x9e, 0xee, 0xfe, 0xee, 0xee, 0xee, 0xff, 0xfe, 0xee, 0xd0, 0x00,
    0x00, 0x08, 0xfc, 0x20, 0x00, 0x00, 0x2f, 0xf0, 0x00, 0x00, 0x00, 0x00, 0x03, 0xdf, 0xe3, 0x00, 0x00, 0x2f, 0xf0, 0x00,
    0x00, 0x00, 0x00, 0x00, 0x1c, 0xfe, 0x10, 0x00, 0x3f, 0xf0, 0x00, 0x00, 0x00, 0x00, 0x00, 0x01, 0xc4, 0x0a, 0xff, 0xff,
    0xd0, 0x00, 0x00, 0x00, 0x00, 0x00, 0x00, 0x00, 0x03, 0xff, 0xfc, 0x40, 0x00, 0x00, 0x00, 0x00, 0x00, 0x00, 0x00, 0x00,
    0x10, 0x00, 0x00, 0x00, 0x00, 0x00, 0x00, 0x84, 0x00, 0x00, 0x00, 0x28, 0x40, 0x00, 0x00, 0x00, 0x00, 0x06, 0xfe, 0x10,
    0x00, 0x00, 0x9f, 0xb0, 0x00, 0x00, 0x00, 0x00, 0x1f, 0xff, 0xff, 0xff, 0xf3, 0xff, 0xff, 0xff, 0xff, 0xd0, 0x00, 0xbf,
    0xff, 0xff, 0xdd, 0xdd, 0xff, 0xff, 0xfe, 0xdd, 0xb0, 0x0b, 0xfe, 0x24, 0xfe, 0x10, 0xbf, 0xd1, 0x0b, 0xfb, 0x00, 0x00,
    0x04, 0xd4, 0x66, 0xfc, 0x76, 0x7f, 0x86, 0x67, 0xfa, 0x40, 0x00, 0x00, 0x00, 0xff, 0xff, 0xff, 0xff, 0xff, 0xff, 0xff,
    0xb0, 0x00, 0x00, 0x00, 0xff, 0x51, 0x11, 0x11, 0x11, 0x11, 0x9f, 0xb0, 0x00, 0x00, 0x00, 0xff, 0xff, 0xff, 0xff, 0xff,
    0xff, 0xff, 0xb0, 0x00, 0x00, 0x00, 0xff, 0x51, 0x11, 0x11, 0x11, 0x11, 0x9f, 0xb0, 0x00, 0x00, 0x00, 0xff, 0xff, 0xff,
    0xff, 0xff, 0xff, 0xff, 0xb0, 0x00, 0x00, 0x00, 0xff, 0x62, 0x22, 0x22, 0x22, 0x22, 0xaf, 0xb0, 0x00, 0x00, 0x00, 0xff,
    0xcc, 0xcc, 0xcc, 0xcc, 0xcc, 0xef, 0xb0, 0x00, 0x00, 0x00, 0xff, 0xff, 0xff, 0xff, 0xff, 0xff, 0xff, 0xb0, 0x00, 0x00,
    0x00, 0x00, 0x3f, 0xf1, 0x00, 0x00, 0xff, 0x20, 0x00, 0x00, 0x07, 0xdd, 0xdd, 0xff, 0xfd, 0xdd, 0xdd, 0xff, 0xfd, 0xdd,
    0xc0, 0x09, 0xff, 0xff, 0xff, 0xff, 0xff, 0xff, 0xff, 0xff, 0xff, 0xf0, 0x00, 0x00, 0x04, 0xff, 0x80, 0x00, 0x00, 0xff,
    0x20, 0x00, 0x00, 0x00, 0x04, 0xaf, 0xfc, 0x10, 0x00, 0x00, 0xff, 0x20, 0x00, 0x00, 0x01, 0xdf, 0xff, 0x91, 0x00, 0x00,
    0x00, 0xff, 0x20, 0x00, 0x00, 0x00, 0x4e, 0x93, 0x00, 0x00, 0x00, 0x00, 0xff, 0x20, 0x00, 0x00, 0x00, 0x00, 0x00, 0x00,
    0x00, 0x00, 0x00, 0x00, 0x00, 0x00, 0x00, 0x00, 0x01, 0xa7, 0x10, 0x00, 0x00, 0x1a, 0x60, 0x00, 0x00, 0x00, 0x00, 0x09,
    0xfd, 0x00, 0x00, 0x00, 0x8f, 0xa0, 0x00, 0x00, 0x00, 0x00, 0x6f, 0xff, 0xff, 0xff, 0xc2, 0xff, 0xff, 0xff, 0xff, 0xa0,
    0x05, 0xff, 0xfe, 0xff, 0xa9, 0x8c, 0xff, 0xbf, 0xfe, 0x99, 0x60, 0x3e, 0xfa, 0x00, 0xcf, 0x70, 0x9f, 0xb0, 0x06, 0xfe,
    0x10, 0x00, 0x02, 0x80, 0x00, 0x3a, 0x61, 0x06, 0x58, 0x30, 0x84, 0x00, 0x00, 0x00, 0x1c, 0xc0, 0x0f, 0xf2, 0x00, 0x9f,
    0x70, 0x00, 0x00, 0x00, 0x00, 0x1f, 0xf0, 0x0f, 0xf2, 0x00, 0xff, 0xfd, 0xdd, 0xdb, 0x00, 0x00, 0x1f, 0xf0, 0x0f, 0xf2,
    0x05, 0xff, 0xff, 0xff, 0xfd, 0x00, 0x00, 0x1f, 0xf0, 0x0f, 0xf2, 0x0d, 0xf5, 0x3b, 0x30, 0x00, 0x00, 0x00, 0x1f, 0xf0,
    0x0f, 0xf2, 0x7f, 0xc0, 0x7f, 0xd1, 0x00, 0x00, 0x00, 0x1f, 0xf0, 0x0f, 0xf2, 0x9f, 0x40, 0x0c, 0xf9, 0x00, 0x00, 0x00,
    0x18, 0x80, 0x0f, 0xf2, 0x03, 0x00, 0x03, 0xfd, 0x00, 0x00, 0x00, 0x00, 0x00, 0x03, 0x30, 0x00, 0x00, 0x00, 0x61, 0x00,
    0x00, 0x00, 0x07, 0xff, 0xff, 0xff, 0xff, 0xff, 0xff, 0xff, 0xa0, 0x00, 0x00, 0x07, 0xfe, 0xdd, 0xff, 0xdd, 0xff, 0xdd,
    0xef, 0xa0, 0x00, 0x00, 0x07, 0xfa, 0x00, 0xee, 0x00, 0xdf, 0x00, 0x8f, 0xa0, 0x00, 0x00, 0x07, 0xfa, 0x00, 0xee, 0x00,
    0xdf, 0x00, 0x8f, 0xa0, 0x00, 0x1c, 0xcf, 0xff, 0xcc, 0xff, 0xcc, 0xff, 0xcc, 0xff, 0xfc, 0xa0, 0x1f, 0xff, 0xff, 0xff,
    0xff, 0xff, 0xff, 0xff, 0xff, 0xff, 0xd0, 0x1f, 0xff, 0xff, 0xff, 0xff, 0xff, 0xff, 0xff, 0xff, 0xff, 0xd0, 0x00, 0x00,
    0x99, 0x00, 0x00, 0x00, 0x00, 0xaa, 0x10, 0x00, 0x00, 0x01, 0x20, 0xff, 0x04, 0x20, 0x00, 0x00, 0xff, 0x10, 0x00, 0x00,
    0x0a, 0xe0, 0xff, 0x0e, 0xd7, 0xff, 0xff, 0xff, 0xff, 0xff, 0xe0, 0x06, 0xf4, 0xff, 0x2f, 0x84, 0x99, 0x9a, 0xff, 0xa9,
    0x99, 0x90, 0x02, 0xf7, 0xff, 0x6f, 0x31, 0x66, 0x66, 0xff, 0x76, 0x66, 0x20, 0x00, 0xea, 0xff, 0xbd, 0x03, 0xff, 0xff,
    0xff, 0xff, 0xff, 0x60, 0x00, 0x85, 0xff, 0x75, 0x00, 0x00, 0x01, 0xff, 0x10, 0x00, 0x00, 0x09, 0xaa, 0xff, 0xaa, 0x4e,
    0xee, 0xee, 0xff, 0xfe, 0xee, 0xe6, 0x0e, 0xff, 0xff, 0xff, 0x5b, 0xbb, 0xbb, 0xbb, 0xbb, 0xbb, 0xb5, 0x0b, 0xcf, 0xff,
    0xcc, 0x30, 0x00, 0x00, 0x00, 0x00, 0x00, 0x00, 0x00, 0x09, 0xff, 0x30, 0x01, 0x99, 0x99, 0x99, 0x99, 0xf9, 0x30, 0x00,
    0x0e, 0xff, 0xd1, 0x01, 0xff, 0xff, 0xff, 0xff, 0xff, 0x40, 0x00, 0x5f, 0xff, 0xfb, 0x01, 0xff, 0x00, 0x00, 0x00, 0xff,
    0x40, 0x00, 0xcf, 0xff, 0xaf, 0x81, 0xff, 0xff, 0xff, 0xff, 0xff, 0x40, 0x04, 0xfa, 0xff, 0x2f, 0x81, 0xff, 0x88, 0x88,
    0x88, 0xff, 0x40, 0x0c, 0xf4, 0xff, 0x06, 0x01, 0xff, 0x00, 0x00, 0x00, 0xff, 0x40, 0x1e, 0xd0, 0xff, 0x00, 0x01, 0xff,
    0xff, 0xff, 0xff, 0xff, 0x40, 0x08, 0x60, 0xff, 0x00, 0x01, 0xff, 0x88, 0x88, 0x88, 0xff, 0x40, 0x01, 0x00, 0xff, 0x00,
    0x01, 0xff, 0x00, 0x00, 0x00, 0xff, 0x40, 0x00, 0x00, 0xff, 0x00, 0x01, 0xff, 0x00, 0x03, 0xdd, 0xff, 0x30, 0x00, 0x00,
    0xff, 0x00, 0x01, 0xff, 0x00, 0x00, 0xef, 0xe9, 0x00, 0x00, 0x00, 0x00, 0x00, 0x00, 0x11, 0x00, 0x00, 0x10, 0x00, 0x00,
    0x00, 0x00, 0x00, 0x00, 0x00, 0x00, 0x00, 0x02, 0x54, 0x00, 0x00, 0x00, 0x00, 0x00, 0x12, 0x35, 0x68, 0xac, 0xef, 0xff,
    0x30, 0x00, 0x00, 0x9d, 0xef, 0xff, 0xff, 0xff, 0xff, 0xff, 0xc9, 0x50, 0x00, 0x00, 0x7f, 0xff, 0xed, 0xff, 0xf9, 0x64,
    0x20, 0x00, 0x00, 0x00, 0x00, 0x11, 0x10, 0x08, 0xfe, 0x30, 0x00, 0x34, 0x00, 0x00, 0x00, 0x00, 0x00, 0x00, 0xaf, 0xd3,
    0x00, 0x06, 0xff, 0x50, 0x00, 0x00, 0x00, 0x00, 0x3c, 0xfc, 0x20, 0x12, 0xbf, 0xfb, 0x10, 0x00, 0x00, 0x00, 0x06, 0xff,
    0xfe, 0xff, 0xff, 0xff, 0x70, 0x00, 0x00, 0x00, 0x00, 0x04, 0xff, 0xff, 0xef, 0xff, 0xf3, 0x02, 0x00, 0x00, 0x00, 0x00,
    0x00, 0x52, 0x14, 0xdf, 0xe7, 0x00, 0x6f, 0xb0, 0x00, 0x00, 0x00, 0x00, 0x03, 0xbf, 0xfa, 0x20, 0x00, 0x1c, 0xfb, 0x00,
    0x00, 0x00, 0x03, 0xcf, 0xff, 0x97, 0x89, 0xab, 0xcf, 0xff, 0x90, 0x00, 0x00, 0xaf, 0xff, 0xff, 0xff, 0xff, 0xff, 0xed,
    0xff, 0xf7, 0x00, 0x00, 0x6f, 0xfb, 0x98, 0x65, 0xff, 0x40, 0x00, 0x05, 0xfe, 0x10, 0x00, 0x00, 0x03, 0x30, 0x00, 0xff,
    0x20, 0x17, 0x00, 0x73, 0x00, 0x00, 0x00, 0x3e, 0xfa, 0x00, 0xff, 0x21, 0xef, 0xc2, 0x00, 0x00, 0x00, 0x04, 0xef, 0xd1,
    0x00, 0xff, 0x20, 0x3d, 0xfe, 0x40, 0x00, 0x00, 0x6f, 0xfd, 0x20, 0x00, 0xff, 0x20, 0x02, 0xcf, 0xf6, 0x00, 0x07, 0xff,
    0xc1, 0x12, 0x12, 0xff, 0x20, 0x00, 0x1b, 0xff, 0x40, 0x00, 0x89, 0x10, 0x1e, 0xff, 0xff, 0x10, 0x00, 0x01, 0xb6, 0x00,
    0x00, 0x00, 0x00, 0x0a, 0xff, 0xc6, 0x00, 0x00, 0x00, 0x00, 0x00, 0x00, 0x00, 0x00, 0x00, 0x10, 0x00, 0x00, 0x00, 0x00,
    0x00, 0x00, 0x00, 0x00, 0x0b, 0x60, 0x00, 0x01, 0xda, 0x00, 0x00, 0x00, 0x00, 0x00, 0x00, 0x6f, 0xe1, 0x00, 0x05, 0xfc,
    0x00, 0x00, 0x00, 0x00, 0x00, 0x00, 0xcf, 0x80, 0x00, 0x09, 0xf8, 0x00, 0x00, 0x00, 0x00, 0x00, 0x05, 0xfe, 0x10, 0x00,
    0x0e, 0xf3, 0x00, 0x00, 0x00, 0x00, 0x00, 0x0d, 0xf6, 0x02, 0x00, 0x5f, 0xff, 0xff, 0xff, 0xff, 0x40, 0x00, 0x7f, 0xc0,
    0x2f, 0xa0, 0xbf, 0xff, 0xff, 0xff, 0xff, 0x40, 0x03, 0xff, 0x30, 0xaf, 0x93, 0xff, 0x21, 0x11, 0x11, 0xff, 0x30, 0x1f,
    0xff, 0xdf, 0xff, 0x2c, 0xf9, 0x00, 0x00, 0x00, 0xef, 0x30, 0x0f, 0xff, 0xff, 0xf5, 0x07, 0xe2, 0x00, 0x00, 0x00, 0xff,
    0x20, 0x05, 0x53, 0xcf, 0x90, 0x00, 0x2c, 0xb1, 0x00, 0x00, 0xff, 0x20, 0x00, 0x08, 0xfc, 0x10, 0x00, 0x3e, 0xfb, 0x10,
    0x01, 0xff, 0x10, 0x00, 0x6f, 0xe2, 0x02, 0x50, 0x03, 0xef, 0xb0, 0x01, 0xff, 0x10, 0x07, 0xff, 0xdd, 0xff, 0xf1, 0x00,
    0x4f, 0xf8, 0x02, 0xff, 0x00, 0x0f, 0xff, 0xff, 0xfd, 0xb1, 0x00, 0x06, 0xff, 0x13, 0xfe, 0x00, 0x09, 0xfa, 0x74, 0x10,
    0x00, 0x00, 0x00, 0x94, 0x04, 0xfd, 0x00, 0x01, 0x00, 0x00, 0x00, 0x00, 0x00, 0x00, 0x00, 0x05, 0xfc, 0x00, 0x00, 0x00,
    0x01, 0x36, 0x94, 0x00, 0x00, 0x00, 0x07, 0xfb, 0x00, 0x05, 0x8a, 0xdf, 0xff, 0xf6, 0x00, 0x00, 0x00, 0x09, 0xf9, 0x00,
    0x0f, 0xff, 0xff, 0xda, 0x72, 0x00, 0x01, 0x10, 0x2e, 0xf6, 0x00, 0x0b, 0xa7, 0x41, 0x00, 0x00, 0x00, 0x0c, 0xff, 0xff,
    0xe1, 0x00, 0x00, 0x00, 0x00, 0x00, 0x00, 0x00, 0x07, 0xff, 0xfc, 0x40, 0x00, 0x00, 0x00, 0x00, 0x00, 0x00, 0x00, 0x00,
    0x00, 0x00, 0x00, 0x00, 0x00, 0x00, 0x10, 0x00, 0x00, 0x00, 0x00, 0x00, 0x00, 0x00, 0x00, 0x00, 0x00, 0xac, 0x50, 0x00,
    0x00, 0x00, 0x00, 0x00, 0x10, 0x00, 0x00, 0x02, 0xff, 0x60, 0x0f, 0xff, 0xff, 0xff, 0xff, 0xe9, 0x00, 0x00, 0x08, 0xfd,
    0x00, 0x0f, 0xff, 0xff, 0xff, 0xff, 0xfa, 0x00, 0x00, 0x1e, 0xf5, 0x00, 0x00, 0x00, 0x00, 0x03, 0xff, 0xe2, 0x00, 0x00,
    0x8f, 0xb0, 0x07, 0x00, 0x00, 0x00, 0x3e, 0xff, 0x40, 0x00, 0x02, 0xff, 0x20, 0x7f, 0xa0, 0x00, 0x06, 0xff, 0xe4, 0x00,
    0x00, 0x1d, 0xfc, 0x69, 0xff, 0x50, 0x02, 0xbf, 0xff, 0xf7, 0x10, 0x00, 0x8f, 0xff, 0xff, 0xfb, 0x02, 0x9f, 0xff, 0xdc,
    0xff, 0xe8, 0x10, 0x3f, 0xa7, 0xcf, 0xe2, 0xaf, 0xff, 0xb2, 0x00, 0x3b, 0xff, 0xe4, 0x00, 0x03, 0xff, 0x50, 0x6e, 0x93,
    0x00, 0x00, 0x00, 0x3b, 0xc1, 0x00, 0x2e, 0xf8, 0x13, 0x32, 0x55, 0x55, 0x55, 0x55, 0x55, 0x20, 0x02, 0xff, 0xfd, 0xff,
    0x74, 0xff, 0xff, 0xff, 0xff, 0xff, 0x40, 0x2f, 0xff, 0xff, 0xec, 0x53, 0xcc, 0xce, 0xff, 0xcc, 0xcc, 0x30, 0x0f, 0xf9,
    0x52, 0x00, 0x00, 0x00, 0x02, 0xff, 0x00, 0x00, 0x00, 0x03, 0x00, 0x00, 0x00, 0x10, 0x00, 0x02, 0xff, 0x00, 0x00, 0x00,
    0x00, 0x00, 0x37, 0xae, 0x70, 0x00, 0x02, 0xff, 0x00, 0x00, 0x00, 0x28, 0xbe, 0xff, 0xff, 0x60, 0x00, 0x02, 0xff, 0x00,
    0x00, 0x00, 0x5f, 0xff, 0xfa, 0x61, 0x7b, 0xbb, 0xbe, 0xff, 0xbb, 0xbb, 0xb4, 0x2e, 0x95, 0x10, 0x00, 0x9f, 0xff, 0xff,
    0xff, 0xff, 0xff, 0xf6, 0x00, 0x00, 0x00, 0x00, 0x9f, 0xff, 0xff, 0xff, 0xff, 0xff, 0xf6, 0x00, 0x00, 0x75, 0x00, 0x00,
    0x00, 0x02, 0xcc, 0x00, 0x00, 0x00, 0x00, 0x01, 0xef, 0x90, 0x00, 0x00, 0x02, 0xff, 0x00, 0x00, 0x00, 0x00, 0x07, 0xff,
    0x20, 0x00, 0x00, 0x02, 0xff, 0x00, 0x00, 0x00, 0x00, 0x0e, 0xf9, 0x00, 0x0f, 0xff, 0xff, 0xff, 0xff, 0xff, 0xc0, 0x00,
    0x7f, 0xe1, 0x02, 0x0f, 0xff, 0xff, 0xff, 0xff, 0xff, 0xc0, 0x01, 0xef, 0x70, 0x7f, 0x82, 0x22, 0x24, 0xff, 0x22, 0x22,
    0x20, 0x0b, 0xfc, 0x02, 0xff, 0xb0, 0x00, 0x02, 0xff, 0x00, 0x00, 0x00, 0x8f, 0xff, 0xef, 0xfe, 0x10, 0x00, 0x02, 0xff,
    0x00, 0x00, 0x00, 0x4f, 0xff, 0xff, 0xf4, 0x06, 0xff, 0xff, 0xff, 0xff, 0xff, 0x40, 0x07, 0x34, 0xef, 0x80, 0x06, 0xff,
    0xff, 0xff, 0xff, 0xff, 0x40, 0x00, 0x1d, 0xfb, 0x00, 0x01, 0x22, 0x22, 0x22, 0x22, 0x22, 0x10, 0x01, 0xbf, 0xc2, 0x46,
    0x70, 0x00, 0x00, 0x00, 0x00, 0x00, 0x00, 0x2e, 0xff, 0xff, 0xff, 0xd2, 0xff, 0xff, 0xff, 0xff, 0xff, 0x30, 0x3f, 0xff,
    0xff, 0xca, 0x62, 0xff, 0xff, 0xff, 0xff, 0xff, 0x30, 0x0f, 0xa6, 0x30, 0x00, 0x02, 0xff, 0x00, 0x00, 0x01, 0xff, 0x30,
    0x00, 0x00, 0x00, 0x00, 0x02, 0xff, 0x00, 0x00, 0x01, 0xff, 0x30, 0x00, 0x00, 0x25, 0x8b, 0xe3, 0xff, 0x00, 0x00, 0x01,
    0xff, 0x30, 0x49, 0xce, 0xff, 0xff, 0xf4, 0xff, 0x00, 0x00, 0x01, 0xff, 0x30, 0x6f, 0xff, 0xfe, 0xb8, 0x53, 0xff, 0xff,
    0xff, 0xff, 0xff, 0x30, 0x4c, 0x96, 0x30, 0x00, 0x02, 0xff, 0xff, 0xff, 0xff, 0xff, 0x30, 0x00, 0x00, 0x00, 0x00, 0x02,
    0xff, 0x00, 0x00, 0x01, 0xff, 0x30, 0x00, 0x00, 0x00, 0x00, 0x00, 0x11, 0x00, 0x00, 0x00, 0x00, 0x00, 0x00, 0x00, 0x00,
    0x00, 0x00, 0x00, 0x00, 0x10, 0x00, 0x00, 0x00, 0x00, 0x00, 0x6d, 0x70, 0x00, 0x00, 0x06, 0xfd, 0x00, 0x00, 0x00, 0x00,
    0x00, 0xcf, 0xa0, 0x00, 0x00, 0x0e, 0xff, 0x00, 0x00, 0x00, 0x00, 0x03, 0xff, 0x30, 0x00, 0x00, 0x4f, 0xff, 0x70, 0x00,
    0x00, 0x00, 0x0a, 0xfb, 0x00, 0x00, 0x00, 0xdf, 0xbf, 0xf4, 0x00, 0x00, 0x00, 0x3f, 0xf2, 0x18, 0x10, 0x09, 0xfe, 0x18,
    0xfe, 0x20, 0x00, 0x00, 0xcf, 0x80, 0x8f, 0xc0, 0x6f, 0xf6, 0x00, 0xbf, 0xd2, 0x00, 0x08, 0xfe, 0x47, 0xff, 0x66, 0xff,
    0x90, 0x00, 0x2e, 0xfe, 0x40, 0x1f, 0xff, 0xff, 0xfc, 0x9f, 0xff, 0xff, 0xff, 0xff, 0xff, 0xf2, 0x0f, 0xfc, 0xff, 0xf2,
    0x4e, 0xad, 0xff, 0xff, 0xff, 0x6d, 0x60, 0x01, 0x02, 0xef, 0x60, 0x03, 0x00, 0x00, 0x00, 0x00, 0x01, 0x00, 0x00, 0x1c,
    0xfa, 0x00, 0x00, 0x00, 0x00, 0x00, 0x00, 0x00, 0x00, 0x00, 0xaf, 0xf8, 0xac, 0x90, 0xef, 0xff, 0xff, 0xff, 0xf3, 0x00,
    0x0e, 0xff, 0xff, 0xff, 0x90, 0xef, 0xff, 0xff, 0xff, 0xf3, 0x00, 0x0f, 0xff, 0xa7, 0x41, 0x00, 0xef, 0x10, 0x00, 0x0f,
    0xf3, 0x00, 0x04, 0x20, 0x00, 0x00, 0x00, 0xef, 0x10, 0x00, 0x0f, 0xf3, 0x00, 0x00, 0x00, 0x01, 0x48, 0x70, 0xef, 0x10,
    0x00, 0x0f, 0xf3, 0x00, 0x04, 0x7a, 0xdf, 0xff, 0xc0, 0xef, 0x10, 0x00, 0x0f, 0xf3, 0x00, 0x0e, 0xff, 0xfe, 0xb7, 0x30,
    0xff, 0xff, 0xff, 0xff, 0xf3, 0x00, 0x0a, 0xb7, 0x30, 0x00, 0x00, 0xff, 0xff, 0xff, 0xff, 0xf3, 0x00, 0x00, 0x00, 0x00,
    0x00, 0x00, 0xef, 0x10, 0x00, 0x0f, 0xf3, 0x00, 0x00, 0x00, 0x00, 0x00, 0x00, 0x11, 0x00, 0x00, 0x00, 0x00, 0x00, 0x00,
    0x00, 0x13, 0x00, 0x00, 0x00, 0x17, 0x60, 0x00, 0x00, 0x00, 0x00, 0x00, 0x7f, 0x80, 0x00, 0x00, 0x1f, 0xe0, 0x00, 0x13,
    0x00, 0x00, 0x00, 0xdf, 0x50, 0x00, 0x00, 0x1f, 0xe0, 0x00, 0x8f, 0xa0, 0x00, 0x04, 0xfd, 0x00, 0x09, 0xff, 0xff, 0xff,
    0xfa, 0xef, 0x40, 0x00, 0x0b, 0xf6, 0x00, 0x09, 0xee, 0xff, 0xfe, 0xef, 0xfa, 0x00, 0x00, 0x4f, 0xc0, 0x19, 0x10, 0x00,
    0x1f, 0xe0, 0x5f, 0xe1, 0x00, 0x00, 0xcf, 0x40, 0x9f, 0x80, 0x00, 0x1f, 0xe3, 0xef, 0x40, 0x00, 0x09, 0xff, 0xaf, 0xfd,
    0xbf, 0xff, 0xff, 0xff, 0xff, 0xff, 0xf4, 0x1f, 0xff, 0xff, 0xf5, 0xae, 0xee, 0xef, 0xff, 0xfe, 0xee, 0xe3, 0x0b, 0x84,
    0x9f, 0xa0, 0x00, 0x00, 0x4e, 0xf8, 0x00, 0x00, 0x00, 0x00, 0x04, 0xfd, 0x10, 0x00, 0x08, 0xff, 0x60, 0x00, 0x00, 0x00,
    0x00, 0x2e, 0xf3, 0x01, 0x04, 0xdf, 0xff, 0xff, 0xff, 0xff, 0x30, 0x02, 0xff, 0xfc, 0xed, 0xcf, 0xff, 0xfd, 0xdd, 0xdd,
    0xff, 0x30, 0x0f, 0xff, 0xfd, 0xa6, 0x6b, 0x3f, 0xf1, 0x00, 0x00, 0xff, 0x30, 0x0c, 0xc3, 0x10, 0x00, 0x00, 0x0f, 0xfe,
    0xdd, 0xdd, 0xff, 0x30, 0x00, 0x00, 0x00, 0x03, 0x30, 0x0f, 0xff, 0xff, 0xff, 0xff, 0x30, 0x00, 0x02, 0x6a, 0xef, 0x90,
    0x0f, 0xf1, 0x00, 0x00, 0xff, 0x30, 0x09, 0xef, 0xff, 0xff, 0x90, 0x0f, 0xf1, 0x00, 0x00, 0xff, 0x30, 0x0c, 0xff, 0xea,
    0x51, 0x00, 0x0f, 0xfe, 0xdd, 0xdd, 0xff, 0x30, 0x07, 0x73, 0x00, 0x00, 0x00, 0x0f, 0xff, 0xff, 0xff, 0xff, 0x30, 0x00,
    0x00, 0x00, 0x00, 0x00, 0x0f, 0xf1, 0x00, 0x00, 0xff, 0x30, 0x00, 0x00, 0x00, 0x00, 0x00, 0x01, 0x10, 0x00, 0x00, 0x00,
    0x00, 0x00, 0x00, 0x63, 0x00, 0x00, 0x00, 0x06, 0xb7, 0x00, 0x00, 0x00, 0x00, 0x00, 0xef, 0x30, 0x00, 0x00, 0x08, 0xf9,
    0x00, 0x00, 0x00, 0x00, 0x05, 0xfc, 0x00, 0x05, 0xdd, 0xdf, 0xff, 0xdd, 0xd8, 0x00, 0x00, 0x0c, 0xf5, 0x00, 0x06, 0xff,
    0xff, 0xff, 0xff, 0xf9, 0x00, 0x00, 0x4f, 0xc0, 0x00, 0x00, 0x00, 0x08, 0xf9, 0x00, 0x00, 0x00, 0x00, 0xcf, 0x40, 0x92,
    0x00, 0x00, 0x08, 0xf9, 0x00, 0x00, 0x00, 0x06, 0xfa, 0x04, 0xfd, 0x3f, 0xff, 0xff, 0xff, 0xff, 0xff, 0x50, 0x4f, 0xf5,
    0x5e, 0xf5, 0x3d, 0xdd, 0xdd, 0xdd, 0xdd, 0xff, 0x20, 0x6f, 0xff, 0xff, 0xc0, 0x00, 0x3b, 0x30, 0xcc, 0x10, 0xdd, 0x00,
    0x1b, 0x53, 0xef, 0x30, 0x00, 0x4d, 0xf8, 0xff, 0x13, 0xf9, 0x00, 0x00, 0x09, 0xf8, 0x00, 0x1c, 0x91, 0x95, 0xff, 0x10,
    0x22, 0x00, 0x00, 0x5f, 0xe6, 0xa5, 0x19, 0xfd, 0x21, 0xff, 0x00, 0x00, 0x00, 0x06, 0xff, 0xff, 0xf6, 0x00, 0x4c, 0x13,
    0xfd, 0x00, 0x00, 0x00, 0x3f, 0xff, 0xc8, 0x40, 0xee, 0xee, 0xef, 0xff, 0xee, 0xee, 0x40, 0x2f, 0xb2, 0x00, 0x00, 0xff,
    0xff, 0xff, 0xff, 0xff, 0xff, 0x40, 0x01, 0x00, 0x16, 0xc7, 0x00, 0x00, 0x6f, 0xf2, 0x40, 0x00, 0x00, 0x01, 0x5a, 0xff,
    0xf8, 0x00, 0x04, 0xef, 0x88, 0xfa, 0x10, 0x00, 0x4e, 0xff, 0xe9, 0x30, 0x00, 0x7f, 0xfc, 0x01, 0xbf, 0xc1, 0x00, 0x3f,
    0xc6, 0x10, 0x00, 0x5c, 0xff, 0xb1, 0x00, 0x09, 0xfd, 0x20, 0x03, 0x00, 0x00, 0x02, 0xdf, 0xf8, 0x00, 0x00, 0x00, 0x7f,
    0x90, 0x00, 0x00, 0x00, 0x00, 0x28, 0x20, 0x00, 0x00, 0x00, 0x06, 0x10, 0x00, 0x00, 0x98, 0x20, 0x00, 0x00, 0x00, 0x23,
    0x57, 0x98, 0x00, 0x00, 0x01, 0xff, 0x60, 0x7c, 0xcd, 0xef, 0xff, 0xff, 0xff, 0x40, 0x00, 0x07, 0xfe, 0x00, 0x6f, 0xff,
    0xed, 0xcb, 0x97, 0x83, 0x00, 0x00, 0x0d, 0xf7, 0x00, 0x06, 0xb1, 0x0a, 0xe0, 0x02, 0xfe, 0x10, 0x00, 0x6f, 0xd1, 0x10,
    0x07, 0xf7, 0x09, 0xf4, 0x0a, 0xf8, 0x00, 0x01, 0xdf, 0x60, 0x9c, 0x31, 0xfb, 0x07, 0xd4, 0x3f, 0xd0, 0x00, 0x09, 0xfb,
    0x02, 0xff, 0x9d, 0xfd, 0xdd, 0xdd, 0xff, 0xfd, 0xa0, 0x5f, 0xfd, 0xdf, 0xfa, 0x6f, 0xff, 0xff, 0xff, 0xff, 0xff, 0xb0,
    0x2f, 0xff, 0xff, 0xe1, 0x00, 0x0e, 0xf3, 0x00, 0x00, 0x00, 0x00, 0x08, 0x44, 0xff, 0x43, 0xbb, 0xbf, 0xfc, 0xbb, 0xbb,
    0xbb, 0xb0, 0x00, 0x0c, 0xf8, 0x04, 0xff, 0xff, 0xff, 0xff, 0xff, 0xff, 0xf0, 0x00, 0x9f, 0xb3, 0x58, 0x11, 0x6f, 0xc1,
    0x11, 0x11, 0x11, 0x10, 0x1a, 0xff, 0xff, 0xff, 0x10, 0xbf, 0xfd, 0xdd, 0xdf, 0xf6, 0x00, 0x1f, 0xff, 0xfe, 0xa7, 0x10,
    0xff, 0xff, 0xff, 0xff, 0xf8, 0x00, 0x0f, 0xa5, 0x20, 0x00, 0x03, 0xff, 0xf4, 0x00, 0x1e, 0xf2, 0x00, 0x00, 0x00, 0x00,
    0x59, 0x09, 0xff, 0xfe, 0x30, 0xaf, 0x90, 0x00, 0x00, 0x15, 0xae, 0xff, 0x5f, 0xf4, 0x8f, 0xee, 0xfd, 0x10, 0x00, 0x3b,
    0xff, 0xff, 0xa5, 0xdf, 0xb0, 0x0b, 0xff, 0xf6, 0x00, 0x00, 0x3f, 0xfc, 0x71, 0x2c, 0xfe, 0x25, 0xbf, 0xff, 0xff, 0xc7,
    0x41, 0x09, 0x30, 0x00, 0x5f, 0xe3, 0xdf, 0xfd, 0x71, 0x7e, 0xff, 0xf3, 0x00, 0x00, 0x00, 0x05, 0x20, 0x4a, 0x50, 0x00,
    0x00, 0x49, 0x70, 0x00, 0x00, 0x00, 0x00, 0x16, 0x60, 0x00, 0x00, 0x00, 0x00, 0x00, 0x00, 0x00, 0x00, 0x00, 0x2f, 0xf0,
    0x00, 0x00, 0x01, 0x40, 0x00, 0x00, 0x00, 0x00, 0x00, 0x2f, 0xf0, 0x00, 0x00, 0x0b, 0xf7, 0x00, 0x00, 0x08, 0xff, 0xff,
    0xff, 0xff, 0xff, 0xf9, 0xaf, 0xd1, 0x00, 0x00, 0x07, 0xdd, 0xdd, 0xff, 0xfd, 0xdd, 0xdf, 0xfe, 0x20, 0x00, 0x00, 0x00,
    0x00, 0x00, 0x2f, 0xf0, 0x01, 0xbf, 0xe2, 0x00, 0x00, 0x00, 0x00, 0x00, 0x00, 0x2f, 0xf0, 0x3d, 0xfd, 0x20, 0x00, 0x00,
    0x07, 0xff, 0xff, 0xff, 0xff, 0xff, 0xff, 0xff, 0xff, 0xff, 0xb0, 0x06, 0xdd, 0xdd, 0xdd, 0xdf, 0xff, 0xff, 0xed, 0xdd,
    0xdd, 0xa0, 0x00, 0x00, 0x00, 0x02, 0x9f, 0xfd, 0x30, 0x00, 0x00, 0x00, 0x00, 0x00, 0x00, 0x01, 0x8f, 0xff, 0xfb, 0xbb,
    0xbb, 0xbb, 0x60, 0x00, 0x00, 0x03, 0x9f, 0xff, 0xff, 0xff, 0xff, 0xff, 0xff, 0x80, 0x00, 0x06, 0xcf, 0xff, 0xcf, 0xf7,
    0x00, 0x00, 0x00, 0x00, 0x00, 0x00, 0x0c, 0xff, 0xc4, 0x3f, 0xf1, 0x00, 0x00, 0x00, 0x00, 0x00, 0x00, 0x06, 0x93, 0x00,
    0xaf, 0xff, 0xff, 0xff, 0xff, 0xfb, 0x00, 0x00, 0x00, 0x00, 0x02, 0xdf, 0xfd, 0xdd, 0xdd, 0xdf, 0xf8, 0x00, 0x00, 0x00,
    0x00, 0x00, 0x00, 0x00, 0x00, 0x00, 0x0d, 0xf6, 0x00, 0x00, 0x00, 0x00, 0x00, 0x00, 0x00, 0x00, 0x00, 0x2f, 0xf2, 0x00,
    0x00, 0x00, 0x00, 0x00, 0x00, 0x01, 0x00, 0x00, 0x9f, 0xd0, 0x00, 0x00, 0x00, 0x00, 0x00, 0x00, 0x09, 0xff, 0xef, 0xff,
    0x60, 0x00, 0x00, 0x00, 0x00, 0x00, 0x00, 0x04, 0xff, 0xff, 0xd8, 0x00, 0x00, 0x00, 0x00, 0x00, 0x00, 0x00, 0x00, 0x00,
    0x00, 0x00, 0x00, 0x00, 0x00, 0x00, 0x00, 0x00, 0x00, 0x00, 0x00, 0x00, 0x55, 0x10, 0x00, 0x00, 0x01, 0xff, 0xff, 0xff,
    0x50, 0x47, 0x30, 0xff, 0x20, 0x00, 0x00, 0x01, 0xff, 0xff, 0xff, 0x50, 0x9f, 0x80, 0xff, 0x20, 0x00, 0x00, 0x01, 0xfe,
    0x00, 0xcf, 0x50, 0xcf, 0x50, 0xff, 0x20, 0x00, 0x00, 0x01, 0xfe, 0x00, 0xcf, 0x51, 0xff, 0x21, 0xff, 0x31, 0x11, 0x00,
    0x01, 0xfe, 0x00, 0xcf, 0x55, 0xff, 0xff, 0xff, 0xff, 0xff, 0xa0, 0x01, 0xff, 0xff, 0xff, 0x5a, 0xff, 0xff, 0xff, 0xff,
    0xff, 0xa0, 0x01, 0xff, 0xff, 0xff, 0x6e, 0xf2, 0x00, 0xff, 0x20, 0x00, 0x00, 0x01, 0xfe, 0x00, 0xcf, 0xdf, 0xb0, 0x00,
    0xff, 0x20, 0x00, 0x00, 0x02, 0xfd, 0x00, 0xcf, 0x8b, 0x40, 0x00, 0xff, 0x20, 0x00, 0x00, 0x02, 0xfd, 0x00, 0xcf, 0x50,
    0x00, 0x00, 0xff, 0x20, 0x00, 0x00, 0x02, 0xff, 0xff, 0xff, 0x52, 0xee, 0xee, 0xff, 0xfe, 0xee, 0x40, 0x03, 0xff, 0xff,
    0xff, 0x52, 0xff, 0xff, 0xff, 0xff, 0xff, 0x50, 0x04, 0xfc, 0x11, 0xcf, 0x50, 0x22, 0x22, 0xff, 0x52, 0x22, 0x10, 0x05,
    0xfa, 0x00, 0xcf, 0x50, 0x00, 0x00, 0xff, 0x20, 0x00, 0x00, 0x07, 0xf9, 0x00, 0xcf, 0x50, 0x00, 0x00, 0xff, 0x20, 0x00,
    0x00, 0x0a, 0xf7, 0x00, 0xcf, 0x50, 0x00, 0x00, 0xff, 0x20, 0x00, 0x00, 0x0d, 0xf4, 0x00, 0xcf, 0x50, 0x00, 0x00, 0xff,
    0x20, 0x00, 0x00, 0x2f, 0xf2, 0x11, 0xcf, 0x6f, 0xff, 0xff, 0xff, 0xff, 0xff, 0xf3, 0x5f, 0xc0, 0x9f, 0xff, 0x5f, 0xff,
    0xff, 0xff, 0xff, 0xff, 0xf3, 0x06, 0x70, 0x5f, 0xd8, 0x01, 0x11, 0x11, 0x11, 0x11, 0x11, 0x10, 0x00, 0x00, 0x00, 0x00,
    0x00, 0x00, 0x00, 0x00, 0x00, 0x00, 0x00, 0x00, 0x00, 0x98, 0x30, 0x00, 0x00, 0xbb, 0x20, 0x00, 0x00, 0x00, 0x00, 0x04,
    0xff, 0x51, 0x40, 0x00, 0xff, 0x20, 0x00, 0x20, 0x00, 0x00, 0x0c, 0xfb, 0x0d, 0xf5, 0x00, 0xff, 0x20, 0x5b, 0xf6, 0x00,
    0x00, 0x7f, 0xe2, 0x05, 0xfd, 0x10, 0xff, 0xad, 0xff, 0xe8, 0x00, 0x05, 0xff, 0xb8, 0x99, 0xff, 0x70, 0xff, 0xfe, 0xa5,
    0x00, 0x00, 0x06, 0xff, 0xff, 0xff, 0xff, 0xd0, 0xff, 0x70, 0x00, 0x03, 0x00, 0x01, 0xe8, 0x65, 0x32, 0x0d, 0xa1, 0xff,
    0x20, 0x00, 0x0e, 0xb0, 0x00, 0x00, 0x00, 0x00, 0x01, 0x00, 0xff, 0x30, 0x00, 0x2f, 0xe0, 0x00, 0xcd, 0xdd, 0xdd, 0xff,
    0x30, 0xdf, 0xfe, 0xee, 0xff, 0xa0, 0x00, 0xef, 0xff, 0xff, 0xff, 0x30, 0x5d, 0xff, 0xff, 0xfc, 0x20, 0x00, 0xef, 0x30,
    0x00, 0xdf, 0x30, 0x22, 0x00, 0x00, 0x00, 0x00, 0x00, 0xef, 0xfd, 0xdd, 0xff, 0x30, 0xff, 0x30, 0x00, 0x41, 0x00, 0x00,
    0xef, 0xff, 0xff, 0xff, 0x30, 0xff, 0x30, 0x3b, 0xfb, 0x00, 0x00, 0xef, 0x30, 0x00, 0xdf, 0x30, 0xff, 0x7b, 0xff, 0xf9,
    0x10, 0x00, 0xef, 0x30, 0x00, 0xdf, 0x30, 0xff, 0xff, 0xfa, 0x30, 0x00, 0x00, 0xef, 0xff, 0xff, 0xff, 0x30, 0xff, 0xf7,
    0x10, 0x00, 0x00, 0x00, 0xef, 0xfd, 0xdd, 0xff, 0x30, 0xff, 0x30, 0x00, 0x06, 0x20, 0x00, 0xef, 0x30, 0x00, 0xdf, 0x30,
    0xff, 0x30, 0x00, 0x0c, 0xf3, 0x00, 0xef, 0x30, 0x00, 0xdf, 0x30, 0xff, 0x61, 0x11, 0x3e, 0xf1, 0x00, 0xef, 0x32, 0xff,
    0xff, 0x20, 0xcf, 0xff, 0xff, 0xff, 0xc0, 0x00, 0xef, 0x30, 0xbe, 0xd7, 0x00, 0x3a, 0xdd, 0xdd, 0xdb, 0x20, 0x00, 0x00,
    0x00, 0x00, 0x02, 0xdc, 0x50, 0x00, 0x00, 0x00, 0x00, 0x00, 0x00, 0x00, 0x00, 0x06, 0xff, 0x30, 0x00, 0x00, 0x00, 0x00,
    0x00, 0x00, 0x00, 0x00, 0x0a, 0xfc, 0x00, 0x00, 0x00, 0x00, 0x00, 0x00, 0x08, 0xff, 0xff, 0xff, 0xff, 0xff, 0xff, 0xff,
    0xf9, 0x00, 0x00, 0x08, 0xff, 0xff, 0xff, 0xff, 0xff, 0xff, 0xff, 0xf9, 0x00, 0x00, 0x08, 0xfc, 0x22, 0x22, 0x22, 0x22,
    0x22, 0x2f, 0xf9, 0x00, 0x00, 0x08, 0xfc, 0x00, 0x00, 0x00, 0x00, 0x00, 0x0f, 0xf9, 0x00, 0x00, 0x08, 0xfc, 0x00, 0x00,
    0x00, 0x00, 0x00, 0x0f, 0xf9, 0x00, 0x00, 0x08, 0xff, 0xff, 0xff, 0xff, 0xff, 0xff, 0xff, 0xf9, 0x00, 0x00, 0x08, 0xff,
    0xff, 0xff, 0xff, 0xff, 0xff, 0xff, 0xf9, 0x00, 0x00, 0x08, 0xfd, 0x11, 0x11, 0x11, 0x11, 0x11, 0x1f, 0xf9, 0x00, 0x00,
    0x08, 0xfc, 0x00, 0x00, 0x00, 0x00, 0x00, 0x0f, 0xf9, 0x00, 0x00, 0x08, 0xfd, 0x11, 0x11, 0x11, 0x11, 0x11, 0x1f, 0xf9,
    0x00, 0x00, 0x08, 0xff, 0xff, 0xff, 0xff, 0xff, 0xff, 0xff, 0xf9, 0x00, 0x00, 0x08, 0xff, 0xff, 0xff, 0xff, 0xff, 0xff,
    0xff, 0xf9, 0x00, 0x00, 0x08, 0xfc, 0x00, 0x00, 0x00, 0x00, 0x00, 0x0f, 0xf9, 0x00, 0x00, 0x08, 0xfc, 0x00, 0x00, 0x00,
    0x00, 0x00, 0x0f, 0xf9, 0x00, 0x00, 0x08, 0xfd, 0x11, 0x11, 0x11, 0x11, 0x11, 0x1f, 0xf9, 0x00, 0x00, 0x08, 0xff, 0xff,
    0xff, 0xff, 0xff, 0xff, 0xff, 0xf9, 0x00, 0x00, 0x08, 0xff, 0xff, 0xff, 0xff, 0xff, 0xff, 0xff, 0xf9, 0x00, 0x00, 0x08,
    0xfc, 0x00, 0x00, 0x00, 0x00, 0x00, 0x0f, 0xf9, 0x00, 0x00, 0x01, 0x11, 0x00, 0x00, 0x00, 0x00, 0x00, 0x00, 0x00, 0x00,
    0x00, 0x00, 0x00, 0x00, 0x00, 0x00, 0x00, 0x00, 0x00, 0x00, 0x00, 0x00, 0x00, 0x0c, 0xa2, 0x00, 0x00, 0x00, 0x00, 0x00,
    0x00, 0x00, 0x00, 0x00, 0x8f, 0xf4, 0x00, 0x09, 0xee, 0xee, 0xef, 0xfd, 0x40, 0x00, 0x05, 0xff, 0xff, 0x70, 0x0a, 0xff,
    0xff, 0xff, 0xff, 0x50, 0x00, 0x5f, 0xf8, 0x9f, 0xf9, 0x00, 0x00, 0x00, 0x1d, 0xfb, 0x00, 0x07, 0xff, 0xa0, 0x07, 0xff,
    0x90, 0x6d, 0x40, 0x9f, 0xd1, 0x00, 0x4f, 0xfb, 0x00, 0x00, 0x6f, 0xe1, 0x7e, 0xfc, 0xfe, 0x30, 0x00, 0x0c, 0xbd, 0xcf,
    0xfc, 0xc7, 0x50, 0x02, 0xcf, 0xf4, 0x00, 0x00, 0x02, 0x0f, 0xff, 0xff, 0xf0, 0x00, 0x00, 0x09, 0xf8, 0x00, 0x00, 0x00,
    0x00, 0x0f, 0xf1, 0x00, 0x08, 0xaa, 0xaa, 0xff, 0xaf, 0x92, 0x08, 0xee, 0xef, 0xff, 0xee, 0x7c, 0xee, 0xff, 0xfe, 0xff,
    0xf1, 0x09, 0xff, 0xff, 0xff, 0xff, 0x70, 0x00, 0x1f, 0xf0, 0x5f, 0xb0, 0x00, 0x00, 0x0f, 0xf1, 0x00, 0x00, 0x00, 0x1f,
    0xf0, 0xaf, 0x60, 0x00, 0x00, 0x0f, 0xf1, 0x00, 0x00, 0x00, 0x1f, 0xf1, 0xff, 0x10, 0x00, 0xcc, 0xcf, 0xfd, 0xcc, 0x50,
    0x00, 0x1f, 0xf0, 0x14, 0x00, 0x00, 0xef, 0xff, 0xff, 0xff, 0x60, 0x00, 0x1f, 0xf0, 0x00, 0x00, 0x00, 0xef, 0x10, 0x00,
    0xdf, 0x60, 0x00, 0x1f, 0xf0, 0x00, 0x00, 0x00, 0xef, 0x10, 0x00, 0xdf, 0x60, 0x00, 0x1f, 0xf0, 0x00, 0x00, 0x00, 0xef,
    0x10, 0x00, 0xdf, 0x60, 0x00, 0x1f, 0xf0, 0x00, 0x00, 0x00, 0xff, 0xff, 0xff, 0xff, 0x60, 0x00, 0x2f, 0xf0, 0x00, 0x00,
    0x00, 0xff, 0xed, 0xdd, 0xff, 0x60, 0xaf, 0xff, 0xe0, 0x00, 0x00, 0x00, 0xef, 0x10, 0x00, 0x67, 0x30, 0x5f, 0xec, 0x50,
    0x00, 0x00, 0x00, 0x00, 0x00, 0x00, 0x00, 0xaa, 0x20, 0x00, 0x00, 0x00, 0x00, 0x00, 0x00, 0x00, 0x00, 0x00, 0xff, 0x20,
    0x00, 0x00, 0x00, 0x00, 0x00, 0x8e, 0xee, 0xee, 0xee, 0xff, 0xfe, 0xee, 0xee, 0xee, 0x00, 0x00, 0x9f, 0xff, 0xff, 0xff,
    0xff, 0xff, 0xff, 0xff, 0xff, 0x00, 0x00, 0x00, 0x00, 0x00, 0x00, 0xff, 0x20, 0x00, 0x00, 0x00, 0x00, 0x00, 0x06, 0xdd,
    0xdd, 0xdd, 0xff, 0xfd, 0xdd, 0xdd, 0xd1, 0x00, 0x00, 0x07, 0xff, 0xff, 0xff, 0xff, 0xff, 0xff, 0xff, 0xf1, 0x00, 0x00,
    0x00, 0x00, 0x00, 0x00, 0xff, 0x20, 0x00, 0x00, 0x00, 0x00, 0x00, 0x00, 0x00, 0x00, 0x00, 0xff, 0x20, 0x00, 0x00, 0x00,
    0x00, 0x08, 0xff, 0xff, 0xff, 0xff, 0xff, 0xff, 0xff, 0xff, 0xff, 0xb0, 0x07, 0xdd, 0xdd, 0xdd, 0xff, 0xff, 0xfe, 0xdd,
    0xdd, 0xdd, 0xa0, 0x00, 0x00, 0x00, 0x1a, 0xff, 0x6d, 0xf5, 0x00, 0x00, 0x40, 0x00, 0x00, 0x00, 0x04, 0xdf, 0xe5, 0x06,
    0xfd, 0x00, 0x09, 0xfb, 0x10, 0x00, 0x03, 0xbf, 0xff, 0x30, 0x01, 0xdf, 0x72, 0xcf, 0xf6, 0x00, 0x06, 0xcf, 0xff, 0xff,
    0x00, 0x00, 0x6f, 0xff, 0xfc, 0x30, 0x00, 0x09, 0xff, 0xa4, 0xff, 0x00, 0x00, 0x0a, 0xff, 0xb0, 0x00, 0x00, 0x00, 0x72,
    0x02, 0xff, 0x00, 0x02, 0x51, 0xdf, 0xf6, 0x00, 0x00, 0x00, 0x00, 0x03, 0xff, 0x48, 0xdf, 0xe0, 0x1c, 0xff, 0xc4, 0x00,
    0x00, 0x00, 0x0a, 0xff, 0xff, 0xfe, 0xa1, 0x01, 0xaf, 0xff, 0xd3, 0x00, 0x00, 0x1f, 0xff, 0xe9, 0x40, 0x00, 0x00, 0x04,
    0xcf, 0x90, 0x00, 0x00, 0x0a, 0xd4, 0x00, 0x00, 0x00, 0x00, 0x00, 0x03, 0x10, 0x00, 0x00, 0x00, 0x00, 0x00, 0x00, 0x00,
    0x00, 0x00, 0x00, 0x00, 0x00, 0x00, 0x12, 0x00, 0x04, 0x92, 0x00, 0x00, 0x27, 0x20, 0x00, 0x00, 0x05, 0xed, 0x20, 0x09,
    0xfb, 0x00, 0x00, 0xaf, 0xe1, 0x00, 0x00, 0x01, 0xcf, 0xc0, 0x01, 0xef, 0x50, 0x04, 0xff, 0x50, 0x00, 0x00, 0x00, 0x2f,
    0xe4, 0x00, 0x8d, 0x60, 0x1d, 0xfa, 0x00, 0x00, 0x02, 0xff, 0xff, 0xff, 0xff, 0xff, 0xff, 0xff, 0xff, 0xff, 0xb0, 0x02,
    0xff, 0xff, 0xff, 0xff, 0xff, 0xff, 0xff, 0xff, 0xff, 0xc0, 0x02, 0xff, 0x00, 0x00, 0x00, 0x00, 0x00, 0x00, 0x00, 0x8f,
    0xc0, 0x02, 0xff, 0x00, 0x00, 0x00, 0x00, 0x00, 0x00, 0x00, 0x8f, 0xc0, 0x02, 0xbb, 0x9f, 0xff, 0xff, 0xff, 0xff, 0xff,
    0xff, 0x6b, 0x80, 0x00, 0x00, 0x9f, 0xfe, 0xee, 0xee, 0xee, 0xee, 0xff, 0x00, 0x00, 0x00, 0x00, 0x9f, 0xb0, 0x00, 0x00,
    0x00, 0x02, 0xff, 0x00, 0x00, 0x00, 0x00, 0x9f, 0xb0, 0x00, 0xff, 0x20, 0x02, 0xff, 0x00, 0x00, 0x00, 0x00, 0x9f, 0xb0,
    0x00, 0xff, 0x20, 0x02, 0xff, 0x00, 0x00, 0x00, 0x00, 0x9f, 0xb0, 0x01, 0xff, 0x20, 0x02, 0xff, 0x00, 0x00, 0x00, 0x00,
    0x9f, 0xb0, 0x03, 0xff, 0x00, 0x02, 0xff, 0x00, 0x00, 0x00, 0x00, 0x9f, 0xb0, 0x08, 0xfc, 0xaa, 0x52, 0xff, 0x00, 0x00,
    0x00, 0x00, 0x00, 0x00, 0x5f, 0xf5, 0xff, 0x70, 0x11, 0x01, 0x00, 0x00, 0x00, 0x00, 0x18, 0xff, 0x90, 0xff, 0x70, 0x00,
    0x0a, 0xb2, 0x00, 0x00, 0x28, 0xef, 0xf8, 0x00, 0xff, 0x80, 0x00, 0x0c, 0xf3, 0x02, 0x8c, 0xff, 0xfb, 0x30, 0x00, 0xef,
    0xfd, 0xdd, 0xef, 0xe0, 0x00, 0xaf, 0xea, 0x30, 0x00, 0x00, 0x5d, 0xff, 0xff, 0xfd, 0x50, 0x00, 0x14, 0x00, 0x00, 0x00,
    0x00, 0x00, 0x00, 0x00, 0x00, 0x00, 0x00, 0x03, 0xb7, 0x00, 0x00, 0x00, 0x00, 0x2c, 0xc0, 0x00, 0x00, 0x00, 0x07, 0xf9,
    0x00, 0x00, 0x00, 0x00, 0x2f, 0xf0, 0x00, 0x00, 0x00, 0x0c, 0xff, 0xdf, 0x80, 0x00, 0x00, 0x2f, 0xf0, 0x00, 0x00, 0x00,
    0x3f, 0xff, 0xff, 0xe0, 0x00, 0x00, 0x2f, 0xf0, 0x00, 0x00, 0x00, 0x9f, 0x90, 0x3f, 0x90, 0x0c, 0xee, 0xff, 0xfe, 0xee,
    0x00, 0x02, 0xff, 0x20, 0x8f, 0x30, 0x0d, 0xff, 0xff, 0xff, 0xff, 0x00, 0x0b, 0xff, 0xdd, 0xff, 0xfd, 0x0d, 0xfa, 0xaf,
    0xfa, 0xef, 0x00, 0x3e, 0xff, 0xcf, 0xff, 0xff, 0x0d, 0xf0, 0x0e, 0xc0, 0xdf, 0x00, 0x03, 0xff, 0x09, 0xf0, 0xcf, 0x0d,
    0xf0, 0x0e, 0xc0, 0xdf, 0x00, 0x00, 0xdf, 0x09, 0xf0, 0xcf, 0x0d, 0xf0, 0x0e, 0xc0, 0xdf, 0x00, 0x00, 0xdf, 0xff, 0xff,
    0xff, 0x0d, 0xf0, 0x0e, 0xc0, 0xdf, 0x00, 0x00, 0xdf, 0xaf, 0xfa, 0xff, 0x0d, 0xfc, 0xcf, 0xfc, 0xff, 0x00, 0x00, 0xdf,
    0x09, 0xf0, 0xcf, 0x0d, 0xff, 0xff, 0xff, 0xff, 0x00, 0x00, 0xde, 0x09, 0xf0, 0xcf, 0x03, 0x33, 0x5f, 0xf3, 0x33, 0x00,
    0x00, 0xef, 0xff, 0xff, 0xff, 0x00, 0x00, 0x2f, 0xf4, 0x91, 0x00, 0x00, 0xff, 0xdf, 0xfd, 0xff, 0x00, 0x00, 0x2f, 0xf8,
    0xf7, 0x00, 0x02, 0xfb, 0x09, 0xf0, 0xcf, 0x00, 0x00, 0x2f, 0xf2, 0xfd, 0x00, 0x05, 0xf8, 0x09, 0xf0, 0xcf, 0x00, 0x24,
    0x7f, 0xfb, 0xff, 0x40, 0x08, 0xf5, 0x09, 0xf0, 0xcf, 0x8f, 0xff, 0xff, 0xff, 0xff, 0x90, 0x0d, 0xf2, 0x09, 0xf9, 0xfe,
    0x6f, 0xfd, 0xb9, 0x75, 0x5f, 0xd0, 0x1b, 0xa0, 0x04, 0x77, 0xe6, 0x12, 0x00, 0x00, 0x00, 0x0d, 0x90, 0x00, 0x10, 0x00,
    0x00, 0x00, 0x00, 0x00, 0x00, 0x00, 0x00, 0x00, 0x00, 0x00, 0x40, 0x00, 0x00, 0x00, 0x01, 0xcc, 0x10, 0x00, 0x00, 0x00,
    0x0b, 0xf8, 0x00, 0x00, 0x00, 0x02, 0xff, 0x10, 0x00, 0x00, 0x00, 0x08, 0xff, 0xa0, 0x00, 0x00, 0x02, 0xff, 0x10, 0x00,
    0x00, 0x00, 0x00, 0x7f, 0xf9, 0x00, 0x00, 0x02, 0xff, 0x00, 0x00, 0x00, 0x00, 0x00, 0x07, 0xe2, 0x00, 0x00, 0x02, 0xff,
    0x00, 0x00, 0x00, 0x00, 0x00, 0x00, 0x10, 0x00, 0x00, 0x03, 0xfe, 0x00, 0x00, 0x00, 0x00, 0x00, 0x00, 0x00, 0x00, 0x00,
    0x04, 0xff, 0x00, 0x00, 0x00, 0x1f, 0xff, 0xff, 0x90, 0x00, 0x00, 0x05, 0xff, 0x10, 0x00, 0x00, 0x1f, 0xff, 0xff, 0x90,
    0x00, 0x00, 0x06, 0xff, 0x30, 0x00, 0x00, 0x02, 0x22, 0xaf, 0x90, 0x00, 0x00, 0x08, 0xff, 0x60, 0x00, 0x00, 0x00, 0x00,
    0x8f, 0x90, 0x00, 0x00, 0x0b, 0xff, 0x90, 0x00, 0x00, 0x00, 0x00, 0x8f, 0x90, 0x00, 0x00, 0x0e, 0xff, 0xd0, 0x00, 0x00,
    0x00, 0x00, 0x8f, 0x90, 0x00, 0x00, 0x3f, 0xfd, 0xf3, 0x00, 0x00, 0x00, 0x00, 0x8f, 0x90, 0x00, 0x00, 0x9f, 0xb8, 0xf9,
    0x00, 0x00, 0x00, 0x00, 0x8f, 0x90, 0x72, 0x01, 0xef, 0x63, 0xfe, 0x20, 0x00, 0x00, 0x00, 0x8f, 0xcc, 0xf8, 0x09, 0xfe,
    0x10, 0xcf, 0x90, 0x00, 0x00, 0x00, 0xaf, 0xff, 0xd3, 0x4f, 0xf7, 0x00, 0x4f, 0xf4, 0x00, 0x00, 0x01, 0xff, 0xf9, 0x13,
    0xef, 0xd0, 0x00, 0x0a, 0xfe, 0x30, 0x00, 0x0a, 0xff, 0x40, 0x5e, 0xfe, 0x20, 0x00, 0x01, 0xdf, 0xe5, 0x00, 0x01, 0xf2,
    0x00, 0x4e, 0xe4, 0x00, 0x00, 0x00, 0x3e, 0xe4, 0x00, 0x00, 0x00, 0x00, 0x04, 0x30, 0x00, 0x00, 0x00, 0x02, 0x40, 0x00,
    0x00, 0x00, 0x00, 0x00, 0x00, 0x00, 0x00, 0x00, 0x00, 0x00, 0x00, 0x07, 0x50, 0x00, 0x00, 0x00, 0xaf, 0x90, 0x00, 0x00,
    0x00, 0x00, 0x3f, 0xf6, 0x00, 0x00, 0x00, 0xaf, 0x90, 0x00, 0x00, 0x00, 0x00, 0x07, 0xff, 0x60, 0x00, 0x00, 0xaf, 0x90,
    0x00, 0x00, 0x00, 0x00, 0x00, 0x8f, 0xd0, 0x00, 0x00, 0xaf, 0x90, 0x00, 0x00, 0x00, 0x00, 0x00, 0x09, 0x30, 0x00, 0x00,
    0xaf, 0x90, 0x00, 0x00, 0x00, 0x00, 0x00, 0x00, 0x00, 0x00, 0x00, 0xaf, 0x90, 0x00, 0x00, 0x00, 0x15, 0x55, 0xb6, 0x00,
    0x00, 0x00, 0xaf, 0xc2, 0x22, 0x21, 0x00, 0x4f, 0xff, 0xff, 0x00, 0x00, 0x00, 0xaf, 0xff, 0xff, 0xf6, 0x00, 0x3c, 0xcc,
    0xff, 0x00, 0x00, 0x00, 0xaf, 0xff, 0xff, 0xf6, 0x00, 0x00, 0x00, 0xff, 0x00, 0x00, 0x00, 0xaf, 0x90, 0x00, 0x00, 0x00,
    0x00, 0x00, 0xff, 0x00, 0x00, 0x00, 0xaf, 0x90, 0x00, 0x00, 0x00, 0x00, 0x00, 0xff, 0x00, 0x00, 0x00, 0xaf, 0x90, 0x00,
    0x00, 0x00, 0x00, 0x00, 0xff, 0x00, 0x00, 0x00, 0xaf, 0x90, 0x00, 0x00, 0x00, 0x00, 0x00, 0xff, 0x02, 0x30, 0x00, 0xaf,
    0x90, 0x00, 0x00, 0x00, 0x00, 0x00, 0xff, 0x5e, 0xa0, 0x00, 0xaf, 0x90, 0x00, 0x00, 0x00, 0x00, 0x00, 0xff, 0xff, 0x70,
    0x00, 0xaf, 0x90, 0x00, 0x00, 0x00, 0x00, 0x06, 0xff, 0xe5, 0x00, 0x00, 0xaf, 0x90, 0x00, 0x00, 0x00, 0x00, 0x1f, 0xff,
    0x3c, 0xff, 0xff, 0xff, 0xff, 0xff, 0xff, 0xe0, 0x00, 0x3f, 0xf1, 0x0c, 0xff, 0xff, 0xff, 0xff, 0xff, 0xff, 0xe0, 0x00,
    0x03, 0x10, 0x02, 0x33, 0x33, 0x33, 0x33, 0x33, 0x33, 0x20, 0x00, 0x00, 0x00, 0x00, 0x00, 0x00, 0x00, 0x00, 0x00, 0x00,
    0x00, 0x00, 0x0a, 0xb1, 0x00, 0x01, 0x11, 0x11, 0x11, 0x11, 0x11, 0x00, 0x00, 0x2e, 0xfc, 0x20, 0x0b, 0xff, 0xff, 0xff,
    0xff, 0xff, 0x00, 0x00, 0x02, 0xdf, 0xd2, 0x0b, 0xff, 0xff, 0xff, 0xff, 0xff, 0x00, 0x00, 0x00, 0x2e, 0xf6, 0x01, 0x11,
    0x11, 0x11, 0x13, 0xff, 0x00, 0x00, 0x00, 0x03, 0x70, 0x00, 0x00, 0x00, 0x00, 0x02, 0xff, 0x00, 0x00, 0x00, 0x00, 0x00,
    0x00, 0x00, 0x00, 0x00, 0x02, 0xff, 0x00, 0x0c, 0xcc, 0xff, 0x70, 0x00, 0x00, 0x00, 0x00, 0x02, 0xff, 0x00, 0x0e, 0xff,
    0xff, 0x90, 0x00, 0x00, 0x00, 0x00, 0x02, 0xff, 0x00, 0x05, 0x55, 0xef, 0x90, 0x04, 0xff, 0xff, 0xff, 0xff, 0xff, 0x00,
    0x00, 0x00, 0x9f, 0x90, 0x04, 0xff, 0xff, 0xff, 0xff, 0xff, 0x00, 0x00, 0x00, 0x9f, 0x90, 0x04, 0xff, 0x22, 0x22, 0x24,
    0xff, 0x00, 0x00, 0x00, 0x9f, 0x90, 0x04, 0xff, 0x00, 0x00, 0x00, 0x33, 0x00, 0x00, 0x00, 0x9f, 0x90, 0x04, 0xff, 0x00,
    0x00, 0x00, 0x00, 0x00, 0x00, 0x00, 0x9f, 0x90, 0x04, 0xff, 0x00, 0x00, 0x00, 0x00, 0x00, 0x00, 0x00, 0x9f, 0x92, 0x74,
    0xff, 0x00, 0x00, 0x00, 0x08, 0x50, 0x00, 0x00, 0x9f, 0xee, 0xe5, 0xff, 0x00, 0x00, 0x00, 0x0c, 0xf6, 0x00, 0x00, 0xbf,
    0xff, 0xb5, 0xff, 0x00, 0x00, 0x00, 0x0e, 0xf4, 0x00, 0x01, 0xff, 0xf8, 0x03, 0xff, 0x52, 0x22, 0x22, 0x6f, 0xf1, 0x00,
    0x07, 0xff, 0x40, 0x01, 0xef, 0xff, 0xff, 0xff, 0xff, 0xb0, 0x00, 0x00, 0xf2, 0x00, 0x00, 0x4c, 0xef, 0xff, 0xff, 0xeb,
    0x20, 0x00, 0x00, 0x00, 0x00, 0x00, 0x00, 0x00, 0x00, 0x00, 0x00, 0x00, 0x00, 0x04, 0x00, 0x00, 0x00, 0x00, 0x00, 0x01,
    0x49, 0x60, 0x00, 0x00, 0x7f, 0xa1, 0x00, 0x00, 0x02, 0x58, 0xcf, 0xff, 0xf7, 0x00, 0x00, 0x5f, 0xfc, 0x20, 0x01, 0xff,
    0xff, 0xff, 0xda, 0x51, 0x00, 0x00, 0x03, 0xef, 0xe3, 0x01, 0xff, 0xc8, 0x52, 0x00, 0x00, 0x00, 0x00, 0x00, 0x3e, 0xe2,
    0x01, 0xff, 0x20, 0x00, 0x00, 0x00, 0x00, 0x00, 0x00, 0x03, 0x30, 0x01, 0xff, 0x20, 0x00, 0x00, 0x00, 0x00, 0x00, 0x00,
    0x00, 0x00, 0x01, 0xff, 0x42, 0x22, 0x22, 0x22, 0x20, 0x4f, 0xff, 0xff, 0x10, 0x01, 0xff, 0xff, 0xff, 0xff, 0xff, 0xc0,
    0x4f, 0xff, 0xff, 0x10, 0x01, 0xff, 0xfe, 0xef, 0xff, 0xee, 0xb0, 0x02, 0x22, 0xff, 0x10, 0x01, 0xff, 0x10, 0x0f, 0xf2,
    0x00, 0x00, 0x00, 0x00, 0xff, 0x10, 0x02, 0xff, 0x10, 0x0f, 0xf2, 0x00, 0x00, 0x00, 0x00, 0xff, 0x10, 0x03, 0xff, 0x3a,
    0x3f, 0xf2, 0x00, 0x00, 0x00, 0x00, 0xff, 0x10, 0x05, 0xfd, 0xcf, 0xff, 0xf2, 0x00, 0x00, 0x00, 0x00, 0xff, 0x10, 0x06,
    0xfb, 0x19, 0xff, 0xfc, 0x20, 0x00, 0x00, 0x00, 0xff, 0x14, 0x39, 0xf9, 0x00, 0x2f, 0xff, 0xf8, 0x00, 0x00, 0x00, 0xff,
    0x6f, 0xac, 0xf6, 0x00, 0x0f, 0xff, 0xff, 0x80, 0x00, 0x00, 0xff, 0xff, 0xcf, 0xf3, 0x00, 0x0f, 0xf2, 0x7e, 0x10, 0x00,
    0x02, 0xff, 0xf8, 0x8f, 0xd0, 0x00, 0x0f, 0xf2, 0x01, 0x00, 0x00, 0x0d, 0xff, 0x61, 0xef, 0x80, 0x00, 0x0f, 0xf2, 0x00,
    0x00, 0x00, 0x0f, 0xf5, 0x08, 0xff, 0x20, 0x00, 0x0f, 0xf2, 0x00, 0x00, 0x00, 0x02, 0x70, 0x00, 0x78, 0x00, 0x00, 0x0f,
    0xf2, 0x00, 0x00, 0x00, 0x00, 0x00, 0x00, 0x00, 0x00, 0x00, 0x00, 0x00, 0x00, 0x00, 0x00, 0x01, 0x00, 0x00, 0x00, 0x00,
    0x00, 0x27, 0x60, 0x20, 0x00, 0x00, 0x2d, 0xa1, 0x00, 0x00, 0x00, 0x00, 0x5f, 0xe6, 0xf8, 0x00, 0x00, 0x3e, 0xfc, 0x10,
    0x00, 0x00, 0x00, 0x4f, 0xe1, 0xdf, 0x50, 0x00, 0x02, 0xdf, 0xd1, 0x00, 0x00, 0x00, 0x4f, 0xf0, 0x3f, 0xc0, 0x00, 0x00,
    0x2e, 0x81, 0x66, 0x66, 0x66, 0x9f, 0xf6, 0x6a, 0x61, 0x00, 0x00, 0x02, 0x04, 0xff, 0xff, 0xff, 0xff, 0xff, 0xff, 0xf4,
    0x00, 0x00, 0x00, 0x03, 0xaa, 0xaa, 0xaa, 0xdf, 0xfb, 0xaa, 0xa3, 0x0e, 0xff, 0xff, 0x00, 0x00, 0x00, 0x00, 0x2f, 0xf1,
    0x00, 0x00, 0x0e, 0xff, 0xff, 0x00, 0x00, 0x00, 0x00, 0x1f, 0xf2, 0x00, 0x00, 0x02, 0x24, 0xff, 0x00, 0x44, 0x44, 0x43,
    0x0f, 0xf3, 0x00, 0x00, 0x00, 0x02, 0xff, 0x00, 0xff, 0xff, 0xfd, 0x0e, 0xf4, 0x00, 0x00, 0x00, 0x02, 0xff, 0x00, 0xcc,
    0xff, 0xdb, 0x0c, 0xf5, 0x00, 0x00, 0x00, 0x02, 0xff, 0x00, 0x00, 0xff, 0x00, 0x0b, 0xf7, 0x00, 0x00, 0x00, 0x02, 0xff,
    0x00, 0x00, 0xff, 0x00, 0x09, 0xf9, 0x00, 0x00, 0x00, 0x02, 0xff, 0x00, 0x00, 0xff, 0x00, 0x07, 0xfb, 0x01, 0x00, 0x00,
    0x02, 0xff, 0x07, 0x00, 0xff, 0x00, 0x15, 0xfe, 0x05, 0x91, 0x00, 0x02, 0xff, 0xcf, 0x30, 0xff, 0x9d, 0xe1, 0xff, 0x26,
    0xf6, 0x00, 0x05, 0xff, 0xfe, 0xac, 0xff, 0xff, 0xe1, 0xdf, 0x89, 0xf4, 0x00, 0x1f, 0xff, 0x83, 0xff, 0xfc, 0x84, 0x00,
    0x8f, 0xff, 0xe1, 0x00, 0x0f, 0xf5, 0x00, 0x96, 0x20, 0x00, 0x00, 0x1e, 0xff, 0xa0, 0x00, 0x05, 0x20, 0x00, 0x00, 0x00,
    0x00, 0x00, 0x04, 0xdc, 0x20, 0x00, 0x01, 0x00, 0x00, 0x00, 0x00, 0x09, 0x91, 0x00, 0x00, 0x00, 0x00, 0x5e, 0x40, 0x00,
    0x00, 0x00, 0x0f, 0xf2, 0x00, 0x00, 0x00, 0x00, 0x8f, 0xf5, 0x00, 0xef, 0xff, 0xff, 0xff, 0xff, 0xff, 0x40, 0x00, 0x08,
    0xff, 0x40, 0x99, 0x99, 0x9f, 0xfc, 0x99, 0x99, 0x20, 0x00, 0x00, 0x8f, 0x50, 0x25, 0x55, 0x5f, 0xf7, 0x55, 0x53, 0x00,
    0x00, 0x00, 0x04, 0x00, 0x5f, 0xff, 0xff, 0xff, 0xff, 0xf8, 0x00, 0x00, 0x00, 0x00, 0x00, 0x12, 0x22, 0x2f, 0xf4, 0x22,
    0x21, 0x00, 0x3e, 0xef, 0xff, 0x07, 0xbb, 0xbb, 0xbf, 0xfe, 0xbb, 0xbb, 0xa0, 0x3f, 0xff, 0xff, 0x09, 0xff, 0xff, 0xff,
    0xff, 0xff, 0xff, 0xe0, 0x15, 0x59, 0xfe, 0x01, 0x11, 0x11, 0x11, 0x11, 0x11, 0x11, 0x10, 0x00, 0x04, 0xfd, 0x00, 0x0a,
    0xff, 0xff, 0xff, 0xff, 0xf9, 0x00, 0x00, 0x04, 0xfd, 0x00, 0x0a, 0xfe, 0xdd, 0xdd, 0xdf, 0xf9, 0x00, 0x00, 0x04, 0xfd,
    0x00, 0x0a, 0xfb, 0x00, 0x00, 0x0b, 0xf9, 0x00, 0x00, 0x04, 0xfd, 0x00, 0x0a, 0xff, 0xff, 0xff, 0xff, 0xf9, 0x00, 0x00,
    0x04, 0xfd, 0x03, 0x0a, 0xff, 0x77, 0x77, 0x7f, 0xf9, 0x00, 0x00, 0x04, 0xfd, 0x7e, 0x1a, 0xfb, 0x00, 0x00, 0x0b, 0xf9,
    0x00, 0x00, 0x04, 0xff, 0xff, 0x3a, 0xff, 0xff, 0xff, 0xff, 0xf9, 0x00, 0x00, 0x07, 0xff, 0xe4, 0x0a, 0xff, 0x88, 0x88,
    0x8f, 0xf9, 0x00, 0x00, 0x1f, 0xff, 0x30, 0x0a, 0xfb, 0x00, 0x00, 0x0b, 0xf9, 0x00, 0x00, 0x0f, 0xf2, 0x00, 0x0a, 0xfb,
    0x00, 0x5e, 0xdf, 0xf7, 0x00, 0x00, 0x06, 0x20, 0x00, 0x0a, 0xfb, 0x00, 0x1e, 0xed, 0xa1, 0x00, 0x00, 0x00, 0x00, 0x00,
    0x02, 0x86, 0x10, 0x00, 0x00, 0x77, 0x00, 0x01, 0xc8, 0x00, 0x00, 0x06, 0xfe, 0x10, 0x00, 0x00, 0xff, 0x00, 0x02, 0xef,
    0x50, 0x00, 0x0a, 0xf9, 0x00, 0x00, 0x00, 0xff, 0x00, 0x00, 0x4f, 0xe2, 0x0f, 0xff, 0xff, 0xfd, 0x00, 0x00, 0xff, 0x00,
    0x00, 0x07, 0xf9, 0x0f, 0xfe, 0xfd, 0xfd, 0x00, 0x00, 0xff, 0x00, 0x00, 0x00, 0x81, 0x0f, 0xf0, 0x00, 0xfd, 0x7b, 0xbb,
    0xff, 0xb3, 0x00, 0x00, 0x00, 0x0f, 0xff, 0xff, 0xff, 0x9f, 0xff, 0xff, 0xf4, 0x3a, 0xaf, 0xe0, 0x0f, 0xf8, 0x88, 0xfe,
    0x24, 0x44, 0xff, 0x41, 0x5f, 0xff, 0xf0, 0x0f, 0xf0, 0x00, 0xfd, 0x01, 0x00, 0xff, 0x00, 0x38, 0x8f, 0xf0, 0x0f, 0xff,
    0xff, 0xff, 0x8f, 0x20, 0xff, 0x00, 0x00, 0x0f, 0xe0, 0x0f, 0xf8, 0x88, 0xfe, 0x4f, 0x90, 0xff, 0x00, 0x00, 0x0f, 0xe0,
    0x1f, 0xf1, 0x11, 0xfd, 0x0e, 0xe0, 0xff, 0x00, 0x00, 0x0f, 0xe2, 0xff, 0xff, 0xff, 0xff, 0x0a, 0xf3, 0xff, 0x00, 0x00,
    0x0f, 0xe1, 0xcc, 0xcc, 0xff, 0xfe, 0x06, 0xf6, 0xff, 0x00, 0x00, 0x0f, 0xe0, 0x00, 0x04, 0xfe, 0xfd, 0x01, 0x10, 0xff,
    0x00, 0x00, 0x0f, 0xe4, 0x60, 0x2e, 0xf5, 0xfd, 0x00, 0x00, 0xff, 0x00, 0x00, 0x0f, 0xff, 0xa1, 0xdf, 0x90, 0xfd, 0x00,
    0x00, 0xff, 0x00, 0x00, 0x3f, 0xfe, 0x5c, 0xfb, 0x00, 0xfd, 0x00, 0x00, 0xff, 0x00, 0x00, 0xef, 0xf5, 0xef, 0xb1, 0x00,
    0xfd, 0x00, 0x01, 0xff, 0x00, 0x00, 0xef, 0x20, 0xba, 0x07, 0xdd, 0xfc, 0x07, 0xee, 0xfd, 0x00, 0x00, 0x24, 0x00, 0x10,
    0x03, 0xfe, 0xc4, 0x02, 0xfe, 0xc5, 0x00, 0x00, 0x00, 0x00, 0x00, 0x00, 0x00, 0x00, 0x00, 0x00, 0x00, 0x00, 0x00, 0x00,
    0x04, 0x40, 0x00, 0x00, 0x00, 0x00, 0x00, 0x00, 0x00, 0x00, 0x00, 0x0f, 0xf1, 0x00, 0x01, 0x66, 0x66, 0x66, 0x66, 0x10,
    0x00, 0x00, 0x0f, 0xf1, 0x00, 0x02, 0xff, 0xff, 0xff, 0xff, 0x10, 0x07, 0xff, 0xff, 0xff, 0xff, 0x81, 0x99, 0x99, 0x99,
    0xff, 0x10, 0x06, 0xee, 0xef, 0xff, 0xee, 0x70, 0x00, 0x00, 0x00, 0xff, 0x10, 0x00, 0x00, 0x0f, 0xf1, 0x00, 0x00, 0x00,
    0x00, 0x00, 0xff, 0x10, 0x01, 0x11, 0x1f, 0xf3, 0x11, 0x10, 0x00, 0x00, 0x00, 0xff, 0x10, 0x0f, 0xff, 0xff, 0xff, 0xff,
    0xf1, 0xdf, 0xfe, 0xef, 0xff, 0x10, 0x0d, 0xdd, 0xdf, 0xff, 0xdd, 0xd1, 0xdf, 0xff, 0xff, 0xff, 0x10, 0x00, 0x00, 0x08,
    0xf8, 0x00, 0x00, 0xdf, 0x20, 0x00, 0x88, 0x10, 0x00, 0x76, 0x08, 0xf8, 0x00, 0x00, 0xdf, 0x20, 0x00, 0x00, 0x00, 0x01,
    0xff, 0x08, 0xf8, 0x00, 0x00, 0xdf, 0x20, 0x00, 0x00, 0x00, 0x02, 0xfe, 0x08, 0xff, 0xff, 0xd0, 0xdf, 0x20, 0x00, 0x05,
    0x20, 0x02, 0xff, 0x08, 0xff, 0xee, 0xc0, 0xdf, 0x20, 0x00, 0x0a, 0xf4, 0x03, 0xff, 0x28, 0xf8, 0x00, 0x00, 0xdf, 0x30,
    0x00, 0x1d, 0xf2, 0x04, 0xff, 0x88, 0xf8, 0x00, 0x00, 0xbf, 0xff, 0xff, 0xff, 0xd0, 0x06, 0xff, 0xfa, 0xf8, 0x00, 0x00,
    0x3c, 0xff, 0xff, 0xfd, 0x40, 0x08, 0xff, 0xff, 0xf8, 0x00, 0x00, 0x00, 0x00, 0x00, 0x00, 0x00, 0x0c, 0xf6, 0xbf, 0xff,
    0x74, 0x32, 0x22, 0x22, 0x22, 0x22, 0x21, 0x1f, 0xf2, 0x09, 0xff, 0xff, 0xff, 0xff, 0xff, 0xff, 0xff, 0xf3, 0x6f, 0xd0,
    0x00, 0x27, 0xbd, 0xef, 0xff, 0xff, 0xff, 0xff, 0xd0, 0x05, 0x60, 0x00, 0x00, 0x00, 0x00, 0x00, 0x00, 0x00, 0x00, 0x00,
    0x00, 0x00, 0x16, 0x50, 0x00, 0x00, 0x00, 0x00, 0x00, 0x00, 0x00, 0x00, 0x00, 0x2f, 0xc0, 0x00, 0x0b, 0xbb, 0xbb, 0xbb,
    0xff, 0x70, 0x00, 0x00, 0x2f, 0xc0, 0x00, 0x0f, 0xff, 0xff, 0xff, 0xff, 0x90, 0x07, 0xff, 0xff, 0xff, 0xff, 0x15, 0x58,
    0xff, 0x55, 0xcf, 0x80, 0x07, 0xee, 0xff, 0xfe, 0xee, 0x10, 0x07, 0xf9, 0x00, 0x8f, 0x80, 0x00, 0x00, 0x2f, 0xc0, 0x00,
    0x00, 0x1e, 0xf4, 0x00, 0xaf, 0x60, 0x00, 0x00, 0x2f, 0xc0, 0x00, 0x00, 0xaf, 0xd1, 0x11, 0xdf, 0x40, 0x0d, 0xdd, 0xff,
    0xfd, 0xdd, 0xcc, 0xff, 0x32, 0xff, 0xff, 0x10, 0x0e, 0xff, 0xff, 0xff, 0xff, 0xed, 0xe5, 0x00, 0x9a, 0x93, 0x00, 0x00,
    0x00, 0x0d, 0xf2, 0x00, 0x01, 0x63, 0x33, 0x33, 0x33, 0x00, 0x00, 0x77, 0x1d, 0xf2, 0x00, 0x01, 0xff, 0xff, 0xff, 0xff,
    0x20, 0x00, 0xef, 0x1d, 0xf2, 0x00, 0x01, 0xff, 0xbb, 0xbb, 0xff, 0x20, 0x00, 0xef, 0x0d, 0xff, 0xff, 0x41, 0xff, 0x00,
    0x00, 0xff, 0x20, 0x00, 0xff, 0x0d, 0xff, 0xee, 0x41, 0xff, 0x00, 0x00, 0xff, 0x20, 0x00, 0xff, 0x3d, 0xf2, 0x00, 0x01,
    0xff, 0x00, 0x00, 0xff, 0x20, 0x02, 0xff, 0x9d, 0xf2, 0x00, 0x01, 0xff, 0xff, 0xff, 0xff, 0x20, 0x03, 0xff, 0xff, 0xf2,
    0x00, 0x01, 0xdd, 0xdd, 0xdd, 0xdd, 0x20, 0x06, 0xfe, 0xff, 0xf2, 0x00, 0x00, 0x00, 0x00, 0x00, 0x00, 0x00, 0x0a, 0xf7,
    0xaf, 0xfc, 0x74, 0x32, 0x22, 0x22, 0x22, 0x22, 0x21, 0x1e, 0xf3, 0x08, 0xff, 0xff, 0xff, 0xff, 0xff, 0xff, 0xff, 0xf3,
    0x4e, 0xd0, 0x00, 0x27, 0xbd, 0xef, 0xff, 0xff, 0xff, 0xff, 0xd0, 0x01, 0x40, 0x00, 0x00, 0x00, 0x00, 0x00, 0x00, 0x00,
    0x00, 0x00, 0x00, 0xdd, 0xdd, 0xdd, 0xdb, 0x3d, 0xfd, 0xdd, 0xdd, 0xdd, 0x20, 0x00, 0xff, 0xff, 0xff, 0xfc, 0x4f, 0xff,
    0xff, 0xff, 0xff, 0x30, 0x00, 0xfe, 0x00, 0x06, 0xfc, 0x4f, 0xe1, 0x11, 0x11, 0xdf, 0x30, 0x00, 0xfe, 0x00, 0x06, 0xfc,
    0x4f, 0xd0, 0x00, 0x00, 0xdf, 0x30, 0x00, 0xfe, 0x00, 0x06, 0xfc, 0x4f, 0xfe, 0xee, 0xee, 0xff, 0x30, 0x00, 0xff, 0xee,
    0xee, 0xfc, 0x4f, 0xfc, 0xcc, 0xcc, 0xff, 0x30, 0x00, 0xff, 0xff, 0xff, 0xfc, 0x4f, 0xd0, 0x00, 0x00, 0xdf, 0x30, 0x00,
    0x00, 0x0d, 0xf1, 0x00, 0x4f, 0xd0, 0x00, 0x00, 0xdf, 0x30, 0x00, 0x00, 0x0d, 0xf1, 0x00, 0x4f, 0xfd, 0xdd, 0xdd, 0xff,
    0x30, 0x00, 0xfb, 0x0d, 0xf3, 0x21, 0x4f, 0xff, 0xff, 0xff, 0xff, 0x30, 0x00, 0xfc, 0x0e, 0xff, 0xfc, 0x4f, 0xf2, 0x7f,
    0x92, 0x23, 0x20, 0x00, 0xfc, 0x0e, 0xfd, 0xda, 0x4f, 0xd0, 0x1f, 0xb0, 0x1c, 0xb0, 0x00, 0xfc, 0x0d, 0xf1, 0x00, 0x4f,
    0xd0, 0x0b, 0xf4, 0xdf, 0xc1, 0x00, 0xfc, 0x0d, 0xf1, 0x00, 0x4f, 0xd0, 0x06, 0xff, 0xfa, 0x10, 0x00, 0xfc, 0x0d, 0xf1,
    0x01, 0x4f, 0xd0, 0x01, 0xef, 0x80, 0x00, 0x00, 0xfc, 0x0f, 0xfa, 0xdd, 0x4f, 0xd0, 0x00, 0x8f, 0xc1, 0x00, 0x04, 0xff,
    0xef, 0xff, 0xfd, 0x4f, 0xe4, 0x7a, 0x5d, 0xfc, 0x10, 0x0e, 0xff, 0xfd, 0x96, 0x20, 0xdf, 0xff, 0xff, 0x64, 0xff, 0xe4,
    0x09, 0x96, 0x20, 0x00, 0x01, 0xff, 0xfd, 0x95, 0x10, 0x5e, 0xd1, 0x00, 0x00, 0x00, 0x00, 0x00, 0x77, 0x20, 0x00, 0x00,
    0x03, 0x30, 0x00, 0x01, 0x74, 0x00, 0x00, 0x00, 0x01, 0x86, 0x20, 0x00, 0x00, 0x00, 0x03, 0xfd, 0x00, 0x00, 0x00, 0x06,
    0xff, 0x40, 0x00, 0x00, 0x02, 0x27, 0xfb, 0x22, 0x20, 0x00, 0x1e, 0xff, 0xa0, 0x00, 0x00, 0x0f, 0xff, 0xff, 0xff, 0xf0,
    0x00, 0x8f, 0xff, 0xf5, 0x00, 0x00, 0x0f, 0xff, 0xff, 0xff, 0xf0, 0x03, 0xff, 0x9a, 0xfe, 0x30, 0x00, 0x00, 0x1f, 0xd0,
    0x00, 0x00, 0x2e, 0xfe, 0x11, 0xef, 0xd2, 0x00, 0x00, 0x5f, 0x94, 0x30, 0x01, 0xdf, 0xf4, 0x00, 0x4f, 0xfd, 0x20, 0x00,
    0x9f, 0x5f, 0xd0, 0x2d, 0xff, 0x80, 0x00, 0x08, 0xff, 0xd3, 0x00, 0xee, 0x1f, 0xd0, 0x9f, 0xff, 0xa2, 0x00, 0x00, 0xaf,
    0xf6, 0x06, 0xf8, 0x1f, 0xd0, 0x1e, 0x9f, 0xf2, 0x00, 0x00, 0x1a, 0xa0, 0x0f, 0xff, 0xff, 0xff, 0xe3, 0x0f, 0xf2, 0x00,
    0x2b, 0xa0, 0x10, 0x0c, 0xff, 0xff, 0xff, 0xe0, 0x0f, 0xf2, 0x17, 0xef, 0xf6, 0x00, 0x01, 0x10, 0x1f, 0xd0, 0x00, 0x0f,
    0xf8, 0xdf, 0xfc, 0x50, 0x00, 0x00, 0x00, 0x1f, 0xd0, 0x00, 0x0f, 0xff, 0xfc, 0x50, 0x00, 0x00, 0x00, 0x13, 0x6f, 0xfc,
    0xe4, 0x0f, 0xfc, 0x40, 0x00, 0x00, 0x00, 0x2e, 0xff, 0xff, 0xff, 0xc3, 0x0f, 0xf2, 0x00, 0x00, 0x08, 0x20, 0x0e, 0xda,
    0x9f, 0xf0, 0x00, 0x0f, 0xf2, 0x00, 0x00, 0x1f, 0xf0, 0x00, 0x00, 0x1f, 0xd0, 0x00, 0x0f, 0xf4, 0x00, 0x00, 0x6f, 0xd0,
    0x00, 0x00, 0x1f, 0xd0, 0x00, 0x0c, 0xff, 0xff, 0xff, 0xff, 0x80, 0x00, 0x00, 0x1f, 0xd0, 0x00, 0x03, 0xce, 0xff, 0xff,
    0xea, 0x10, 0x00, 0x00, 0x1f, 0xd0, 0x00, 0x00, 0x00, 0x00, 0x00, 0x00, 0x00, 0x00, 0x00, 0x74, 0x00, 0x00, 0x00, 0x00,
    0x00, 0x00, 0x00, 0x00, 0x00, 0x02, 0xfe, 0x00, 0x00, 0x67, 0x77, 0x77, 0x77, 0xc2, 0x00, 0x01, 0x17, 0xfc, 0x11, 0x11,
    0xdf, 0xff, 0xff, 0xff, 0xfb, 0x00, 0x0f, 0xff, 0xff, 0xff, 0xf6, 0x88, 0x88, 0x88, 0x9f, 0xf5, 0x00, 0x0f, 0xff, 0xff,
    0xff, 0xf6, 0x00, 0x00, 0x00, 0xaf, 0xa0, 0x00, 0x00, 0x1f, 0xe0, 0x00, 0x00, 0x00, 0x00, 0x08, 0xfd, 0x10, 0x00, 0x00,
    0x5f, 0xa3, 0x40, 0x00, 0x00, 0x01, 0xdf, 0xe3, 0x00, 0x00, 0x00, 0xaf, 0x5d, 0xf2, 0x00, 0x00, 0x4f, 0xff, 0xe4, 0x00,
    0x00, 0x01, 0xee, 0x1d, 0xf2, 0x00, 0x29, 0xff, 0xff, 0xff, 0xb3, 0x00, 0x07, 0xf9, 0x0d, 0xf2, 0x09, 0xff, 0xf8, 0x00,
    0x6d, 0xff, 0x70, 0x0f, 0xff, 0xff, 0xff, 0xf7, 0xf9, 0x20, 0x00, 0x01, 0x7e, 0x30, 0x0b, 0xff, 0xff, 0xff, 0xf3, 0x55,
    0x55, 0x55, 0x55, 0x55, 0x00, 0x01, 0x10, 0x0d, 0xf2, 0x00, 0xdf, 0xff, 0xff, 0xff, 0xfd, 0x00, 0x00, 0x00, 0x0d, 0xf2,
    0x01, 0xac, 0xcc, 0xff, 0xec, 0xca, 0x00, 0x00, 0x13, 0x6f, 0xff, 0xf5, 0x00, 0x00, 0xff, 0x20, 0x00, 0x00, 0x2e, 0xff,
    0xff, 0xff, 0xe5, 0x00, 0x00, 0xff, 0x20, 0x00, 0x00, 0x0e, 0xfd, 0xaf, 0xf3, 0x00, 0x00, 0x00, 0xff, 0x20, 0x00, 0x00,
    0x02, 0x10, 0x0d, 0xf2, 0x00, 0x00, 0x00, 0xff, 0x20, 0x00, 0x00, 0x00, 0x00, 0x0d, 0xf2, 0x0b, 0xbb, 0xbb, 0xff, 0xeb,
    0xbb, 0xa0, 0x00, 0x00, 0x0d, 0xf2, 0x0f, 0xff, 0xff, 0xff, 0xff, 0xff, 0xd0, 0x00, 0x00, 0x0d, 0xf2, 0x0f, 0xff, 0xff,
    0xff, 0xff, 0xff, 0xd0, 0x00, 0x02, 0x63, 0x00, 0x00, 0x00, 0x00, 0x63, 0x00, 0x00, 0x00, 0x00, 0x06, 0xfa, 0x00, 0x00,
    0x00, 0x05, 0xff, 0x10, 0x00, 0x00, 0x00, 0x08, 0xf7, 0x00, 0x00, 0x00, 0x4f, 0xff, 0x80, 0x00, 0x00, 0x0b, 0xff, 0xff,
    0xff, 0x80, 0x06, 0xff, 0x9e, 0xfa, 0x10, 0x00, 0x0b, 0xff, 0xff, 0xff, 0x81, 0x8f, 0xf6, 0x02, 0xdf, 0xd5, 0x00, 0x00,
    0x1f, 0xc0, 0x00, 0x5d, 0xfe, 0x50, 0x00, 0x1b, 0xff, 0xc4, 0x00, 0x4f, 0x87, 0x60, 0xcf, 0xff, 0xff, 0xff, 0xff, 0xfe,
    0xe3, 0x00, 0x8f, 0x4f, 0xd0, 0x37, 0x7d, 0xdd, 0xdd, 0xdd, 0xd1, 0x40, 0x00, 0xce, 0x0f, 0xd0, 0x05, 0x55, 0x58, 0x50,
    0x00, 0x08, 0x60, 0x03, 0xff, 0x8f, 0xf8, 0x3f, 0xff, 0xff, 0xf1, 0xec, 0x1f, 0xa0, 0x0c, 0xff, 0xff, 0xff, 0x6f, 0xe3,
    0x3d, 0xf1, 0xec, 0x1f, 0xa0, 0x07, 0xf7, 0x7f, 0xf7, 0x3f, 0xf6, 0x6f, 0xf1, 0xec, 0x1f, 0xa0, 0x00, 0x00, 0x0f, 0xd0,
    0x0f, 0xff, 0xff, 0xf1, 0xec, 0x1f, 0xa0, 0x00, 0x00, 0x0f, 0xf6, 0x4f, 0xf3, 0x3d, 0xf1, 0xec, 0x1f, 0xa0, 0x02, 0x58,
    0xbf, 0xff, 0x7f, 0xf6, 0x6f, 0xf1, 0xec, 0x1f, 0xa0, 0x0b, 0xff, 0xff, 0xf8, 0x3f, 0xff, 0xff, 0xf1, 0xec, 0x1f, 0xa0,
    0x07, 0xc8, 0x4f, 0xd0, 0x0f, 0xf3, 0x3e, 0xf1, 0xec, 0x1f, 0xa0, 0x00, 0x00, 0x0f, 0xd0, 0x0f, 0xd0, 0x0a, 0xf1, 0x00,
    0x1f, 0xa0, 0x00, 0x00, 0x0f, 0xd0, 0x0f, 0xd0, 0x0a, 0xf1, 0x00, 0x1f, 0xa0, 0x00, 0x00, 0x0f, 0xd0, 0x0f, 0xd1, 0xdf,
    0xf0, 0x7e, 0xef, 0x90, 0x00, 0x00, 0x0f, 0xd0, 0x0e, 0xd0, 0xcd, 0x70, 0x3c, 0xc9, 0x20, 0x00, 0x00, 0x00, 0x00, 0x00,
    0x00, 0x00, 0x00, 0x00, 0x20, 0x00, 0x00, 0x69, 0x00, 0x00, 0x01, 0x23, 0x45, 0x79, 0xbe, 0xfa, 0x00, 0x02, 0xef, 0xa0,
    0x00, 0x3f, 0xff, 0xff, 0xff, 0xff, 0xea, 0x30, 0x00, 0x3e, 0xf9, 0x00, 0x2f, 0xfd, 0xba, 0x86, 0x42, 0x00, 0x00, 0x00,
    0x04, 0xff, 0x50, 0x2f, 0xf1, 0x00, 0x00, 0x00, 0x00, 0x00, 0x00, 0x00, 0x78, 0x00, 0x2f, 0xf1, 0x00, 0x00, 0x00, 0x00,
    0x00, 0x00, 0x00, 0x00, 0x00, 0x2f, 0xf6, 0x44, 0x44, 0x44, 0x44, 0x40, 0x00, 0x00, 0x00, 0x00, 0x3f, 0xff, 0xff, 0xff,
    0xff, 0xff, 0xf0, 0x0d, 0xff, 0xff, 0x00, 0x3f, 0xf7, 0x77, 0x7f, 0xf9, 0x77, 0x70, 0x0d, 0xff, 0xff, 0x00, 0x4f, 0xf0,
    0x00, 0x0f, 0xf2, 0x00, 0x00, 0x02, 0x24, 0xff, 0x00, 0x5f, 0xd0, 0x00, 0x0f, 0xf2, 0x00, 0x00, 0x00, 0x02, 0xff, 0x00,
    0x8f, 0xb0, 0x00, 0x0f, 0xf2, 0x00, 0x00, 0x00, 0x02, 0xff, 0x00, 0xbf, 0x80, 0x00, 0x0f, 0xf2, 0x00, 0x00, 0x00, 0x02,
    0xff, 0x01, 0xef, 0x40, 0x00, 0x0f, 0xf2, 0x00, 0x00, 0x00, 0x02, 0xff, 0x06, 0xff, 0x10, 0x00, 0x0f, 0xf2, 0x00, 0x00,
    0x00, 0x02, 0xff, 0x0d, 0xfa, 0x00, 0x00, 0x0f, 0xf2, 0x00, 0x00, 0x00, 0x3e, 0xff, 0x64, 0xd3, 0x00, 0x00, 0x0f, 0xf2,
    0x00, 0x00, 0x05, 0xef, 0xff, 0xfd, 0x73, 0x00, 0x00, 0x01, 0x11, 0x12, 0x31, 0x1f, 0xfc, 0x13, 0xcf, 0xff, 0xfe, 0xee,
    0xee, 0xff, 0xff, 0xf1, 0x07, 0xd1, 0x00, 0x04, 0xad, 0xff, 0xff, 0xff, 0xff, 0xff, 0xb0, 0x00, 0x20, 0x00, 0x00, 0x00,
    0x02, 0x23, 0x22, 0x21, 0x10, 0x00, 0x00, 0x00, 0x00, 0x00, 0x00, 0x00, 0x00, 0x00, 0x00, 0x12, 0x00, 0x00, 0x5a, 0x10,
    0x00, 0x01, 0x22, 0x45, 0x79, 0xad, 0xff, 0x50, 0x02, 0xef, 0xb0, 0x00, 0x7f, 0xff, 0xff, 0xff, 0xff, 0xfe, 0xb1, 0x00,
    0x3e, 0xfa, 0x00, 0x5f, 0xfc, 0xcb, 0x97, 0x64, 0x20, 0x00, 0x00, 0x04, 0xff, 0x40, 0x5f, 0xd0, 0x00, 0x00, 0x00, 0x00,
    0x00, 0x00, 0x00, 0x63, 0x00, 0x5f, 0xf4, 0x44, 0x44, 0x44, 0x84, 0x10, 0x00, 0x00, 0x00, 0x00, 0x5f, 0xff, 0xff, 0xff,
    0xff, 0xff, 0x70, 0x00, 0x00, 0x00, 0x00, 0x5f, 0xf7, 0x77, 0x77, 0x7d, 0xff, 0x30, 0x0b, 0xff, 0xff, 0x00, 0x6f, 0xc0,
    0x60, 0x00, 0x0d, 0xfd, 0x00, 0x0b, 0xff, 0xff, 0x00, 0x7f, 0xbb, 0xfc, 0x10, 0x5f, 0xf6, 0x00, 0x01, 0x14, 0xff, 0x00,
    0x9f, 0x93, 0xef, 0xd4, 0xdf, 0xd0, 0x00, 0x00, 0x02, 0xff, 0x00, 0xcf, 0x70, 0x2d, 0xff, 0xff, 0x40, 0x00, 0x00, 0x02,
    0xff, 0x01, 0xff, 0x40, 0x01, 0xff, 0xff, 0x00, 0x00, 0x00, 0x02, 0xff, 0x06, 0xfe, 0x10, 0x1b, 0xff, 0xff, 0x90, 0x00,
    0x00, 0x02, 0xff, 0x1d, 0xf9, 0x06, 0xef, 0xf9, 0xaf, 0xfa, 0x00, 0x00, 0x02, 0xff, 0x6f, 0xf3, 0xcf, 0xfe, 0x60, 0x08,
    0xff, 0x80, 0x00, 0x08, 0xff, 0x15, 0x70, 0x4e, 0x91, 0x00, 0x00, 0x8c, 0x10, 0x00, 0x9f, 0xff, 0xd4, 0x00, 0x01, 0x00,
    0x00, 0x00, 0x00, 0x00, 0x08, 0xfe, 0x47, 0xff, 0xb6, 0x31, 0x10, 0x01, 0x12, 0x34, 0x79, 0x1e, 0xf7, 0x00, 0x3d, 0xff,
    0xff, 0xff, 0xff, 0xff, 0xff, 0xf7, 0x05, 0xc0, 0x00, 0x00, 0x5a, 0xdf, 0xff, 0xff, 0xff, 0xfe, 0xd4, 0x00, 0x20, 0x00,
    0x00, 0x00, 0x00, 0x11, 0x11, 0x10, 0x00, 0x00, 0x00, 0x02, 0x00, 0x00, 0x00, 0x00, 0x00, 0x00, 0x00, 0x00, 0x00, 0x00,
    0x07, 0xf9, 0x00, 0x12, 0x22, 0x22, 0x22, 0x22, 0x22, 0x22, 0x00, 0x00, 0x6f, 0xf9, 0x05, 0xff, 0xff, 0xff, 0xff, 0xff,
    0xff, 0xf0, 0x00, 0x00, 0x7f, 0xf8, 0x5f, 0xff, 0xff, 0xff, 0xff, 0xff, 0xff, 0x00, 0x00, 0x00, 0xaf, 0xb0, 0x00, 0x00,
    0x08, 0xff, 0x20, 0x00, 0x00, 0x00, 0x00, 0x01, 0x70, 0x00, 0x00, 0x03, 0xff, 0x90, 0x00, 0x00, 0x00, 0x00, 0x00, 0x00,
    0x00, 0x00, 0x00, 0xef, 0xf3, 0x00, 0x00, 0x00, 0x00, 0x22, 0x22, 0x20, 0x00, 0x00, 0x9f, 0xff, 0x24, 0x10, 0x00, 0x00,
    0x0c, 0xff, 0xff, 0x00, 0x00, 0x8f, 0xff, 0xf8, 0xfd, 0x10, 0x00, 0x00, 0xcf, 0xff, 0xf0, 0x00, 0x7f, 0xfc, 0xff, 0x4d,
    0xfd, 0x20, 0x00, 0x00, 0x02, 0xff, 0x00, 0x9f, 0xfc, 0x3f, 0xf2, 0x2e, 0xfd, 0x20, 0x00, 0x00, 0x2f, 0xf3, 0xcf, 0xfb,
    0x12, 0xff, 0x20, 0x3e, 0xfd, 0x10, 0x00, 0x02, 0xff, 0x3e, 0xfa, 0x10, 0x2f, 0xf2, 0x00, 0x3e, 0xe3, 0x00, 0x00, 0x2f,
    0xf0, 0x27, 0x00, 0x02, 0xff, 0x20, 0x00, 0x52, 0x00, 0x00, 0x02, 0xff, 0x00, 0x00, 0x00, 0x2f, 0xf2, 0x00, 0x00, 0x00,
    0x00, 0x00, 0x2f, 0xf0, 0x00, 0x00, 0x02, 0xff, 0x20, 0x00, 0x00, 0x00, 0x00, 0x09, 0xff, 0x30, 0x00, 0x00, 0x2f, 0xf2,
    0x00, 0x00, 0x00, 0x00, 0x0a, 0xff, 0xfe, 0x60, 0x00, 0x01, 0x66, 0x10, 0x00, 0x00, 0x00, 0x09, 0xff, 0x56, 0xff, 0xc7,
    0x42, 0x11, 0x11, 0x22, 0x46, 0x9b, 0x01, 0xef, 0x70, 0x03, 0xdf, 0xff, 0xff, 0xff, 0xff, 0xff, 0xff, 0x80, 0x05, 0xd0,
    0x00, 0x00, 0x6b, 0xef, 0xff, 0xff, 0xff, 0xfe, 0xe5, 0x00, 0x02, 0x00, 0x00, 0x00, 0x00, 0x01, 0x22, 0x11, 0x10, 0x00,
    0x00, 0x00, 0x00, 0x00, 0x00, 0x00, 0x00, 0x25, 0x00, 0x00, 0x00, 0x00, 0x00, 0x22, 0x00, 0x00, 0x00, 0x04, 0xff, 0x30,
    0x00, 0x00, 0x00, 0x05, 0xee, 0x30, 0x00, 0x00, 0x00, 0xcf, 0xb0, 0x00, 0x00, 0x00, 0x01, 0xdf, 0xe2, 0x01, 0x11, 0x11,
    0x7f, 0xf2, 0x11, 0x11, 0x10, 0x00, 0x2d, 0xfd, 0x6f, 0xff, 0xff, 0xff, 0xff, 0xff, 0xff, 0xf0, 0x00, 0x03, 0xe7, 0x5f,
    0xff, 0xff, 0xff, 0xff, 0xff, 0xff, 0xf0, 0x00, 0x00, 0x10, 0x00, 0x10, 0x00, 0x00, 0x03, 0xff, 0x10, 0x00, 0x00, 0x00,
    0x00, 0x02, 0xcb, 0x20, 0x00, 0x0a, 0xfb, 0x00, 0x00, 0x01, 0x11, 0x11, 0x03, 0xdf, 0xe6, 0x00, 0x2f, 0xf4, 0x00, 0x00,
    0x0c, 0xff, 0xff, 0x00, 0x19, 0xff, 0xa1, 0xbf, 0xb0, 0x00, 0x00, 0x0c, 0xff, 0xff, 0x00, 0x00, 0x5e, 0xff, 0xff, 0x30,
    0x00, 0x00, 0x00, 0x02, 0xff, 0x00, 0x00, 0x02, 0xff, 0xff, 0x00, 0x00, 0x00, 0x00, 0x02, 0xff, 0x00, 0x00, 0x08, 0xff,
    0xff, 0xc2, 0x00, 0x00, 0x00, 0x02, 0xff, 0x00, 0x04, 0xcf, 0xf8, 0x5e, 0xfe, 0x40, 0x00, 0x00, 0x02, 0xff, 0x05, 0xbf,
    0xfe, 0x60, 0x02, 0xdf, 0xf7, 0x00, 0x00, 0x02, 0xff, 0x1d, 0xff, 0xa2, 0x00, 0x00, 0x1b, 0xfe, 0x20, 0x00, 0x09, 0xff,
    0x44, 0x92, 0x00, 0x00, 0x00, 0x00, 0x92, 0x00, 0x02, 0xcf, 0xff, 0xf7, 0x00, 0x00, 0x00, 0x00, 0x00, 0x00, 0x00, 0x1e,
    0xff, 0x75, 0xef, 0xd7, 0x42, 0x11, 0x12, 0x23, 0x57, 0xa4, 0x0a, 0xf9, 0x00, 0x2c, 0xff, 0xff, 0xff, 0xff, 0xff, 0xff,
    0xf1, 0x02, 0xd1, 0x00, 0x00, 0x5a, 0xdf, 0xff, 0xff, 0xff, 0xfe, 0xb0, 0x00, 0x20, 0x00, 0x00, 0x00, 0x00, 0x11, 0x11,
    0x10, 0x00, 0x00, 0x00, 0x13, 0x00, 0x00, 0x00, 0x15, 0x50, 0x01, 0x55, 0x00, 0x00, 0x02, 0xde, 0x40, 0x00, 0x00, 0x2f,
    0xf0, 0x02, 0xff, 0x00, 0x00, 0x00, 0xaf, 0xf5, 0x00, 0x00, 0x2f, 0xf0, 0x02, 0xff, 0x00, 0x00, 0x00, 0x0b, 0xff, 0x40,
    0x00, 0x2f, 0xf0, 0x02, 0xff, 0x00, 0x00, 0x00, 0x01, 0xce, 0x51, 0xff, 0xff, 0xff, 0xff, 0xff, 0xff, 0xa0, 0x00, 0x00,
    0x22, 0x01, 0xff, 0xff, 0xff, 0xff, 0xff, 0xff, 0xa0, 0x00, 0x00, 0x00, 0x00, 0x22, 0x5f, 0xf2, 0x25, 0xff, 0x22, 0x20,
    0x00, 0x00, 0x00, 0x00, 0x00, 0x2f, 0xf0, 0x02, 0xff, 0x00, 0x00, 0x0a, 0xbb, 0xbb, 0x00, 0x00, 0x3f, 0xf0, 0x02, 0xff,
    0x00, 0x00, 0x0e, 0xff, 0xff, 0x00, 0x22, 0x5f, 0xf2, 0x24, 0xff, 0x22, 0x20, 0x07, 0x78, 0xff, 0x04, 0xff, 0xff, 0xff,
    0xff, 0xff, 0xff, 0xf1, 0x00, 0x02, 0xff, 0x04, 0xff, 0xff, 0xff, 0xff, 0xff, 0xff, 0xf1, 0x00, 0x02, 0xff, 0x00, 0x00,
    0xbf, 0x80, 0x02, 0xff, 0x00, 0x00, 0x00, 0x02, 0xff, 0x00, 0x01, 0xff, 0x40, 0x02, 0xff, 0x00, 0x00, 0x00, 0x02, 0xff,
    0x00, 0x0a, 0xfd, 0x00, 0x02, 0xff, 0x00, 0x00, 0x00, 0x02, 0xff, 0x00, 0x8f, 0xf6, 0x00, 0x02, 0xff, 0x00, 0x00, 0x00,
    0x1b, 0xff, 0x50, 0x4e, 0xa0, 0x00, 0x02, 0xff, 0x00, 0x00, 0x04, 0xef, 0xff, 0xfc, 0x65, 0x10, 0x00, 0x00, 0x33, 0x11,
    0x21, 0x1f, 0xfd, 0x23, 0xbf, 0xff, 0xff, 0xee, 0xee, 0xff, 0xff, 0xf5, 0x08, 0xd1, 0x00, 0x04, 0xad, 0xff, 0xff, 0xff,
    0xff, 0xff, 0xe0, 0x00, 0x20, 0x00, 0x00, 0x00, 0x01, 0x22, 0x22, 0x21, 0x10, 0x00, 0x00, 0x00, 0x00, 0x00, 0x00, 0x02,
    0x00, 0x00, 0x00, 0x00, 0x00, 0x00, 0x4c, 0x20, 0x00, 0x00, 0x0e, 0xd5, 0x00, 0x00, 0x00, 0x00, 0x00, 0x9f, 0xd1, 0x00,
    0x00, 0x4f, 0xf2, 0x00, 0x00, 0x00, 0x00, 0x00, 0x0c, 0xfa, 0x05, 0xff, 0xff, 0xff, 0xff, 0xff, 0xff, 0xf0, 0x00, 0x01,
    0xef, 0x55, 0xef, 0xff, 0xfe, 0xee, 0xee, 0xee, 0xe0, 0x00, 0x00, 0x59, 0x10, 0x07, 0xfd, 0x03, 0x54, 0x00, 0x00, 0x00,
    0x00, 0x00, 0x00, 0x00, 0x0d, 0xf6, 0x07, 0xfc, 0x00, 0x00, 0x00, 0x01, 0x11, 0x11, 0x00, 0x7f, 0xd1, 0x07, 0xfc, 0x00,
    0x00, 0x00, 0x0c, 0xff, 0xff, 0x03, 0xff, 0xfe, 0xef, 0xff, 0xee, 0xeb, 0x00, 0x0c, 0xff, 0xff, 0x02, 0xff, 0xff, 0xff,
    0xff, 0xff, 0xfc, 0x00, 0x00, 0x02, 0xff, 0x00, 0x62, 0x22, 0x29, 0xfe, 0x22, 0x21, 0x00, 0x00, 0x02, 0xff, 0x00, 0x00,
    0x00, 0x07, 0xfc, 0x00, 0x00, 0x00, 0x00, 0x02, 0xff, 0x1f, 0xff, 0xff, 0xff, 0xff, 0xff, 0xff, 0xc0, 0x00, 0x02, 0xff,
    0x1f, 0xff, 0xff, 0xff, 0xff, 0xff, 0xff, 0xc0, 0x00, 0x02, 0xff, 0x01, 0x11, 0x11, 0x18, 0xfe, 0x11, 0x11, 0x10, 0x00,
    0x02, 0xff, 0x00, 0x00, 0x00, 0x07, 0xfc, 0x00, 0x00, 0x00, 0x00, 0x09, 0xff, 0x10, 0x00, 0x00, 0x07, 0xfc, 0x00, 0x00,
    0x00, 0x00, 0xaf, 0xff, 0xd4, 0x00, 0x00, 0x07, 0xec, 0x00, 0x00, 0x00, 0x0a, 0xff, 0x58, 0xff, 0xb6, 0x32, 0x11, 0x11,
    0x23, 0x57, 0xb5, 0x2e, 0xf7, 0x00, 0x5e, 0xff, 0xff, 0xff, 0xff, 0xff, 0xff, 0xf2, 0x05, 0xd0, 0x00, 0x01, 0x7c, 0xef,
    0xff, 0xff, 0xff, 0xfe, 0xd0, 0x00, 0x20, 0x00, 0x00, 0x00, 0x01, 0x12, 0x21, 0x10, 0x00, 0x00, 0x00, 0x6a, 0x10, 0x00,
    0x3d, 0xfd, 0xdd, 0xdd, 0xdd, 0xd2, 0x00, 0x02, 0xef, 0xc1, 0x00, 0x4f, 0xff, 0xff, 0xff, 0xff, 0xf2, 0x00, 0x00, 0x3e,
    0xfd, 0x10, 0x4f, 0xf0, 0x00, 0x00, 0x0f, 0xf2, 0x00, 0x00, 0x03, 0xee, 0x30, 0x4f, 0xfd, 0xdd, 0xdd, 0xdf, 0xf2, 0x00,
    0x00, 0x00, 0x42, 0x00, 0x4f, 0xff, 0xff, 0xff, 0xff, 0xf2, 0x00, 0x00, 0x00, 0x00, 0x00, 0x4f, 0xf0, 0x00, 0x00, 0x0f,
    0xf2, 0x00, 0x00, 0x00, 0x00, 0x00, 0x4f, 0xf4, 0x44, 0x44, 0x4f, 0xf2, 0x00, 0x0d, 0xff, 0xff, 0x00, 0x4f, 0xff, 0xff,
    0xff, 0xff, 0xf2, 0x00, 0x0d, 0xff, 0xff, 0x00, 0x4f, 0xf8, 0x88, 0x88, 0x88, 0xb8, 0x00, 0x01, 0x13, 0xff, 0x00, 0x4f,
    0xf0, 0x1a, 0xa1, 0x05, 0xef, 0x80, 0x00, 0x02, 0xff, 0x00, 0x4f, 0xf0, 0x2c, 0xfd, 0xbf, 0xf9, 0x10, 0x00, 0x02, 0xff,
    0x00, 0x4f, 0xf0, 0x01, 0xaf, 0xff, 0x40, 0x00, 0x00, 0x02, 0xff, 0x00, 0x4f, 0xf0, 0x14, 0x38, 0xff, 0x50, 0x00, 0x00,
    0x02, 0xff, 0x00, 0x8f, 0xfd, 0xff, 0x70, 0x7f, 0xf6, 0x00, 0x00, 0x02, 0xff, 0x02, 0xff, 0xff, 0xea, 0x40, 0x07, 0xff,
    0x40, 0x00, 0x07, 0xff, 0x60, 0xed, 0x73, 0x00, 0x00, 0x00, 0x87, 0x00, 0x02, 0xbf, 0xff, 0xfd, 0x73, 0x00, 0x00, 0x00,
    0x00, 0x01, 0x11, 0x1e, 0xfe, 0x53, 0xaf, 0xff, 0xfe, 0xed, 0xde, 0xef, 0xff, 0xf4, 0x07, 0xd2, 0x00, 0x02, 0x8c, 0xef,
    0xff, 0xff, 0xff, 0xee, 0xd0, 0x00, 0x20, 0x00, 0x00, 0x00, 0x00, 0x11, 0x11, 0x10, 0x00, 0x00, 0x00, 0x00, 0x00, 0x00,
    0x00, 0x00, 0x00, 0x00, 0x00, 0x10, 0x00, 0x00, 0x23, 0x00, 0x00, 0x00, 0x00, 0x02, 0x46, 0x9c, 0xf6, 0x00, 0x03, 0xee,
    0x30, 0x00, 0x8b, 0xce, 0xff, 0xff, 0xff, 0xfb, 0x00, 0x00, 0xaf, 0xe3, 0x00, 0x8f, 0xfe, 0xdf, 0xfa, 0x64, 0x10, 0x00,
    0x00, 0x0b, 0xfd, 0x10, 0x11, 0x00, 0x0f, 0xf2, 0x00, 0x00, 0x00, 0x00, 0x01, 0xda, 0x10, 0x00, 0x00, 0x0f, 0xf2, 0x00,
    0x00, 0x00, 0x00, 0x00, 0x20, 0x1f, 0xff, 0xff, 0xff, 0xff, 0xff, 0xff, 0xf1, 0x00, 0x00, 0x00, 0x1e, 0xee, 0xee, 0xef,
    0xff, 0xee, 0xee, 0xe1, 0x06, 0x77, 0x77, 0x00, 0x00, 0x00, 0x0f, 0xf2, 0x00, 0x00, 0x00, 0x0e, 0xff, 0xff, 0x00, 0x01,
    0x11, 0x1f, 0xf3, 0x11, 0x11, 0x00, 0x05, 0x56, 0xff, 0x00, 0x2f, 0xff, 0xff, 0xff, 0xff, 0xff, 0x00, 0x00, 0x02, 0xff,
    0x00, 0x2f, 0xfb, 0xbc, 0xcb, 0xbb, 0xff, 0x00, 0x00, 0x02, 0xff, 0x00, 0x2f, 0xf0, 0x00, 0x00, 0x02, 0xff, 0x00, 0x00,
    0x02, 0xff, 0x00, 0x2f, 0xf0, 0x00, 0x00, 0x02, 0xff, 0x00, 0x00, 0x02, 0xff, 0x00, 0x2f, 0xf0, 0x00, 0x00, 0x02, 0xff,
    0x00, 0x00, 0x02, 0xff, 0x00, 0x2f, 0xff, 0xff, 0xff, 0xff, 0xff, 0x00, 0x00, 0x03, 0xff, 0x20, 0x1d, 0xdd, 0xdd, 0xdd,
    0xdd, 0xdd, 0x00, 0x00, 0x7f, 0xff, 0xfb, 0x52, 0x00, 0x00, 0x00, 0x00, 0x00, 0x00, 0x0b, 0xff, 0x63, 0xaf, 0xff, 0xfe,
    0xdd, 0xde, 0xee, 0xff, 0xf1, 0x05, 0xe4, 0x00, 0x02, 0x8c, 0xef, 0xff, 0xff, 0xff, 0xfe, 0xb0, 0x00, 0x20, 0x00, 0x00,
    0x00, 0x00, 0x11, 0x11, 0x10, 0x00, 0x00, 0x00, 0x00, 0x00, 0x00, 0x00, 0x00, 0x0a, 0xa2, 0x00, 0x00, 0x00, 0x01, 0xaa,
    0x00, 0x00, 0x0c, 0xd4, 0x0f, 0xf2, 0x00, 0x00, 0x00, 0x04, 0xff, 0xa0, 0x00, 0x2f, 0xf2, 0x0f, 0xf2, 0x00, 0x00, 0x00,
    0x00, 0x5f, 0xf9, 0x00, 0x8f, 0xfd, 0xdf, 0xff, 0xdd, 0xdc, 0x00, 0x00, 0x05, 0xff, 0x22, 0xef, 0xff, 0xff, 0xff, 0xff,
    0xfe, 0x00, 0x00, 0x00, 0x73, 0x0b, 0xfc, 0x00, 0x0f, 0xf2, 0x00, 0x00, 0x00, 0x00, 0x00, 0x00, 0x08, 0xf3, 0x00, 0x0f,
    0xf2, 0x00, 0x00, 0x00, 0x00, 0x00, 0x00, 0x00, 0x20, 0x00, 0x0f, 0xf2, 0x00, 0x00, 0x00, 0x01, 0x11, 0x11, 0x2e, 0xee,
    0xee, 0xef, 0xff, 0xee, 0xee, 0xe0, 0x0a, 0xff, 0xff, 0x2f, 0xff, 0xff, 0xff, 0xff, 0xff, 0xff, 0xf0, 0x0a, 0xff, 0xff,
    0x00, 0x00, 0x7f, 0xc0, 0x6f, 0xd0, 0x00, 0x00, 0x00, 0x02, 0xff, 0x00, 0x00, 0xbf, 0x90, 0x5f, 0xc0, 0x00, 0x00, 0x00,
    0x02, 0xff, 0x00, 0x02, 0xff, 0x50, 0x5f, 0xc0, 0x03, 0x00, 0x00, 0x02, 0xff, 0x00, 0x1b, 0xfd, 0x00, 0x5f, 0xc0, 0x0d,
    0xd3, 0x00, 0x02, 0xff, 0x04, 0xcf, 0xf4, 0x00, 0x5f, 0xd3, 0x4f, 0xf2, 0x00, 0x02, 0xff, 0x3f, 0xfe, 0x40, 0x00, 0x3f,
    0xff, 0xff, 0xd0, 0x00, 0x02, 0xff, 0x87, 0x92, 0x00, 0x00, 0x07, 0xbb, 0xba, 0x30, 0x00, 0x2c, 0xff, 0xfa, 0x10, 0x00,
    0x00, 0x00, 0x00, 0x00, 0x00, 0x02, 0xdf, 0xc4, 0x9f, 0xe7, 0x31, 0x00, 0x00, 0x11, 0x25, 0xa2, 0x0b, 0xfd, 0x10, 0x07,
    0xff, 0xff, 0xff, 0xff, 0xff, 0xff, 0xe0, 0x03, 0xe3, 0x00, 0x00, 0x28, 0xdf, 0xff, 0xff, 0xff, 0xfe, 0xa0, 0x00, 0x20,
    0x00, 0x00, 0x00, 0x00, 0x12, 0x21, 0x11, 0x00, 0x00, 0x00, 0x00, 0x00, 0x00, 0x00, 0x00, 0x00, 0x00, 0x00, 0x00, 0x00,
    0x01, 0xac, 0x10, 0x0c, 0xdd, 0xdd, 0xdf, 0xed, 0xdd, 0xdd, 0xd0, 0x02, 0xef, 0xc1, 0x0e, 0xff, 0xff, 0xff, 0xff, 0xff,
    0xff, 0xf0, 0x00, 0x2e, 0xfc, 0x00, 0x00, 0x06, 0xff, 0x80, 0x00, 0x00, 0x00, 0x00, 0x04, 0xfe, 0x30, 0x02, 0xbf, 0xfd,
    0x00, 0x00, 0x33, 0x00, 0x00, 0x00, 0x62, 0x02, 0x9e, 0xff, 0xff, 0x50, 0x02, 0xef, 0x60, 0x00, 0x00, 0x00, 0x4f, 0xff,
    0x91, 0x5f, 0xf2, 0x2d, 0xfb, 0x10, 0x00, 0x00, 0x00, 0x07, 0xa2, 0x03, 0xdf, 0xfd, 0xdf, 0xa0, 0x00, 0x0b, 0xff, 0xff,
    0x00, 0x01, 0x9f, 0xf6, 0xff, 0xf8, 0x00, 0x00, 0x0b, 0xff, 0xff, 0x02, 0x8e, 0xfc, 0x20, 0xff, 0xfb, 0x10, 0x00, 0x01,
    0x12, 0xff, 0x09, 0xfe, 0x70, 0x1b, 0xff, 0xff, 0xd2, 0x00, 0x00, 0x02, 0xff, 0x00, 0x61, 0x04, 0xdf, 0xef, 0xdc, 0xfd,
    0x20, 0x00, 0x02, 0xff, 0x00, 0x01, 0x9f, 0xf8, 0x3f, 0xd1, 0xcf, 0xd1, 0x00, 0x02, 0xff, 0x03, 0x9e, 0xfd, 0x40, 0x4f,
    0xc0, 0x1d, 0xd2, 0x00, 0x02, 0xff, 0x2e, 0xfe, 0x81, 0x00, 0xaf, 0xa0, 0x02, 0x10, 0x00, 0x02, 0xff, 0x05, 0x71, 0x08,
    0xab, 0xff, 0x40, 0x00, 0x00, 0x00, 0x07, 0xff, 0x91, 0x00, 0x07, 0xff, 0xf8, 0x00, 0x00, 0x00, 0x01, 0xbf, 0xfe, 0xfe,
    0x83, 0x12, 0x44, 0x10, 0x00, 0x01, 0x33, 0x0c, 0xfe, 0x40, 0x6e, 0xff, 0xfe, 0xdd, 0xdd, 0xef, 0xff, 0xf7, 0x05, 0xe3,
    0x00, 0x01, 0x6b, 0xef, 0xff, 0xff, 0xff, 0xff, 0xe2, 0x00, 0x20, 0x00, 0x00, 0x00, 0x00, 0x12, 0x21, 0x11, 0x00, 0x00,
    0x00, 0x00, 0x00, 0x00, 0x00, 0x00, 0x2e, 0xe0, 0x00, 0x00, 0x00, 0x02, 0xc8, 0x00, 0x00, 0x00, 0x00, 0x2f, 0xf0, 0x00,
    0x00, 0x00, 0x07, 0xff, 0x90, 0x0a, 0xdd, 0xdd, 0xff, 0xfd, 0xdd, 0xdd, 0xd0, 0x00, 0x9f, 0xf8, 0x0c, 0xff, 0xff, 0xff,
    0xff, 0xff, 0xff, 0xf0, 0x00, 0x0b, 0xff, 0x30, 0x00, 0x00, 0x2f, 0xf0, 0x00, 0x00, 0x00, 0x00, 0x01, 0xe8, 0x00, 0x00,
    0x00, 0x2f, 0xf0, 0x00, 0x00, 0x00, 0x00, 0x00, 0x20, 0x01, 0xff, 0xff, 0xff, 0xff, 0xff, 0xff, 0x00, 0x00, 0x00, 0x00,
    0x01, 0xff, 0xdd, 0xff, 0xfd, 0xdd, 0xff, 0x00, 0x17, 0x77, 0x77, 0x01, 0xff, 0x00, 0x2f, 0xf0, 0x02, 0xff, 0x00, 0x1f,
    0xff, 0xff, 0x01, 0xff, 0x00, 0x2f, 0xf0, 0x02, 0xff, 0x00, 0x18, 0x89, 0xff, 0x01, 0xff, 0xff, 0xff, 0xff, 0xff, 0xff,
    0x00, 0x00, 0x02, 0xff, 0x01, 0xdd, 0xdd, 0xff, 0xff, 0xdd, 0xdd, 0x00, 0x00, 0x02, 0xff, 0x00, 0x00, 0x1b, 0xff, 0xff,
    0xc3, 0x00, 0x00, 0x00, 0x02, 0xff, 0x00, 0x03, 0xdf, 0xcf, 0xfa, 0xff, 0x80, 0x00, 0x00, 0x02, 0xff, 0x01, 0x8f, 0xf9,
    0x3f, 0xf0, 0x5e, 0xfc, 0x20, 0x00, 0x02, 0xff, 0x1d, 0xff, 0x70, 0x2f, 0xf0, 0x02, 0xcf, 0x60, 0x00, 0x05, 0xff, 0x32,
    0xa3, 0x00, 0x2f, 0xf0, 0x00, 0x14, 0x00, 0x00, 0x6f, 0xff, 0xe6, 0x00, 0x00, 0x2e, 0xe0, 0x00, 0x00, 0x00, 0x06, 0xfe,
    0x42, 0xcf, 0xc6, 0x20, 0x00, 0x00, 0x02, 0x36, 0xb4, 0x2f, 0xf5, 0x00, 0x19, 0xff, 0xff, 0xed, 0xee, 0xff, 0xff, 0xf1,
    0x09, 0xa0, 0x00, 0x00, 0x39, 0xcf, 0xff, 0xff, 0xff, 0xfe, 0xc0, 0x00, 0x10, 0x00, 0x00, 0x00, 0x00, 0x11, 0x11, 0x10,
    0x00, 0x00, 0x00, 0x00, 0x00, 0x00, 0x00, 0x00, 0x00, 0x00, 0x00, 0x00, 0x00, 0x00, 0x0f, 0xff, 0xff, 0xff, 0xff, 0xff,
    0xff, 0xff, 0xf0, 0x00, 0x00, 0x0f, 0xff, 0xff, 0xff, 0xff, 0xff, 0xff, 0xff, 0xf0, 0x00, 0x00, 0x0f, 0xf2, 0x00, 0x01,
    0xfe, 0x00, 0x00, 0x2f, 0xf0, 0x00, 0x00, 0x0f, 0xf2, 0x00, 0x01, 0xfe, 0x00, 0x00, 0x2f, 0xf0, 0x00, 0x00, 0x0f, 0xfd,
    0xdd, 0xde, 0xff, 0xdd, 0xdd, 0xdf, 0xf0, 0x00, 0x00, 0x0f, 0xff, 0xff, 0xff, 0xff, 0xff, 0xff, 0xff, 0xf0, 0x00, 0x00,
    0x0f, 0xf2, 0x00, 0x01, 0xfe, 0x00, 0x00, 0x2f, 0xf0, 0x00, 0x00, 0x0f, 0xf2, 0x00, 0x01, 0xfe, 0x00, 0x00, 0x2f, 0xf0,
    0x00, 0x00, 0x0f, 0xff, 0xff, 0xff, 0xff, 0xff, 0xff, 0xff, 0xf0, 0x00, 0x00, 0x0f, 0xff, 0xff, 0xff, 0xff, 0xff, 0xff,
    0xff, 0xf0, 0x00, 0x00, 0x00, 0x00, 0x00, 0x03, 0xff, 0x10, 0x00, 0x00, 0x00, 0x00, 0x00, 0x00, 0x00, 0x00, 0x03, 0xff,
    0x10, 0x00, 0x00, 0x00, 0x00, 0x00, 0x01, 0x11, 0x11, 0x14, 0xff, 0x21, 0x11, 0x11, 0x10, 0x00, 0x00, 0x8f, 0xff, 0xff,
    0xff, 0xff, 0xff, 0xff, 0xff, 0xf8, 0x00, 0x00, 0x8f, 0xff, 0xff, 0xff, 0xff, 0xff, 0xff, 0xff, 0xf8, 0x00, 0x00, 0x00,
    0x00, 0x00, 0x03, 0xff, 0x10, 0x00, 0x00, 0x00, 0x00, 0x00, 0x00, 0x00, 0x00, 0x03, 0xff, 0x10, 0x00, 0x00, 0x00, 0x00,
    0x0f, 0xff, 0xff, 0xff, 0xff, 0xff, 0xff, 0xff, 0xff, 0xff, 0xa0, 0x0f, 0xff, 0xff, 0xff, 0xff, 0xff, 0xff, 0xff, 0xff,
    0xff, 0xa0, 0x00, 0x00, 0x00, 0x00, 0x00, 0x00, 0x12, 0x46, 0x83, 0x00, 0x00, 0x00, 0x18, 0x99, 0xab, 0xcc, 0xdf, 0xff,
    0xff, 0xfc, 0x00, 0x00, 0x00, 0x1f, 0xff, 0xff, 0xff, 0xff, 0xba, 0x97, 0x53, 0x00, 0x00, 0x00, 0x03, 0x32, 0x21, 0x02,
    0xff, 0x00, 0x00, 0x00, 0x00, 0x00, 0x09, 0xcc, 0xcc, 0xcc, 0xce, 0xff, 0xcc, 0xcc, 0xcc, 0xcc, 0xa0, 0x0b, 0xee, 0xee,
    0xee, 0xef, 0xff, 0xee, 0xee, 0xee, 0xee, 0xc0, 0x00, 0x00, 0x00, 0x00, 0x02, 0xff, 0x00, 0x00, 0x00, 0x00, 0x00, 0x00,
    0x0d, 0xff, 0xff, 0xff, 0xff, 0xff, 0xff, 0xff, 0x20, 0x00, 0x00, 0x0d, 0xf8, 0x77, 0x7a, 0xff, 0x77, 0x77, 0xff, 0x20,
    0x00, 0x00, 0x0d, 0xf4, 0x22, 0x24, 0xff, 0x22, 0x22, 0xff, 0x20, 0x00, 0x00, 0x0d, 0xff, 0xff, 0xff, 0xff, 0xff, 0xff,
    0xff, 0x20, 0x00, 0x00, 0x0d, 0xf6, 0x44, 0x47, 0xff, 0x44, 0x44, 0xff, 0x20, 0x00, 0x00, 0x0d, 0xf9, 0x88, 0x8a, 0xff,
    0x88, 0x88, 0xff, 0x20, 0x00, 0x00, 0x0d, 0xff, 0xff, 0xff, 0xff, 0xff, 0xff, 0xff, 0x20, 0x00, 0x00, 0x00, 0x00, 0x00,
    0x02, 0xff, 0x00, 0x00, 0x00, 0x00, 0x00, 0x00, 0x3d, 0xdd, 0xdd, 0xdf, 0xff, 0xdd, 0xdd, 0xdd, 0xd7, 0x00, 0x00, 0x4f,
    0xff, 0xff, 0xff, 0xff, 0xff, 0xff, 0xff, 0xf8, 0x00, 0x00, 0x00, 0x00, 0x00, 0x02, 0xff, 0x00, 0x00, 0x00, 0x00, 0x00,
    0x0c, 0xdd, 0xdd, 0xdd, 0xdf, 0xff, 0xdd, 0xdd, 0xdd, 0xdd, 0xd0, 0x0c, 0xee, 0xee, 0xee, 0xee, 0xee, 0xee, 0xee, 0xee,
    0xee, 0xd0, 0x00, 0x19, 0x50, 0x00, 0x00, 0x00, 0x00, 0x08, 0x70, 0x00, 0x00, 0x00, 0x5f, 0xb0, 0x02, 0x88, 0xc9, 0x10,
    0x0f, 0xd0, 0x00, 0x00, 0x00, 0xcf, 0xc7, 0x75, 0xff, 0xff, 0x8f, 0xff, 0xff, 0xf8, 0x00, 0x03, 0xff, 0xff, 0xf4, 0x88,
    0xfc, 0x28, 0x8f, 0xf8, 0xf8, 0x00, 0x0b, 0xff, 0x99, 0x91, 0x05, 0xf7, 0x00, 0x0f, 0xd0, 0xf8, 0x00, 0x6f, 0xd1, 0x00,
    0x00, 0x0c, 0xf1, 0xff, 0xff, 0xff, 0xff, 0xd0, 0x5f, 0x94, 0x44, 0x40, 0x3f, 0xa0, 0xcd, 0xdf, 0xfd, 0xff, 0xb0, 0x09,
    0xff, 0xff, 0xf2, 0xbf, 0x30, 0x00, 0x0f, 0xd0, 0xf8, 0x00, 0x03, 0xaf, 0xfa, 0xaa, 0xff, 0xff, 0x8e, 0xef, 0xfe, 0xf8,
    0x00, 0x00, 0x0d, 0xf0, 0x09, 0xfe, 0xff, 0x59, 0x9f, 0xf9, 0x95, 0x00, 0x00, 0x0d, 0xf0, 0x01, 0x00, 0x9f, 0x10, 0x0f,
    0xd0, 0x00, 0x00, 0x2c, 0xcf, 0xfc, 0xc3, 0x10, 0xbf, 0x6f, 0xff, 0xff, 0xff, 0x40, 0x2f, 0xff, 0xff, 0xf7, 0xe4, 0xdc,
    0x5d, 0xdf, 0xfd, 0xdd, 0x30, 0x14, 0x4f, 0xf4, 0x42, 0xf9, 0xfa, 0x00, 0x0f, 0xd0, 0x00, 0x00, 0x00, 0x0d, 0xf0, 0x00,
    0xbf, 0xf7, 0xef, 0xff, 0xff, 0xff, 0xb0, 0x00, 0x0d, 0xf0, 0x10, 0x5f, 0xf3, 0xcd, 0xdf, 0xfd, 0xdd, 0x90, 0x00, 0x0d,
    0xf4, 0xe5, 0x2f, 0xf2, 0x00, 0x0f, 0xd0, 0x00, 0x00, 0x00, 0x0d, 0xff, 0xf8, 0x9f, 0xfd, 0x20, 0x0f, 0xd0, 0x00, 0x00,
    0x00, 0x3f, 0xfe, 0x54, 0xfe, 0x7f, 0xe8, 0x33, 0x20, 0x00, 0x00, 0x00, 0xef, 0xf3, 0x5e, 0xf4, 0x05, 0xef, 0xff, 0xdd,
    0xdd, 0xb0, 0x00, 0x4f, 0x10, 0x6f, 0x70, 0x00, 0x16, 0xad, 0xef, 0xff, 0xb0, 0x00, 0x00, 0x00, 0x04, 0x00, 0x00, 0x00,
    0x00, 0x00, 0x00, 0x00, 0x00, 0x00, 0x07, 0x71, 0x00, 0x00, 0x00, 0x00, 0x00, 0x00, 0x00, 0x00, 0x00, 0x0f, 0xf2, 0x00,
    0x00, 0x00, 0x04, 0xea, 0x30, 0x00, 0x00, 0x00, 0x0f, 0xf2, 0x00, 0x00, 0x00, 0x6f, 0xfd, 0x20, 0x00, 0x00, 0x00, 0x0f,
    0xf2, 0x00, 0x00, 0x2a, 0xff, 0xc2, 0x00, 0x00, 0x00, 0x00, 0x0f, 0xf2, 0x00, 0x06, 0xef, 0xf9, 0x10, 0x00, 0x00, 0x00,
    0x00, 0x0f, 0xf2, 0x17, 0xef, 0xfe, 0x50, 0x00, 0x00, 0x00, 0x00, 0x00, 0x0f, 0xf2, 0x3e, 0xff, 0x91, 0x00, 0x00, 0x00,
    0x00, 0x00, 0x00, 0x0f, 0xf2, 0x03, 0xa3, 0x00, 0x00, 0x00, 0x00, 0x00, 0x02, 0x22, 0x2f, 0xf5, 0x22, 0x22, 0x22, 0x22,
    0x22, 0x22, 0x10, 0x0e, 0xff, 0xff, 0xff, 0xff, 0xff, 0xff, 0xff, 0xff, 0xff, 0x80, 0x0e, 0xff, 0xff, 0xff, 0xff, 0xff,
    0xff, 0xff, 0xff, 0xff, 0x80, 0x00, 0x00, 0x0f, 0xf2, 0x00, 0x8f, 0xc0, 0x00, 0x00, 0x00, 0x00, 0x00, 0x00, 0x0f, 0xf2,
    0x00, 0x2f, 0xf6, 0x00, 0x00, 0x00, 0x00, 0x00, 0x00, 0x0f, 0xf2, 0x00, 0x09, 0xfe, 0x20, 0x00, 0x00, 0x00, 0x00, 0x00,
    0x0f, 0xf2, 0x00, 0x01, 0xef, 0xd1, 0x00, 0x00, 0x00, 0x00, 0x00, 0x0f, 0xf2, 0x00, 0x00, 0x4f, 0xfd, 0x30, 0x00, 0x00,
    0x00, 0x00, 0x0f, 0xf2, 0x01, 0x48, 0x26, 0xff, 0xe7, 0x10, 0x00, 0x00, 0x00, 0x1f, 0xfb, 0xcf, 0xff, 0x30, 0x5e, 0xff,
    0xd8, 0x20, 0x00, 0x00, 0xbf, 0xff, 0xff, 0xea, 0x20, 0x02, 0xbf, 0xff, 0xa0, 0x00, 0x00, 0xcf, 0xfb, 0x73, 0x00, 0x00,
    0x00, 0x05, 0xbd, 0x10, 0x00, 0x00, 0x36, 0x10, 0x00, 0x00, 0x00, 0x00, 0x00, 0x01, 0x00, 0x00, 0x03, 0x70, 0x00, 0x00,
    0x00, 0x00, 0x00, 0x00, 0x00, 0x00, 0x00, 0x1e, 0xf6, 0x02, 0xff, 0xff, 0xff, 0xff, 0xff, 0xff, 0x40, 0x00, 0x06, 0xfe,
    0x32, 0xff, 0xff, 0xff, 0xff, 0xff, 0xff, 0x40, 0x00, 0x00, 0x9f, 0xc0, 0x00, 0x00, 0x00, 0x00, 0x00, 0xff, 0x40, 0x00,
    0x00, 0x1d, 0x50, 0x00, 0x00, 0x00, 0x00, 0x00, 0xff, 0x40, 0x02, 0xee, 0x00, 0xdd, 0xdd, 0xdd, 0xdf, 0xe1, 0x00, 0xff,
    0x40, 0x02, 0xff, 0x00, 0xff, 0xff, 0xff, 0xff, 0xf0, 0x00, 0xff, 0x40, 0x02, 0xff, 0x00, 0x04, 0x31, 0x00, 0x2f, 0xd0,
    0x00, 0xff, 0x40, 0x02, 0xff, 0x00, 0x0e, 0xf2, 0x00, 0x3f, 0xb0, 0x00, 0xff, 0x40, 0x02, 0xff, 0x00, 0x2f, 0xe0, 0x00,
    0x5f, 0x90, 0x00, 0xff, 0x40, 0x02, 0xff, 0x00, 0x5f, 0xb0, 0x00, 0x7f, 0x70, 0x00, 0xff, 0x40, 0x02, 0xff, 0x00, 0x8f,
    0xff, 0xff, 0xff, 0xff, 0x20, 0xff, 0x40, 0x02, 0xff, 0x00, 0xaf, 0xfd, 0xdd, 0xff, 0xff, 0x10, 0xff, 0x40, 0x02, 0xff,
    0x00, 0x00, 0x00, 0x00, 0x00, 0xef, 0x00, 0xff, 0x40, 0x02, 0xff, 0x0d, 0xdd, 0xdd, 0xdd, 0xd1, 0xfe, 0x00, 0xff, 0x40,
    0x02, 0xff, 0x0f, 0xff, 0xff, 0xff, 0xf4, 0xfc, 0x00, 0xff, 0x40, 0x02, 0xff, 0x00, 0x00, 0x00, 0x00, 0x07, 0xfa, 0x00,
    0xff, 0x40, 0x02, 0xff, 0x00, 0x00, 0x00, 0x6d, 0xdf, 0xf6, 0x00, 0xff, 0x40, 0x02, 0xff, 0x00, 0x00, 0x00, 0x3f, 0xfe,
    0x90, 0x00, 0xff, 0x30, 0x02, 0xff, 0x00, 0x00, 0x00, 0x00, 0x00, 0x0b, 0xdd, 0xff, 0x20, 0x02, 0xff, 0x00, 0x00, 0x00,
    0x00, 0x00, 0x08, 0xff, 0xd7, 0x00, 0x00, 0x00, 0x00, 0x00, 0x00, 0x00, 0x00, 0x00, 0x10, 0x00, 0x00, 0x00, 0x00, 0x00,
    0x00, 0x00, 0x00, 0x00, 0x00, 0x00, 0x00, 0x00, 0x00, 0x4c, 0x60, 0x01, 0x11, 0x11, 0x11, 0x11, 0x11, 0x21, 0x00, 0x00,
    0x8f, 0xf6, 0x08, 0xff, 0xff, 0xff, 0xff, 0xff, 0xff, 0x30, 0x00, 0x09, 0xff, 0x58, 0xff, 0xff, 0xff, 0xff, 0xff, 0xff,
    0x30, 0x00, 0x00, 0xcd, 0x50, 0x00, 0x00, 0x00, 0x00, 0x00, 0xff, 0x30, 0x01, 0x55, 0x10, 0x00, 0x00, 0x00, 0x00, 0x00,
    0x00, 0xff, 0x30, 0x02, 0xff, 0x00, 0x00, 0x00, 0x00, 0x00, 0x00, 0x00, 0xff, 0x30, 0x02, 0xff, 0x00, 0x0f, 0xff, 0xff,
    0xff, 0xf1, 0x00, 0xff, 0x30, 0x02, 0xff, 0x00, 0x0f, 0xfd, 0xdd, 0xdf, 0xf1, 0x00, 0xff, 0x30, 0x02, 0xff, 0x00, 0x0f,
    0xf0, 0x00, 0x0f, 0xf1, 0x00, 0xff, 0x30, 0x02, 0xff, 0x00, 0x0f, 0xf0, 0x00, 0x0f, 0xf1, 0x00, 0xff, 0x30, 0x02, 0xff,
    0x00, 0x0f, 0xff, 0xff, 0xff, 0xf1, 0x00, 0xff, 0x30, 0x02, 0xff, 0x00, 0x0f, 0xfd, 0xdd, 0xdf, 0xf1, 0x00, 0xff, 0x30,
    0x02, 0xff, 0x00, 0x0f, 0xf0, 0x00, 0x0f, 0xf1, 0x00, 0xff, 0x30, 0x02, 0xff, 0x00, 0x0f, 0xf0, 0x00, 0x0f, 0xf1, 0x00,
    0xff, 0x30, 0x02, 0xff, 0x00, 0x0f, 0xfd, 0xdd, 0xdf, 0xf1, 0x00, 0xff, 0x30, 0x02, 0xff, 0x00, 0x0f, 0xff, 0xff, 0xff,
    0xf1, 0x00, 0xff, 0x30, 0x02, 0xff, 0x00, 0x00, 0x00, 0x00, 0x00, 0x00, 0x00, 0xff, 0x30, 0x02, 0xff, 0x00, 0x00, 0x00,
    0x00, 0x00, 0x00, 0x00, 0xff, 0x30, 0x02, 0xff, 0x00, 0x00, 0x00, 0x00, 0x00, 0x04, 0xff, 0xff, 0x20, 0x02, 0xff, 0x00,
    0x00, 0x00, 0x00, 0x00, 0x00, 0xef, 0xd7, 0x00, 0x00, 0x00, 0x00, 0x00, 0x00, 0x00, 0x01, 0x44, 0x00, 0x00, 0x00, 0x00,
    0x77, 0x77, 0x7a, 0x20, 0x00, 0x06, 0xfd, 0x00, 0x00, 0x00, 0x01, 0xff, 0xff, 0xff, 0xf1, 0x00, 0x01, 0xff, 0x40, 0x00,
    0x00, 0x01, 0xff, 0x88, 0xdf, 0xc9, 0xff, 0xff, 0xff, 0xff, 0xff, 0xf0, 0x01, 0xff, 0x00, 0xbf, 0x79, 0xee, 0xee, 0xee,
    0xee, 0xee, 0xe0, 0x01, 0xff, 0x01, 0xff, 0x20, 0x5c, 0x80, 0x00, 0x06, 0xd9, 0x00, 0x01, 0xff, 0x06, 0xfc, 0x00, 0x3f,
    0xd0, 0x00, 0x0b, 0xf9, 0x00, 0x01, 0xff, 0x0c, 0xf7, 0x00, 0x0e, 0xf3, 0x00, 0x1f, 0xf2, 0x00, 0x01, 0xff, 0x0d, 0xf8,
    0x00, 0x0a, 0xc3, 0x00, 0x7f, 0xb0, 0x00, 0x01, 0xff, 0x02, 0xef, 0x3f, 0xff, 0xff, 0xff, 0xff, 0xff, 0xf8, 0x01, 0xff,
    0x00, 0x7f, 0xae, 0xff, 0xff, 0xff, 0xff, 0xff, 0xf7, 0x01, 0xff, 0x00, 0x2f, 0xd0, 0x00, 0x00, 0x00, 0x00, 0x00, 0x00,
    0x01, 0xff, 0x00, 0x1f, 0xf2, 0xff, 0xff, 0xff, 0xff, 0xff, 0x30, 0x01, 0xff, 0x47, 0xcf, 0xd2, 0xff, 0xff, 0xff, 0xff,
    0xff, 0x40, 0x01, 0xff, 0x4f, 0xff, 0x82, 0xff, 0x00, 0x00, 0x00, 0xff, 0x40, 0x01, 0xff, 0x1a, 0x96, 0x02, 0xff, 0x00,
    0x00, 0x00, 0xff, 0x40, 0x01, 0xff, 0x00, 0x00, 0x02, 0xff, 0x00, 0x00, 0x00, 0xff, 0x40, 0x01, 0xff, 0x00, 0x00, 0x02,
    0xff, 0x00, 0x00, 0x00, 0xff, 0x40, 0x01, 0xff, 0x00, 0x00, 0x02, 0xff, 0xff, 0xff, 0xff, 0xff, 0x40, 0x01, 0xff, 0x00,
    0x00, 0x02, 0xff, 0xff, 0xff, 0xff, 0xff, 0x40, 0x01, 0xff, 0x00, 0x00, 0x02, 0xff, 0x00, 0x00, 0x00, 0xff, 0x40, 0x00,
    0x11, 0x00, 0x00, 0x00, 0x11, 0x00, 0x00, 0x00, 0x00, 0x00, 0x00, 0x00, 0x00, 0x00, 0x00, 0x00, 0x00, 0x04, 0x10, 0x00,
    0x00, 0x00, 0x06, 0x66, 0x68, 0x10, 0x00, 0x00, 0x04, 0xfe, 0x00, 0x00, 0x00, 0x00, 0xff, 0xff, 0xfe, 0x40, 0x00, 0x00,
    0x8f, 0x90, 0x00, 0x00, 0x00, 0x0f, 0xf9, 0xdf, 0xff, 0x80, 0xdf, 0xff, 0xff, 0xff, 0xff, 0xc0, 0x00, 0xfe, 0x07, 0xf7,
    0xcf, 0x4c, 0xdf, 0xff, 0xed, 0xdd, 0xdb, 0x00, 0x0f, 0xe0, 0xcf, 0x23, 0xfc, 0x00, 0xcf, 0x60, 0x00, 0x00, 0x00, 0x00,
    0xfe, 0x1f, 0xd0, 0x08, 0x30, 0x8f, 0xfa, 0xaa, 0xaf, 0xa0, 0x00, 0x0f, 0xe6, 0xf8, 0x00, 0x00, 0x5f, 0xff, 0xff, 0xff,
    0xff, 0x00, 0x00, 0xfe, 0x9f, 0x61, 0x22, 0x5f, 0xff, 0xf0, 0x00, 0x0f, 0xf0, 0x00, 0x0f, 0xe2, 0xee, 0xbf, 0xff, 0xa8,
    0xef, 0x88, 0x88, 0xff, 0x00, 0x00, 0xfe, 0x08, 0xfd, 0xbf, 0xf0, 0x0e, 0xff, 0xff, 0xff, 0xf0, 0x00, 0x0f, 0xe0, 0x3f,
    0xa0, 0xef, 0x00, 0xef, 0x00, 0x00, 0xff, 0x00, 0x00, 0xfe, 0x01, 0xfc, 0x0e, 0xf0, 0x0e, 0xf9, 0x99, 0x9f, 0xf0, 0x00,
    0x0f, 0xe0, 0x1f, 0xd0, 0xef, 0x00, 0xef, 0xff, 0xff, 0xff, 0x00, 0x00, 0xfe, 0x6a, 0xfb, 0x0e, 0xf0, 0x0e, 0xf0, 0x00,
    0x0f, 0xf0, 0x00, 0x0f, 0xeb, 0xff, 0x50, 0xef, 0x00, 0xef, 0x00, 0x00, 0xff, 0x00, 0x00, 0xfe, 0x57, 0x30, 0x0f, 0xf1,
    0x0e, 0xf0, 0x0a, 0xff, 0xe0, 0x00, 0x0f, 0xe0, 0x00, 0x0a, 0xff, 0xc1, 0x99, 0x00, 0x39, 0x83, 0x00, 0x00, 0xfe, 0x00,
    0x09, 0xfd, 0x9f, 0xe7, 0x10, 0x00, 0x00, 0x02, 0x00, 0x0f, 0xe0, 0x03, 0xfe, 0x20, 0x4e, 0xff, 0xed, 0xdd, 0xef, 0xd0,
    0x00, 0xfe, 0x00, 0x06, 0x60, 0x00, 0x18, 0xdf, 0xff, 0xff, 0xf9, 0x00, 0x00, 0x00, 0x00, 0x00, 0x00, 0x00, 0x00, 0x01,
    0x11, 0x00, 0x00, 0x00, 0x00, 0x07, 0x50, 0x00, 0x69, 0x60, 0x00, 0x00, 0x00, 0x00, 0x00, 0x00, 0x6f, 0xf5, 0x44, 0xef,
    0xe4, 0x44, 0x44, 0x40, 0x00, 0x00, 0x02, 0xff, 0xff, 0xff, 0xff, 0xff, 0xff, 0xff, 0xf0, 0x00, 0x00, 0x0d, 0xfb, 0x22,
    0x22, 0xcf, 0xc2, 0x22, 0x22, 0x20, 0x00, 0x08, 0xce, 0xfd, 0xcc, 0xcc, 0xff, 0xfc, 0xcc, 0xcc, 0xcc, 0xc2, 0x07, 0xbb,
    0xbb, 0xbb, 0xbb, 0xbb, 0xbb, 0xbb, 0xbb, 0xbb, 0xb1, 0x00, 0x01, 0x55, 0x55, 0x55, 0x55, 0x55, 0x55, 0x55, 0x50, 0x00,
    0x00, 0x02, 0xff, 0xff, 0xff, 0xff, 0xff, 0xff, 0xff, 0xf1, 0x00, 0x00, 0x02, 0xff, 0x11, 0x11, 0x11, 0x11, 0x11, 0x2f,
    0xf1, 0x00, 0x00, 0x02, 0xff, 0x77, 0x77, 0x77, 0x77, 0x77, 0x7f, 0xf1, 0x00, 0x00, 0x02, 0xff, 0xff, 0xff, 0xff, 0xff,
    0xff, 0xff, 0xf1, 0x00, 0x00, 0x00, 0x00, 0x00, 0xff, 0x30, 0x4f, 0xf0, 0x00, 0x00, 0x00, 0x07, 0xff, 0xff, 0xff, 0xff,
    0x30, 0x4f, 0xff, 0xff, 0xff, 0xf0, 0x03, 0x77, 0x77, 0x77, 0xff, 0x30, 0x4f, 0xf7, 0x77, 0x77, 0x70, 0x00, 0x12, 0x22,
    0x22, 0xff, 0x30, 0x4f, 0xf3, 0x33, 0x33, 0x10, 0x00, 0x8f, 0xff, 0xff, 0xff, 0x30, 0x4f, 0xff, 0xff, 0xff, 0x80, 0x00,
    0x24, 0x44, 0x44, 0xff, 0x30, 0x4f, 0xf4, 0x44, 0x44, 0x20, 0x08, 0x88, 0x88, 0x88, 0xff, 0x30, 0x4f, 0xf8, 0x88, 0x88,
    0x85, 0x0e, 0xee, 0xee, 0xee, 0xff, 0x30, 0x4f, 0xff, 0xff, 0xff, 0xf9, 0x00, 0x00, 0x00, 0x00, 0xff, 0x30, 0x4f, 0xf0,
    0x00, 0x00, 0x00, 0x00, 0x00, 0x00, 0x00, 0xff, 0x30, 0x4f, 0xf0, 0x00, 0x00, 0x00, 0x01, 0x22, 0x22, 0x22, 0x22, 0x22,
    0x22, 0x22, 0x22, 0x22, 0x00, 0x0c, 0xff, 0xff, 0xff, 0xff, 0xff, 0xff, 0xff, 0xff, 0xff, 0x50, 0x0c, 0xff, 0xff, 0xff,
    0xff, 0xff, 0xff, 0xff, 0xff, 0xff, 0x50, 0x00, 0x00, 0x00, 0x00, 0x0b, 0xf4, 0x00, 0x00, 0x00, 0x00, 0x00, 0x00, 0x22,
    0x22, 0x22, 0x2f, 0xf2, 0x22, 0x22, 0x22, 0x20, 0x00, 0x03, 0xff, 0xff, 0xff, 0xff, 0xff, 0xff, 0xff, 0xff, 0xf4, 0x00,
    0x03, 0xff, 0xff, 0xff, 0xff, 0xff, 0xff, 0xff, 0xff, 0xf4, 0x00, 0x03, 0xff, 0x00, 0x0f, 0xf0, 0x00, 0xdf, 0x20, 0x0f,
    0xf4, 0x00, 0x03, 0xff, 0x00, 0x0f, 0xf0, 0x00, 0xdf, 0x20, 0x0f, 0xf4, 0x00, 0x03, 0xff, 0x00, 0x0f, 0xfd, 0xdd, 0xff,
    0x20, 0x0f, 0xf4, 0x00, 0x03, 0xff, 0x00, 0x0f, 0xff, 0xff, 0xff, 0x20, 0x0f, 0xf4, 0x00, 0x03, 0xff, 0x00, 0x0f, 0xf0,
    0x00, 0xdf, 0x20, 0x0f, 0xf4, 0x00, 0x03, 0xff, 0x00, 0x0f, 0xf0, 0x00, 0xdf, 0x20, 0x0f, 0xf4, 0x00, 0x03, 0xff, 0x00,
    0x0f, 0xff, 0xff, 0xff, 0x20, 0x0f, 0xf4, 0x00, 0x03, 0xff, 0x00, 0x0f, 0xfd, 0xdd, 0xff, 0x20, 0x0f, 0xf4, 0x00, 0x03,
    0xff, 0x00, 0x0f, 0xf0, 0x00, 0xdf, 0x20, 0x0f, 0xf4, 0x00, 0x03, 0xff, 0x00, 0x0f, 0xf0, 0x00, 0xdf, 0x20, 0x0f, 0xf4,
    0x00, 0x03, 0xff, 0xff, 0xff, 0xff, 0xff, 0xff, 0xff, 0xff, 0xf4, 0x00, 0x03, 0xff, 0xff, 0xff, 0xff, 0xff, 0xff, 0xff,
    0xff, 0xf4, 0x00, 0x03, 0xff, 0x11, 0x11, 0x11, 0x11, 0x11, 0x11, 0x1f, 0xf4, 0x00, 0x00, 0x11, 0x11, 0x11, 0x11, 0x11,
    0x11, 0x11, 0x11, 0x11, 0x10, 0x02, 0xff, 0xff, 0xff, 0xff, 0xff, 0xff, 0xff, 0xff, 0xff, 0xf0, 0x02, 0xff, 0xff, 0xff,
    0xff, 0xff, 0xff, 0xff, 0xff, 0xff, 0xf0, 0x00, 0x00, 0x00, 0x00, 0x07, 0xfe, 0x10, 0x00, 0x00, 0x00, 0x00, 0x00, 0x00,
    0x11, 0x11, 0x1d, 0xf8, 0x11, 0x11, 0x11, 0x10, 0x00, 0x00, 0x03, 0xff, 0xff, 0xff, 0xff, 0xff, 0xff, 0xff, 0xf2, 0x00,
    0x00, 0x03, 0xff, 0xff, 0xff, 0xff, 0xff, 0xff, 0xff, 0xf2, 0x00, 0x00, 0x03, 0xff, 0x20, 0x00, 0x00, 0x00, 0x00, 0x3f,
    0xf2, 0x00, 0x00, 0x03, 0xff, 0x20, 0x00, 0xae, 0x80, 0x00, 0x3f, 0xf2, 0x00, 0x00, 0x03, 0xff, 0x20, 0x00, 0xbf, 0x80,
    0x00, 0x3f, 0xf2, 0x00, 0x00, 0x03, 0xff, 0x20, 0x00, 0xbf, 0x80, 0x00, 0x3f, 0xf2, 0x00, 0x00, 0x03, 0xff, 0x20, 0x00,
    0xbf, 0x80, 0x00, 0x3f, 0xf2, 0x00, 0x00, 0x03, 0xff, 0x20, 0x00, 0xcf, 0x80, 0x00, 0x3f, 0xf2, 0x00, 0x00, 0x03, 0xff,
    0x20, 0x00, 0xef, 0x60, 0x00, 0x3f, 0xf2, 0x00, 0x00, 0x03, 0xff, 0x20, 0x07, 0xff, 0x26, 0x30, 0x3f, 0xf2, 0x00, 0x00,
    0x00, 0x33, 0x00, 0x6f, 0xf9, 0x7f, 0xfb, 0x42, 0x20, 0x00, 0x00, 0x00, 0x00, 0x4b, 0xff, 0xb1, 0x18, 0xef, 0xfb, 0x30,
    0x00, 0x00, 0x14, 0x8d, 0xff, 0xf8, 0x00, 0x00, 0x18, 0xef, 0xfa, 0x20, 0x04, 0xff, 0xff, 0xe8, 0x20, 0x00, 0x00, 0x00,
    0x19, 0xff, 0xd0, 0x00, 0x9c, 0x84, 0x00, 0x00, 0x00, 0x00, 0x00, 0x00, 0x3c, 0x30, 0x00, 0x00, 0x00, 0x00, 0x00, 0x00,
    0x00, 0x00, 0x00, 0x00, 0x00, 0x00, 0xed, 0x00, 0x00, 0xcf, 0x2c, 0xcc, 0xcc, 0xcc, 0xcc, 0xc7, 0x00, 0xff, 0x04, 0x40,
    0xcf, 0x2f, 0xff, 0xff, 0xff, 0xff, 0xf8, 0x00, 0xff, 0x0d, 0xf0, 0xcf, 0x22, 0x22, 0x4f, 0xf3, 0x22, 0x21, 0x00, 0xff,
    0x0d, 0xf0, 0xcf, 0x20, 0x00, 0x6f, 0xb0, 0x00, 0x00, 0x00, 0xff, 0x0d, 0xf0, 0xcf, 0x27, 0xff, 0xff, 0xff, 0xff, 0xc0,
    0x00, 0xff, 0x0d, 0xf0, 0xcf, 0x28, 0xff, 0xff, 0xff, 0xff, 0xd0, 0x00, 0xff, 0x0d, 0xf0, 0xcf, 0x28, 0xf8, 0x00, 0x00,
    0x4f, 0xd0, 0x00, 0xff, 0x0d, 0xf0, 0xcf, 0x28, 0xf8, 0x08, 0x91, 0x4f, 0xd0, 0x00, 0xff, 0x0d, 0xf0, 0xcf, 0x28, 0xf8,
    0x0d, 0xf3, 0x4f, 0xd0, 0x00, 0xfe, 0x0d, 0xf0, 0xcf, 0x28, 0xf8, 0x0d, 0xf3, 0x4f, 0xd0, 0x00, 0xfe, 0x0d, 0xf0, 0xcf,
    0x28, 0xf8, 0x0d, 0xf3, 0x4f, 0xd0, 0x01, 0xfe, 0x0d, 0xf0, 0xcf, 0x28, 0xf8, 0x0d, 0xf2, 0x4f, 0xd0, 0x01, 0xfd, 0x0d,
    0xf0, 0xcf, 0x28, 0xf8, 0x0e, 0xf1, 0x4f, 0xd0, 0x03, 0xfc, 0x0d, 0xf0, 0xcf, 0x28, 0xf8, 0x1f, 0xf0, 0x4f, 0xd0, 0x04,
    0xfb, 0x0d, 0xf0, 0xcf, 0x25, 0xb6, 0x6f, 0xf4, 0x2a, 0x80, 0x06, 0xf9, 0x0d, 0xf0, 0xcf, 0x20, 0x01, 0xdf, 0xff, 0x70,
    0x00, 0x09, 0xf7, 0x09, 0xb0, 0xcf, 0x20, 0x1b, 0xfd, 0x5e, 0xf9, 0x00, 0x0e, 0xf3, 0x00, 0x00, 0xcf, 0x24, 0xdf, 0xe3,
    0x04, 0xef, 0xa0, 0x2e, 0xd0, 0x00, 0x00, 0xcf, 0x9f, 0xfc, 0x20, 0x00, 0x3e, 0xf4, 0x02, 0x50, 0x00, 0x00, 0x12, 0x09,
    0x60, 0x00, 0x00, 0x04, 0x40, 0x00, 0x00, 0x00, 0x00, 0x00, 0x00, 0x00, 0xaa, 0x20, 0x00, 0x00, 0x0b, 0xdd, 0xdd, 0xfd,
    0x30, 0x00, 0x05, 0xff, 0x10, 0x00, 0x00, 0x0d, 0xff, 0xff, 0xff, 0x30, 0x00, 0x1e, 0xff, 0x90, 0x00, 0x00, 0x00, 0x00,
    0x00, 0xbf, 0x20, 0x00, 0xbf, 0xff, 0xf8, 0x00, 0x00, 0x00, 0x99, 0x00, 0xcf, 0x10, 0x09, 0xfe, 0x25, 0xff, 0x90, 0x00,
    0x00, 0xee, 0x00, 0xef, 0x00, 0x9f, 0xe3, 0x00, 0x6f, 0xfa, 0x10, 0x00, 0xfd, 0x00, 0xfe, 0x1b, 0xff, 0x50, 0x00, 0x06,
    0xff, 0xd4, 0x01, 0xfc, 0x01, 0xfc, 0x9f, 0xf8, 0xee, 0xee, 0xee, 0xbf, 0xf3, 0x02, 0xfb, 0x02, 0xfb, 0x1c, 0x34, 0xff,
    0xff, 0xff, 0x73, 0xa0, 0x03, 0xfa, 0x04, 0xfa, 0x00, 0x00, 0x00, 0x00, 0x00, 0x00, 0x00, 0x05, 0xff, 0xbf, 0xff, 0xb2,
    0x26, 0x00, 0xac, 0x00, 0x17, 0x30, 0x07, 0xff, 0xff, 0xff, 0xf3, 0x9f, 0x40, 0xaf, 0x20, 0x6f, 0xb0, 0x02, 0x86, 0x44,
    0x4e, 0xf2, 0x5f, 0x90, 0x7f, 0x50, 0xaf, 0x50, 0x00, 0x00, 0x00, 0x0c, 0xf1, 0x1f, 0xc0, 0x5f, 0x71, 0xee, 0x10, 0x00,
    0x03, 0x7a, 0x4d, 0xf0, 0x0c, 0xf1, 0x3f, 0x95, 0xf9, 0x00, 0x4b, 0xef, 0xff, 0x6f, 0xe0, 0x09, 0xf4, 0x1b, 0x7b, 0xf3,
    0x00, 0x4f, 0xd9, 0x51, 0x1f, 0xc0, 0x03, 0x30, 0x00, 0x2f, 0xc0, 0x00, 0x02, 0x00, 0x00, 0x3f, 0xb0, 0x00, 0x00, 0x00,
    0x9f, 0x50, 0x00, 0x00, 0x00, 0x00, 0x8f, 0x85, 0xff, 0xff, 0xff, 0xff, 0xff, 0xf0, 0x00, 0x09, 0xdc, 0xff, 0x45, 0xdd,
    0xdd, 0xdd, 0xdd, 0xdd, 0xd0, 0x00, 0x05, 0xff, 0xe8, 0x00, 0x00, 0x00, 0x00, 0x00, 0x00, 0x00, 0x00, 0x00, 0x00, 0x00,
    0x00, 0x00, 0x00, 0x00, 0x00, 0x00, 0x00, 0x00, 0x00, 0x7e, 0xd3, 0x00, 0x00, 0x00, 0x00, 0x00, 0x00, 0x00, 0x00, 0x01,
    0xff, 0xfb, 0x00, 0x00, 0x00, 0x00, 0x00, 0x00, 0x00, 0x00, 0x00, 0xef, 0xfe, 0x00, 0x00, 0x00, 0x00, 0x00, 0x00, 0x00,
    0x00, 0x00, 0x38, 0xfe, 0x00, 0x00, 0x00, 0x00, 0x00, 0x00, 0x00, 0x00, 0x00, 0x03, 0xfb, 0x00, 0x00, 0x00, 0x00, 0x00,
    0x00, 0x00, 0x00, 0x00, 0x2d, 0xf4, 0x00, 0x00, 0x00, 0x00, 0x00, 0x00, 0x00, 0x00, 0x07, 0xff, 0x60, 0x00, 0x00, 0x00,
    0x00, 0x00, 0x00, 0x00, 0x00, 0x05, 0xb3, 0x00, 0x00, 0x00, 0x00, 0x00, 0x00, 0x00, 0x00, 0x00, 0x00, 0x00, 0x00, 0x00,
    0x00, 0x00, 0x00, 0x00, 0x00, 0x00, 0x00, 0x00, 0x5e, 0xd3, 0x00, 0x00, 0x00, 0x00, 0x00, 0x00, 0x00, 0x00, 0x00, 0xef,
    0xfb, 0x00, 0x00, 0x00, 0x00, 0x00, 0x00, 0x00, 0x00, 0x00, 0xdf, 0xfa, 0x00, 0x00, 0x00, 0x00, 0x00, 0x00, 0x00, 0x00,
    0x00, 0x3b, 0xa2, 0x00, 0x00, 0x00, 0x00, 0x00, 0x00, 0x00, 0x00, 0x00, 0x00, 0x00, 0x00, 0x00, 0x00, 0x00, 0x00, 0x00,
    0x00, 0x00, 0x00, 0x00, 0x00, 0x00, 0x00, 0x00, 0x00, 0x00, 0x00, 0x00, 0x00, 0x00, 0x00, 0x00, 0x00, 0x00, 0x00, 0x00,
    0x00, 0x00, 0x00, 0x00, 0x00, 0x00, 0x00, 0x00, 0x00, 0x00, 0x00, 0x00, 0x00, 0x00, 0x00, 0x00, 0x00, 0x00, 0x00, 0x00,
    0x00, 0x00, 0x00, 0x00, 0x00, 0x00, 0x00, 0x00, 0x00, 0x00, 0x00, 0x00, 0x00, 0x00, 0x00, 0x00, 0x00, 0x00, 0x3b, 0xa2,
    0x00, 0x00, 0x00, 0x00, 0x00, 0x00, 0x00, 0x00, 0x00, 0xdf, 0xfa, 0x00, 0x00, 0x00, 0x00, 0x00, 0x00, 0x00, 0x00, 0x00,
    0xef, 0xfb, 0x00, 0x00, 0x00, 0x00, 0x00, 0x00, 0x00, 0x00, 0x00, 0x5e, 0xd3, 0x00, 0x00, 0x00, 0x00, 0x00, 0x00, 0x00,
};
static const lv_font_fmt_txt_glyph_dsc_t glyph_dsc[] = {
    {.bitmap_index=0, .adv_w=0, .box_w=0, .box_h=0, .ofs_x=0, .ofs_y=0},
    {.bitmap_index=0, .adv_w=80, .box_w=5, .box_h=0, .ofs_x=0, .ofs_y=0},
    {.bitmap_index=0, .adv_w=128, .box_w=8, .box_h=17, .ofs_x=0, .ofs_y=0},
    {.bitmap_index=68, .adv_w=192, .box_w=12, .box_h=18, .ofs_x=0, .ofs_y=0},
    {.bitmap_index=176, .adv_w=208, .box_w=13, .box_h=17, .ofs_x=0, .ofs_y=0},
    {.bitmap_index=287, .adv_w=208, .box_w=13, .box_h=23, .ofs_x=0, .ofs_y=-3},
    {.bitmap_index=437, .adv_w=336, .box_w=21, .box_h=17, .ofs_x=0, .ofs_y=0},
    {.bitmap_index=616, .adv_w=256, .box_w=16, .box_h=17, .ofs_x=0, .ofs_y=0},
    {.bitmap_index=752, .adv_w=112, .box_w=7, .box_h=18, .ofs_x=0, .ofs_y=0},
    {.bitmap_index=815, .adv_w=144, .box_w=9, .box_h=24, .ofs_x=0, .ofs_y=-5},
    {.bitmap_index=923, .adv_w=144, .box_w=9, .box_h=24, .ofs_x=0, .ofs_y=-5},
    {.bitmap_index=1031, .adv_w=176, .box_w=11, .box_h=18, .ofs_x=0, .ofs_y=0},
    {.bitmap_index=1130, .adv_w=208, .box_w=13, .box_h=15, .ofs_x=0, .ofs_y=0},
    {.bitmap_index=1228, .adv_w=112, .box_w=7, .box_h=9, .ofs_x=0, .ofs_y=-5},
    {.bitmap_index=1260, .adv_w=128, .box_w=8, .box_h=8, .ofs_x=0, .ofs_y=0},
    {.bitmap_index=1292, .adv_w=128, .box_w=8, .box_h=4, .ofs_x=0, .ofs_y=0},
    {.bitmap_index=1308, .adv_w=144, .box_w=9, .box_h=23, .ofs_x=0, .ofs_y=-5},
    {.bitmap_index=1412, .adv_w=208, .box_w=13, .box_h=17, .ofs_x=0, .ofs_y=0},
    {.bitmap_index=1523, .adv_w=208, .box_w=13, .box_h=17, .ofs_x=0, .ofs_y=0},
    {.bitmap_index=1634, .adv_w=208, .box_w=13, .box_h=17, .ofs_x=0, .ofs_y=0},
    {.bitmap_index=1745, .adv_w=208, .box_w=13, .box_h=17, .ofs_x=0, .ofs_y=0},
    {.bitmap_index=1856, .adv_w=208, .box_w=13, .box_h=17, .ofs_x=0, .ofs_y=0},
    {.bitmap_index=1967, .adv_w=208, .box_w=13, .box_h=17, .ofs_x=0, .ofs_y=0},
    {.bitmap_index=2078, .adv_w=208, .box_w=13, .box_h=17, .ofs_x=0, .ofs_y=0},
    {.bitmap_index=2189, .adv_w=208, .box_w=13, .box_h=17, .ofs_x=0, .ofs_y=0},
    {.bitmap_index=2300, .adv_w=208, .box_w=13, .box_h=17, .ofs_x=0, .ofs_y=0},
    {.bitmap_index=2411, .adv_w=208, .box_w=13, .box_h=17, .ofs_x=0, .ofs_y=0},
    {.bitmap_index=2522, .adv_w=128, .box_w=8, .box_h=13, .ofs_x=0, .ofs_y=0},
    {.bitmap_index=2574, .adv_w=112, .box_w=7, .box_h=18, .ofs_x=0, .ofs_y=-5},
    {.bitmap_index=2637, .adv_w=208, .box_w=13, .box_h=15, .ofs_x=0, .ofs_y=0},
    {.bitmap_index=2735, .adv_w=208, .box_w=13, .box_h=13, .ofs_x=0, .ofs_y=0},
    {.bitmap_index=2820, .adv_w=208, .box_w=13, .box_h=15, .ofs_x=0, .ofs_y=0},
    {.bitmap_index=2918, .adv_w=176, .box_w=11, .box_h=17, .ofs_x=0, .ofs_y=0},
    {.bitmap_index=3012, .adv_w=336, .box_w=21, .box_h=22, .ofs_x=0, .ofs_y=-5},
    {.bitmap_index=3243, .adv_w=224, .box_w=16, .box_h=17, .ofs_x=-1, .ofs_y=0},
    {.bitmap_index=3379, .adv_w=240, .box_w=15, .box_h=17, .ofs_x=0, .ofs_y=0},
    {.bitmap_index=3507, .adv_w=224, .box_w=14, .box_h=17, .ofs_x=0, .ofs_y=0},
    {.bitmap_index=3626, .adv_w=240, .box_w=15, .box_h=17, .ofs_x=0, .ofs_y=0},
    {.bitmap_index=3754, .adv_w=208, .box_w=13, .box_h=17, .ofs_x=0, .ofs_y=0},
    {.bitmap_index=3865, .adv_w=192, .box_w=12, .box_h=17, .ofs_x=0, .ofs_y=0},
    {.bitmap_index=3967, .adv_w=240, .box_w=15, .box_h=17, .ofs_x=0, .ofs_y=0},
    {.bitmap_index=4095, .adv_w=256, .box_w=16, .box_h=17, .ofs_x=0, .ofs_y=0},
    {.bitmap_index=4231, .adv_w=112, .box_w=7, .box_h=17, .ofs_x=0, .ofs_y=0},
    {.bitmap_index=4291, .adv_w=192, .box_w=12, .box_h=17, .ofs_x=0, .ofs_y=0},
    {.bitmap_index=4393, .adv_w=240, .box_w=15, .box_h=17, .ofs_x=0, .ofs_y=0},
    {.bitmap_index=4521, .adv_w=192, .box_w=12, .box_h=17, .ofs_x=0, .ofs_y=0},
    {.bitmap_index=4623, .adv_w=288, .box_w=18, .box_h=17, .ofs_x=0, .ofs_y=0},
    {.bitmap_index=4776, .adv_w=256, .box_w=16, .box_h=17, .ofs_x=0, .ofs_y=0},
    {.bitmap_index=4912, .adv_w=256, .box_w=16, .box_h=17, .ofs_x=0, .ofs_y=0},
    {.bitmap_index=5048, .adv_w=224, .box_w=14, .box_h=17, .ofs_x=0, .ofs_y=0},
    {.bitmap_index=5167, .adv_w=256, .box_w=16, .box_h=21, .ofs_x=0, .ofs_y=-4},
    {.bitmap_index=5335, .adv_w=224, .box_w=14, .box_h=17, .ofs_x=0, .ofs_y=0},
    {.bitmap_index=5454, .adv_w=224, .box_w=14, .box_h=17, .ofs_x=0, .ofs_y=0},
    {.bitmap_index=5573, .adv_w=224, .box_w=14, .box_h=17, .ofs_x=0, .ofs_y=0},
    {.bitmap_index=5692, .adv_w=256, .box_w=16, .box_h=17, .ofs_x=0, .ofs_y=0},
    {.bitmap_index=5828, .adv_w=208, .box_w=15, .box_h=17, .ofs_x=-1, .ofs_y=0},
    {.bitmap_index=5956, .adv_w=320, .box_w=20, .box_h=17, .ofs_x=0, .ofs_y=0},
    {.bitmap_index=6126, .adv_w=208, .box_w=13, .box_h=17, .ofs_x=0, .ofs_y=0},
    {.bitmap_index=6237, .adv_w=208, .box_w=13, .box_h=17, .ofs_x=0, .ofs_y=0},
    {.bitmap_index=6348, .adv_w=224, .box_w=14, .box_h=17, .ofs_x=0, .ofs_y=0},
    {.bitmap_index=6467, .adv_w=128, .box_w=8, .box_h=23, .ofs_x=0, .ofs_y=-5},
    {.bitmap_index=6559, .adv_w=144, .box_w=9, .box_h=23, .ofs_x=0, .ofs_y=-5},
    {.bitmap_index=6663, .adv_w=112, .box_w=7, .box_h=23, .ofs_x=0, .ofs_y=-5},
    {.bitmap_index=6744, .adv_w=208, .box_w=13, .box_h=17, .ofs_x=0, .ofs_y=0},
    {.bitmap_index=6855, .adv_w=224, .box_w=14, .box_h=3, .ofs_x=0, .ofs_y=-3},
    {.bitmap_index=6876, .adv_w=224, .box_w=14, .box_h=21, .ofs_x=0, .ofs_y=0},
    {.bitmap_index=7023, .adv_w=208, .box_w=13, .box_h=13, .ofs_x=0, .ofs_y=0},
    {.bitmap_index=7108, .adv_w=224, .box_w=14, .box_h=18, .ofs_x=0, .ofs_y=0},
    {.bitmap_index=7234, .adv_w=176, .box_w=11, .box_h=13, .ofs_x=0, .ofs_y=0},
    {.bitmap_index=7306, .adv_w=224, .box_w=14, .box_h=18, .ofs_x=0, .ofs_y=0},
    {.bitmap_index=7432, .adv_w=208, .box_w=13, .box_h=13, .ofs_x=0, .ofs_y=0},
    {.bitmap_index=7517, .adv_w=128, .box_w=9, .box_h=18, .ofs_x=0, .ofs_y=0},
    {.bitmap_index=7598, .adv_w=208, .box_w=13, .box_h=18, .ofs_x=0, .ofs_y=-5},
    {.bitmap_index=7715, .adv_w=224, .box_w=14, .box_h=18, .ofs_x=0, .ofs_y=0},
    {.bitmap_index=7841, .adv_w=112, .box_w=7, .box_h=18, .ofs_x=0, .ofs_y=0},
    {.bitmap_index=7904, .adv_w=112, .box_w=8, .box_h=23, .ofs_x=-1, .ofs_y=-5},
    {.bitmap_index=7996, .adv_w=208, .box_w=13, .box_h=18, .ofs_x=0, .ofs_y=0},
    {.bitmap_index=8113, .adv_w=112, .box_w=7, .box_h=18, .ofs_x=0, .ofs_y=0},
    {.bitmap_index=8176, .adv_w=336, .box_w=21, .box_h=13, .ofs_x=0, .ofs_y=0},
    {.bitmap_index=8313, .adv_w=224, .box_w=14, .box_h=13, .ofs_x=0, .ofs_y=0},
    {.bitmap_index=8404, .adv_w=224, .box_w=14, .box_h=13, .ofs_x=0, .ofs_y=0},
    {.bitmap_index=8495, .adv_w=224, .box_w=14, .box_h=18, .ofs_x=0, .ofs_y=-5},
    {.bitmap_index=8621, .adv_w=224, .box_w=14, .box_h=18, .ofs_x=0, .ofs_y=-5},
    {.bitmap_index=8747, .adv_w=144, .box_w=10, .box_h=13, .ofs_x=0, .ofs_y=0},
    {.bitmap_index=8812, .adv_w=176, .box_w=11, .box_h=13, .ofs_x=0, .ofs_y=0},
    {.bitmap_index=8884, .adv_w=160, .box_w=10, .box_h=17, .ofs_x=0, .ofs_y=0},
    {.bitmap_index=8969, .adv_w=224, .box_w=14, .box_h=13, .ofs_x=0, .ofs_y=0},
    {.bitmap_index=9060, .adv_w=192, .box_w=12, .box_h=13, .ofs_x=0, .ofs_y=0},
    {.bitmap_index=9138, .adv_w=288, .box_w=18, .box_h=13, .ofs_x=0, .ofs_y=0},
    {.bitmap_index=9255, .adv_w=192, .box_w=12, .box_h=13, .ofs_x=0, .ofs_y=0},
    {.bitmap_index=9333, .adv_w=192, .box_w=12, .box_h=18, .ofs_x=0, .ofs_y=-5},
    {.bitmap_index=9441, .adv_w=176, .box_w=11, .box_h=13, .ofs_x=0, .ofs_y=0},
    {.bitmap_index=9513, .adv_w=128, .box_w=8, .box_h=23, .ofs_x=0, .ofs_y=-5},
    {.bitmap_index=9605, .adv_w=96, .box_w=6, .box_h=26, .ofs_x=0, .ofs_y=-6},
    {.bitmap_index=9683, .adv_w=128, .box_w=8, .box_h=23, .ofs_x=0, .ofs_y=-5},
    {.bitmap_index=9775, .adv_w=208, .box_w=13, .box_h=11, .ofs_x=0, .ofs_y=0},
    {.bitmap_index=9847, .adv_w=352, .box_w=22, .box_h=8, .ofs_x=0, .ofs_y=-2},
    {.bitmap_index=9935, .adv_w=352, .box_w=22, .box_h=10, .ofs_x=0, .ofs_y=0},
    {.bitmap_index=10045, .adv_w=352, .box_w=22, .box_h=21, .ofs_x=0, .ofs_y=-2},
    {.bitmap_index=10276, .adv_w=352, .box_w=22, .box_h=19, .ofs_x=0, .ofs_y=-2},
    {.bitmap_index=10485, .adv_w=352, .box_w=22, .box_h=20, .ofs_x=0, .ofs_y=-2},
    {.bitmap_index=10705, .adv_w=352, .box_w=22, .box_h=22, .ofs_x=0, .ofs_y=-3},
    {.bitmap_index=10947, .adv_w=352, .box_w=22, .box_h=21, .ofs_x=0, .ofs_y=-2},
    {.bitmap_index=11178, .adv_w=352, .box_w=22, .box_h=21, .ofs_x=0, .ofs_y=-2},
    {.bitmap_index=11409, .adv_w=352, .box_w=22, .box_h=22, .ofs_x=0, .ofs_y=-3},
    {.bitmap_index=11651, .adv_w=352, .box_w=22, .box_h=21, .ofs_x=0, .ofs_y=-2},
    {.bitmap_index=11882, .adv_w=352, .box_w=22, .box_h=21, .ofs_x=0, .ofs_y=-3},
    {.bitmap_index=12113, .adv_w=352, .box_w=22, .box_h=22, .ofs_x=0, .ofs_y=-3},
    {.bitmap_index=12355, .adv_w=352, .box_w=22, .box_h=20, .ofs_x=0, .ofs_y=-2},
    {.bitmap_index=12575, .adv_w=352, .box_w=22, .box_h=22, .ofs_x=0, .ofs_y=-3},
    {.bitmap_index=12817, .adv_w=352, .box_w=22, .box_h=22, .ofs_x=0, .ofs_y=-3},
    {.bitmap_index=13059, .adv_w=352, .box_w=22, .box_h=22, .ofs_x=0, .ofs_y=-3},
    {.bitmap_index=13301, .adv_w=352, .box_w=22, .box_h=20, .ofs_x=0, .ofs_y=-2},
    {.bitmap_index=13521, .adv_w=352, .box_w=22, .box_h=21, .ofs_x=0, .ofs_y=-2},
    {.bitmap_index=13752, .adv_w=352, .box_w=22, .box_h=21, .ofs_x=0, .ofs_y=-2},
    {.bitmap_index=13983, .adv_w=352, .box_w=22, .box_h=21, .ofs_x=0, .ofs_y=-2},
    {.bitmap_index=14214, .adv_w=352, .box_w=22, .box_h=21, .ofs_x=0, .ofs_y=-2},
    {.bitmap_index=14445, .adv_w=352, .box_w=22, .box_h=21, .ofs_x=0, .ofs_y=-2},
    {.bitmap_index=14676, .adv_w=352, .box_w=22, .box_h=21, .ofs_x=0, .ofs_y=-2},
    {.bitmap_index=14907, .adv_w=352, .box_w=22, .box_h=21, .ofs_x=0, .ofs_y=-2},
    {.bitmap_index=15138, .adv_w=352, .box_w=23, .box_h=21, .ofs_x=-1, .ofs_y=-2},
    {.bitmap_index=15380, .adv_w=352, .box_w=22, .box_h=21, .ofs_x=0, .ofs_y=-2},
    {.bitmap_index=15611, .adv_w=352, .box_w=22, .box_h=21, .ofs_x=0, .ofs_y=-2},
    {.bitmap_index=15842, .adv_w=352, .box_w=22, .box_h=22, .ofs_x=0, .ofs_y=-3},
    {.bitmap_index=16084, .adv_w=352, .box_w=22, .box_h=22, .ofs_x=0, .ofs_y=-3},
    {.bitmap_index=16326, .adv_w=352, .box_w=22, .box_h=21, .ofs_x=0, .ofs_y=-2},
    {.bitmap_index=16557, .adv_w=352, .box_w=22, .box_h=22, .ofs_x=0, .ofs_y=-3},
    {.bitmap_index=16799, .adv_w=352, .box_w=22, .box_h=22, .ofs_x=0, .ofs_y=-3},
    {.bitmap_index=17041, .adv_w=352, .box_w=23, .box_h=21, .ofs_x=0, .ofs_y=-3},
    {.bitmap_index=17283, .adv_w=352, .box_w=22, .box_h=22, .ofs_x=0, .ofs_y=-3},
    {.bitmap_index=17525, .adv_w=352, .box_w=22, .box_h=22, .ofs_x=0, .ofs_y=-3},
    {.bitmap_index=17767, .adv_w=352, .box_w=22, .box_h=21, .ofs_x=0, .ofs_y=-2},
    {.bitmap_index=17998, .adv_w=352, .box_w=22, .box_h=21, .ofs_x=0, .ofs_y=-2},
    {.bitmap_index=18229, .adv_w=352, .box_w=22, .box_h=22, .ofs_x=0, .ofs_y=-3},
    {.bitmap_index=18471, .adv_w=352, .box_w=22, .box_h=21, .ofs_x=0, .ofs_y=-2},
    {.bitmap_index=18702, .adv_w=352, .box_w=22, .box_h=21, .ofs_x=0, .ofs_y=-3},
    {.bitmap_index=18933, .adv_w=352, .box_w=22, .box_h=21, .ofs_x=0, .ofs_y=-2},
    {.bitmap_index=19164, .adv_w=352, .box_w=22, .box_h=21, .ofs_x=0, .ofs_y=-2},
    {.bitmap_index=19395, .adv_w=352, .box_w=22, .box_h=21, .ofs_x=0, .ofs_y=-2},
    {.bitmap_index=19626, .adv_w=352, .box_w=22, .box_h=22, .ofs_x=0, .ofs_y=-3},
    {.bitmap_index=19868, .adv_w=352, .box_w=22, .box_h=22, .ofs_x=0, .ofs_y=-3},
    {.bitmap_index=20110, .adv_w=352, .box_w=22, .box_h=22, .ofs_x=0, .ofs_y=-3},
    {.bitmap_index=20352, .adv_w=352, .box_w=22, .box_h=21, .ofs_x=0, .ofs_y=-2},
    {.bitmap_index=20583, .adv_w=352, .box_w=22, .box_h=22, .ofs_x=0, .ofs_y=-3},
    {.bitmap_index=20825, .adv_w=352, .box_w=22, .box_h=22, .ofs_x=0, .ofs_y=-3},
    {.bitmap_index=21067, .adv_w=352, .box_w=22, .box_h=21, .ofs_x=0, .ofs_y=-3},
    {.bitmap_index=21298, .adv_w=352, .box_w=22, .box_h=22, .ofs_x=0, .ofs_y=-3},
    {.bitmap_index=21540, .adv_w=352, .box_w=22, .box_h=22, .ofs_x=0, .ofs_y=-3},
    {.bitmap_index=21782, .adv_w=352, .box_w=22, .box_h=21, .ofs_x=0, .ofs_y=-2},
    {.bitmap_index=22013, .adv_w=352, .box_w=22, .box_h=20, .ofs_x=0, .ofs_y=-2},
    {.bitmap_index=22233, .adv_w=352, .box_w=22, .box_h=21, .ofs_x=0, .ofs_y=-3},
    {.bitmap_index=22464, .adv_w=352, .box_w=22, .box_h=21, .ofs_x=0, .ofs_y=-2},
    {.bitmap_index=22695, .adv_w=352, .box_w=22, .box_h=21, .ofs_x=0, .ofs_y=-3},
    {.bitmap_index=22926, .adv_w=352, .box_w=22, .box_h=21, .ofs_x=0, .ofs_y=-2},
    {.bitmap_index=23157, .adv_w=352, .box_w=22, .box_h=21, .ofs_x=0, .ofs_y=-3},
    {.bitmap_index=23388, .adv_w=352, .box_w=22, .box_h=21, .ofs_x=0, .ofs_y=-3},
    {.bitmap_index=23619, .adv_w=352, .box_w=22, .box_h=22, .ofs_x=0, .ofs_y=-3},
    {.bitmap_index=23861, .adv_w=352, .box_w=22, .box_h=22, .ofs_x=0, .ofs_y=-3},
    {.bitmap_index=24103, .adv_w=352, .box_w=22, .box_h=20, .ofs_x=0, .ofs_y=-2},
    {.bitmap_index=24323, .adv_w=352, .box_w=22, .box_h=23, .ofs_x=0, .ofs_y=-3},
    {.bitmap_index=24576, .adv_w=352, .box_w=22, .box_h=22, .ofs_x=0, .ofs_y=-3},
    {.bitmap_index=24818, .adv_w=352, .box_w=22, .box_h=20, .ofs_x=0, .ofs_y=-2},
    {.bitmap_index=25038, .adv_w=352, .box_w=22, .box_h=20, .ofs_x=0, .ofs_y=-2},
    {.bitmap_index=25258, .adv_w=352, .box_w=22, .box_h=21, .ofs_x=0, .ofs_y=-2},
    {.bitmap_index=25489, .adv_w=352, .box_w=22, .box_h=22, .ofs_x=0, .ofs_y=-3},
    {.bitmap_index=25731, .adv_w=352, .box_w=22, .box_h=20, .ofs_x=0, .ofs_y=-2},
    {.bitmap_index=25951, .adv_w=352, .box_w=22, .box_h=20, .ofs_x=0, .ofs_y=-2},
    {.bitmap_index=26171, .adv_w=352, .box_w=22, .box_h=21, .ofs_x=0, .ofs_y=-2},
    {.bitmap_index=26402, .adv_w=352, .box_w=22, .box_h=21, .ofs_x=0, .ofs_y=-2},
    {.bitmap_index=26633, .adv_w=352, .box_w=22, .box_h=22, .ofs_x=0, .ofs_y=-3},
    {.bitmap_index=26875, .adv_w=352, .box_w=22, .box_h=21, .ofs_x=0, .ofs_y=-2},
    {.bitmap_index=27106, .adv_w=352, .box_w=22, .box_h=22, .ofs_x=0, .ofs_y=-3},
    {.bitmap_index=27348, .adv_w=352, .box_w=22, .box_h=21, .ofs_x=0, .ofs_y=-2},
    {.bitmap_index=27579, .adv_w=352, .box_w=22, .box_h=21, .ofs_x=0, .ofs_y=-2},
    {.bitmap_index=27810, .adv_w=352, .box_w=22, .box_h=21, .ofs_x=0, .ofs_y=-2},
    {.bitmap_index=28041, .adv_w=352, .box_w=22, .box_h=22, .ofs_x=0, .ofs_y=-2},
    {.bitmap_index=28283, .adv_w=352, .box_w=22, .box_h=22, .ofs_x=0, .ofs_y=-3},
    {.bitmap_index=28525, .adv_w=352, .box_w=22, .box_h=22, .ofs_x=0, .ofs_y=-3},
    {.bitmap_index=28767, .adv_w=352, .box_w=22, .box_h=21, .ofs_x=0, .ofs_y=-3},
    {.bitmap_index=28998, .adv_w=352, .box_w=22, .box_h=22, .ofs_x=0, .ofs_y=-3},
    {.bitmap_index=29240, .adv_w=352, .box_w=22, .box_h=22, .ofs_x=0, .ofs_y=-3},
    {.bitmap_index=29482, .adv_w=352, .box_w=22, .box_h=21, .ofs_x=0, .ofs_y=-2},
    {.bitmap_index=29713, .adv_w=352, .box_w=22, .box_h=23, .ofs_x=0, .ofs_y=-3},
    {.bitmap_index=29966, .adv_w=352, .box_w=22, .box_h=21, .ofs_x=0, .ofs_y=-2},
    {.bitmap_index=30197, .adv_w=352, .box_w=22, .box_h=21, .ofs_x=0, .ofs_y=-2},
    {.bitmap_index=30428, .adv_w=352, .box_w=22, .box_h=21, .ofs_x=0, .ofs_y=-2},
    {.bitmap_index=30659, .adv_w=352, .box_w=22, .box_h=22, .ofs_x=0, .ofs_y=-3},
    {.bitmap_index=30901, .adv_w=352, .box_w=22, .box_h=21, .ofs_x=0, .ofs_y=-3},
    {.bitmap_index=31132, .adv_w=352, .box_w=22, .box_h=20, .ofs_x=0, .ofs_y=-2},
    {.bitmap_index=31352, .adv_w=352, .box_w=22, .box_h=22, .ofs_x=0, .ofs_y=-2},
    {.bitmap_index=31594, .adv_w=352, .box_w=22, .box_h=22, .ofs_x=0, .ofs_y=-3},
    {.bitmap_index=31836, .adv_w=352, .box_w=22, .box_h=22, .ofs_x=0, .ofs_y=-3},
    {.bitmap_index=32078, .adv_w=352, .box_w=22, .box_h=22, .ofs_x=0, .ofs_y=-2},
    {.bitmap_index=32320, .adv_w=352, .box_w=22, .box_h=21, .ofs_x=0, .ofs_y=-3},
    {.bitmap_index=32551, .adv_w=352, .box_w=22, .box_h=21, .ofs_x=0, .ofs_y=-2},
    {.bitmap_index=32782, .adv_w=352, .box_w=22, .box_h=21, .ofs_x=0, .ofs_y=-3},
    {.bitmap_index=33013, .adv_w=352, .box_w=22, .box_h=22, .ofs_x=0, .ofs_y=-3},
    {.bitmap_index=33255, .adv_w=352, .box_w=22, .box_h=22, .ofs_x=0, .ofs_y=-3},
    {.bitmap_index=33497, .adv_w=352, .box_w=22, .box_h=22, .ofs_x=0, .ofs_y=-3},
    {.bitmap_index=33739, .adv_w=352, .box_w=23, .box_h=20, .ofs_x=0, .ofs_y=-2},
    {.bitmap_index=33969, .adv_w=352, .box_w=22, .box_h=21, .ofs_x=0, .ofs_y=-2},
    {.bitmap_index=34200, .adv_w=352, .box_w=22, .box_h=22, .ofs_x=0, .ofs_y=-2},
    {.bitmap_index=34442, .adv_w=352, .box_w=22, .box_h=20, .ofs_x=0, .ofs_y=-2},
    {.bitmap_index=34662, .adv_w=352, .box_w=22, .box_h=21, .ofs_x=0, .ofs_y=-2},
    {.bitmap_index=34893, .adv_w=352, .box_w=22, .box_h=22, .ofs_x=0, .ofs_y=-3},
    {.bitmap_index=35135, .adv_w=352, .box_w=22, .box_h=22, .ofs_x=0, .ofs_y=-2},
    {.bitmap_index=35377, .adv_w=352, .box_w=22, .box_h=21, .ofs_x=0, .ofs_y=-2},
    {.bitmap_index=35608, .adv_w=352, .box_w=22, .box_h=21, .ofs_x=0, .ofs_y=-2},
    {.bitmap_index=35839, .adv_w=352, .box_w=22, .box_h=22, .ofs_x=0, .ofs_y=-2},
    {.bitmap_index=36081, .adv_w=352, .box_w=22, .box_h=22, .ofs_x=0, .ofs_y=-3},
    {.bitmap_index=36323, .adv_w=352, .box_w=22, .box_h=22, .ofs_x=0, .ofs_y=-3},
    {.bitmap_index=36565, .adv_w=352, .box_w=22, .box_h=22, .ofs_x=0, .ofs_y=-3},
    {.bitmap_index=36807, .adv_w=352, .box_w=22, .box_h=22, .ofs_x=0, .ofs_y=-3},
    {.bitmap_index=37049, .adv_w=352, .box_w=22, .box_h=22, .ofs_x=0, .ofs_y=-3},
    {.bitmap_index=37291, .adv_w=352, .box_w=22, .box_h=22, .ofs_x=0, .ofs_y=-3},
    {.bitmap_index=37533, .adv_w=352, .box_w=22, .box_h=22, .ofs_x=0, .ofs_y=-3},
    {.bitmap_index=37775, .adv_w=352, .box_w=22, .box_h=22, .ofs_x=0, .ofs_y=-3},
    {.bitmap_index=38017, .adv_w=352, .box_w=22, .box_h=22, .ofs_x=0, .ofs_y=-3},
    {.bitmap_index=38259, .adv_w=352, .box_w=22, .box_h=21, .ofs_x=0, .ofs_y=-2},
    {.bitmap_index=38490, .adv_w=352, .box_w=22, .box_h=22, .ofs_x=0, .ofs_y=-3},
    {.bitmap_index=38732, .adv_w=352, .box_w=22, .box_h=21, .ofs_x=0, .ofs_y=-2},
    {.bitmap_index=38963, .adv_w=352, .box_w=22, .box_h=22, .ofs_x=0, .ofs_y=-3},
    {.bitmap_index=39205, .adv_w=352, .box_w=22, .box_h=21, .ofs_x=0, .ofs_y=-2},
    {.bitmap_index=39436, .adv_w=352, .box_w=22, .box_h=22, .ofs_x=0, .ofs_y=-3},
    {.bitmap_index=39678, .adv_w=352, .box_w=22, .box_h=22, .ofs_x=0, .ofs_y=-3},
    {.bitmap_index=39920, .adv_w=352, .box_w=22, .box_h=21, .ofs_x=0, .ofs_y=-2},
    {.bitmap_index=40151, .adv_w=352, .box_w=22, .box_h=22, .ofs_x=0, .ofs_y=-3},
    {.bitmap_index=40393, .adv_w=352, .box_w=22, .box_h=22, .ofs_x=0, .ofs_y=-3},
    {.bitmap_index=40635, .adv_w=352, .box_w=22, .box_h=23, .ofs_x=0, .ofs_y=-3},
    {.bitmap_index=40888, .adv_w=352, .box_w=22, .box_h=21, .ofs_x=0, .ofs_y=-2},
    {.bitmap_index=41119, .adv_w=352, .box_w=22, .box_h=22, .ofs_x=0, .ofs_y=-3},
    {.bitmap_index=41361, .adv_w=352, .box_w=22, .box_h=22, .ofs_x=0, .ofs_y=-3},
    {.bitmap_index=41603, .adv_w=352, .box_w=22, .box_h=21, .ofs_x=0, .ofs_y=-2},
    {.bitmap_index=41834, .adv_w=352, .box_w=22, .box_h=21, .ofs_x=0, .ofs_y=-3},
    {.bitmap_index=42065, .adv_w=352, .box_w=22, .box_h=21, .ofs_x=0, .ofs_y=-3},
    {.bitmap_index=42296, .adv_w=352, .box_w=22, .box_h=22, .ofs_x=0, .ofs_y=-3},
    {.bitmap_index=42538, .adv_w=352, .box_w=22, .box_h=20, .ofs_x=0, .ofs_y=-2},
    {.bitmap_index=42758, .adv_w=352, .box_w=22, .box_h=22, .ofs_x=0, .ofs_y=-3},
    {.bitmap_index=43000, .adv_w=352, .box_w=22, .box_h=22, .ofs_x=0, .ofs_y=-3},
    {.bitmap_index=43242, .adv_w=352, .box_w=22, .box_h=21, .ofs_x=0, .ofs_y=-3},
    {.bitmap_index=43473, .adv_w=352, .box_w=22, .box_h=20, .ofs_x=0, .ofs_y=-2},
    {.bitmap_index=43693, .adv_w=352, .box_w=22, .box_h=21, .ofs_x=0, .ofs_y=-2},
    {.bitmap_index=43924, .adv_w=352, .box_w=22, .box_h=21, .ofs_x=0, .ofs_y=-3},
    {.bitmap_index=44155, .adv_w=352, .box_w=22, .box_h=22, .ofs_x=0, .ofs_y=-3},
    {.bitmap_index=44397, .adv_w=352, .box_w=22, .box_h=21, .ofs_x=0, .ofs_y=-2},
    {.bitmap_index=44628, .adv_w=352, .box_w=22, .box_h=21, .ofs_x=0, .ofs_y=-2},
    {.bitmap_index=44859, .adv_w=352, .box_w=22, .box_h=21, .ofs_x=0, .ofs_y=-2},
    {.bitmap_index=45090, .adv_w=352, .box_w=22, .box_h=21, .ofs_x=0, .ofs_y=-2},
    {.bitmap_index=45321, .adv_w=352, .box_w=22, .box_h=21, .ofs_x=0, .ofs_y=-2},
    {.bitmap_index=45552, .adv_w=352, .box_w=22, .box_h=20, .ofs_x=0, .ofs_y=-2},
    {.bitmap_index=45772, .adv_w=352, .box_w=22, .box_h=20, .ofs_x=0, .ofs_y=-1},
    {.bitmap_index=45992, .adv_w=352, .box_w=22, .box_h=21, .ofs_x=0, .ofs_y=-2},
    {.bitmap_index=46223, .adv_w=352, .box_w=22, .box_h=21, .ofs_x=0, .ofs_y=-2},
    {.bitmap_index=46454, .adv_w=352, .box_w=22, .box_h=21, .ofs_x=0, .ofs_y=-2},
    {.bitmap_index=46685, .adv_w=352, .box_w=22, .box_h=22, .ofs_x=0, .ofs_y=-3},
    {.bitmap_index=46927, .adv_w=352, .box_w=22, .box_h=21, .ofs_x=0, .ofs_y=-2},
    {.bitmap_index=47158, .adv_w=352, .box_w=22, .box_h=22, .ofs_x=0, .ofs_y=-3},
    {.bitmap_index=47400, .adv_w=352, .box_w=22, .box_h=21, .ofs_x=0, .ofs_y=-2},
    {.bitmap_index=47631, .adv_w=352, .box_w=22, .box_h=20, .ofs_x=0, .ofs_y=-2},
    {.bitmap_index=47851, .adv_w=352, .box_w=22, .box_h=21, .ofs_x=0, .ofs_y=-2},
    {.bitmap_index=48082, .adv_w=352, .box_w=22, .box_h=21, .ofs_x=0, .ofs_y=-2},
    {.bitmap_index=48313, .adv_w=352, .box_w=22, .box_h=22, .ofs_x=0, .ofs_y=-3},
    {.bitmap_index=48555, .adv_w=352, .box_w=22, .box_h=22, .ofs_x=0, .ofs_y=-3},
    {.bitmap_index=48797, .adv_w=352, .box_w=22, .box_h=21, .ofs_x=0, .ofs_y=-2},
    {.bitmap_index=49028, .adv_w=352, .box_w=22, .box_h=22, .ofs_x=0, .ofs_y=-3},
    {.bitmap_index=49270, .adv_w=352, .box_w=22, .box_h=21, .ofs_x=0, .ofs_y=-2},
    {.bitmap_index=49501, .adv_w=352, .box_w=22, .box_h=22, .ofs_x=0, .ofs_y=-3},
    {.bitmap_index=49743, .adv_w=352, .box_w=22, .box_h=21, .ofs_x=0, .ofs_y=-2},
    {.bitmap_index=49974, .adv_w=352, .box_w=22, .box_h=22, .ofs_x=0, .ofs_y=-3},
    {.bitmap_index=50216, .adv_w=352, .box_w=22, .box_h=22, .ofs_x=0, .ofs_y=-3},
    {.bitmap_index=50458, .adv_w=352, .box_w=22, .box_h=20, .ofs_x=0, .ofs_y=-3},
    {.bitmap_index=50678, .adv_w=352, .box_w=22, .box_h=21, .ofs_x=0, .ofs_y=-2},
    {.bitmap_index=50909, .adv_w=352, .box_w=22, .box_h=20, .ofs_x=0, .ofs_y=-3},
    {.bitmap_index=51129, .adv_w=352, .box_w=22, .box_h=21, .ofs_x=0, .ofs_y=-2},
    {.bitmap_index=51360, .adv_w=352, .box_w=22, .box_h=22, .ofs_x=0, .ofs_y=-3},
    {.bitmap_index=51602, .adv_w=352, .box_w=22, .box_h=21, .ofs_x=0, .ofs_y=-2},
    {.bitmap_index=51833, .adv_w=352, .box_w=22, .box_h=22, .ofs_x=0, .ofs_y=-3},
    {.bitmap_index=52075, .adv_w=352, .box_w=22, .box_h=21, .ofs_x=0, .ofs_y=-2},
    {.bitmap_index=52306, .adv_w=352, .box_w=22, .box_h=22, .ofs_x=0, .ofs_y=-3},
    {.bitmap_index=52548, .adv_w=352, .box_w=22, .box_h=21, .ofs_x=0, .ofs_y=-3},
    {.bitmap_index=52779, .adv_w=352, .box_w=22, .box_h=21, .ofs_x=0, .ofs_y=-2},
    {.bitmap_index=53010, .adv_w=352, .box_w=22, .box_h=21, .ofs_x=0, .ofs_y=-2},
    {.bitmap_index=53241, .adv_w=352, .box_w=22, .box_h=21, .ofs_x=0, .ofs_y=-2},
    {.bitmap_index=53472, .adv_w=352, .box_w=22, .box_h=21, .ofs_x=0, .ofs_y=-2},
    {.bitmap_index=53703, .adv_w=352, .box_w=22, .box_h=22, .ofs_x=0, .ofs_y=-3},
    {.bitmap_index=53945, .adv_w=352, .box_w=22, .box_h=22, .ofs_x=0, .ofs_y=-3},
    {.bitmap_index=54187, .adv_w=352, .box_w=22, .box_h=21, .ofs_x=0, .ofs_y=-2},
    {.bitmap_index=54418, .adv_w=352, .box_w=22, .box_h=22, .ofs_x=0, .ofs_y=-3},
    {.bitmap_index=54660, .adv_w=352, .box_w=22, .box_h=22, .ofs_x=0, .ofs_y=-3},
    {.bitmap_index=54902, .adv_w=352, .box_w=22, .box_h=22, .ofs_x=0, .ofs_y=-3},
    {.bitmap_index=55144, .adv_w=352, .box_w=22, .box_h=21, .ofs_x=0, .ofs_y=-2},
    {.bitmap_index=55375, .adv_w=352, .box_w=22, .box_h=22, .ofs_x=0, .ofs_y=-3},
    {.bitmap_index=55617, .adv_w=352, .box_w=22, .box_h=22, .ofs_x=0, .ofs_y=-3},
    {.bitmap_index=55859, .adv_w=352, .box_w=22, .box_h=22, .ofs_x=0, .ofs_y=-3},
    {.bitmap_index=56101, .adv_w=352, .box_w=22, .box_h=21, .ofs_x=0, .ofs_y=-2},
    {.bitmap_index=56332, .adv_w=352, .box_w=22, .box_h=21, .ofs_x=0, .ofs_y=-2},
    {.bitmap_index=56563, .adv_w=352, .box_w=22, .box_h=22, .ofs_x=0, .ofs_y=-3},
    {.bitmap_index=56805, .adv_w=352, .box_w=22, .box_h=22, .ofs_x=0, .ofs_y=-3},
    {.bitmap_index=57047, .adv_w=352, .box_w=22, .box_h=21, .ofs_x=0, .ofs_y=-2},
    {.bitmap_index=57278, .adv_w=352, .box_w=22, .box_h=22, .ofs_x=0, .ofs_y=-3},
    {.bitmap_index=57520, .adv_w=352, .box_w=22, .box_h=22, .ofs_x=0, .ofs_y=-2},
    {.bitmap_index=57762, .adv_w=352, .box_w=22, .box_h=22, .ofs_x=0, .ofs_y=-3},
    {.bitmap_index=58004, .adv_w=352, .box_w=22, .box_h=22, .ofs_x=0, .ofs_y=-3},
    {.bitmap_index=58246, .adv_w=352, .box_w=22, .box_h=22, .ofs_x=0, .ofs_y=-3},
    {.bitmap_index=58488, .adv_w=352, .box_w=22, .box_h=21, .ofs_x=0, .ofs_y=-2},
    {.bitmap_index=58719, .adv_w=352, .box_w=22, .box_h=21, .ofs_x=0, .ofs_y=-2},
    {.bitmap_index=58950, .adv_w=352, .box_w=22, .box_h=22, .ofs_x=0, .ofs_y=-3},
    {.bitmap_index=59192, .adv_w=352, .box_w=22, .box_h=22, .ofs_x=0, .ofs_y=-3},
    {.bitmap_index=59434, .adv_w=352, .box_w=22, .box_h=21, .ofs_x=0, .ofs_y=-2},
    {.bitmap_index=59665, .adv_w=352, .box_w=22, .box_h=21, .ofs_x=0, .ofs_y=-2},
    {.bitmap_index=59896, .adv_w=352, .box_w=22, .box_h=22, .ofs_x=0, .ofs_y=-3},
    {.bitmap_index=60138, .adv_w=352, .box_w=22, .box_h=22, .ofs_x=0, .ofs_y=-3},
    {.bitmap_index=60380, .adv_w=352, .box_w=22, .box_h=22, .ofs_x=0, .ofs_y=-3},
    {.bitmap_index=60622, .adv_w=352, .box_w=22, .box_h=20, .ofs_x=0, .ofs_y=-2},
    {.bitmap_index=60842, .adv_w=352, .box_w=22, .box_h=21, .ofs_x=0, .ofs_y=-2},
    {.bitmap_index=61073, .adv_w=352, .box_w=22, .box_h=21, .ofs_x=0, .ofs_y=-2},
    {.bitmap_index=61304, .adv_w=352, .box_w=22, .box_h=21, .ofs_x=0, .ofs_y=-2},
    {.bitmap_index=61535, .adv_w=352, .box_w=22, .box_h=21, .ofs_x=0, .ofs_y=-2},
    {.bitmap_index=61766, .adv_w=352, .box_w=22, .box_h=22, .ofs_x=0, .ofs_y=-3},
    {.bitmap_index=62008, .adv_w=352, .box_w=23, .box_h=22, .ofs_x=0, .ofs_y=-3},
    {.bitmap_index=62261, .adv_w=352, .box_w=22, .box_h=22, .ofs_x=0, .ofs_y=-3},
    {.bitmap_index=62503, .adv_w=352, .box_w=22, .box_h=21, .ofs_x=0, .ofs_y=-2},
    {.bitmap_index=62734, .adv_w=352, .box_w=22, .box_h=22, .ofs_x=0, .ofs_y=-3},
    {.bitmap_index=62976, .adv_w=352, .box_w=22, .box_h=20, .ofs_x=0, .ofs_y=-2},
    {.bitmap_index=63196, .adv_w=352, .box_w=22, .box_h=21, .ofs_x=0, .ofs_y=-2},
    {.bitmap_index=63427, .adv_w=352, .box_w=22, .box_h=22, .ofs_x=0, .ofs_y=-3},
    {.bitmap_index=63669, .adv_w=352, .box_w=22, .box_h=21, .ofs_x=0, .ofs_y=-2},
    {.bitmap_index=63900, .adv_w=352, .box_w=22, .box_h=22, .ofs_x=0, .ofs_y=-3},
    {.bitmap_index=64142, .adv_w=352, .box_w=22, .box_h=20, .ofs_x=0, .ofs_y=-1},
    {.bitmap_index=64362, .adv_w=352, .box_w=22, .box_h=20, .ofs_x=0, .ofs_y=-1},
    {.bitmap_index=64582, .adv_w=352, .box_w=22, .box_h=22, .ofs_x=0, .ofs_y=-3},
    {.bitmap_index=64824, .adv_w=352, .box_w=22, .box_h=21, .ofs_x=0, .ofs_y=-2},
    {.bitmap_index=65055, .adv_w=352, .box_w=22, .box_h=22, .ofs_x=0, .ofs_y=-3},
    {.bitmap_index=65297, .adv_w=352, .box_w=22, .box_h=21, .ofs_x=0, .ofs_y=-2},
    {.bitmap_index=65528, .adv_w=352, .box_w=22, .box_h=22, .ofs_x=0, .ofs_y=-3},
    {.bitmap_index=65770, .adv_w=352, .box_w=23, .box_h=22, .ofs_x=0, .ofs_y=-3},
    {.bitmap_index=66023, .adv_w=352, .box_w=22, .box_h=21, .ofs_x=0, .ofs_y=-2},
    {.bitmap_index=66254, .adv_w=352, .box_w=22, .box_h=20, .ofs_x=0, .ofs_y=-2},
    {.bitmap_index=66474, .adv_w=352, .box_w=22, .box_h=21, .ofs_x=0, .ofs_y=-3},
    {.bitmap_index=66705, .adv_w=352, .box_w=22, .box_h=20, .ofs_x=0, .ofs_y=-2},
    {.bitmap_index=66925, .adv_w=352, .box_w=22, .box_h=22, .ofs_x=0, .ofs_y=-3},
    {.bitmap_index=67167, .adv_w=352, .box_w=22, .box_h=9, .ofs_x=0, .ofs_y=-4},
    {.bitmap_index=67266, .adv_w=352, .box_w=22, .box_h=14, .ofs_x=0, .ofs_y=0}
};
static const uint16_t unicode_list[] = {0, 1, 2, 3, 4, 5, 6, 7, 8, 9, 10, 11, 12, 13, 14, 15, 16, 17, 18, 19, 20, 21, 22, 23, 24, 25, 26, 27, 28, 29, 30, 31, 32, 33, 34, 35, 36, 37, 38, 39, 40, 41, 42, 43, 44, 45, 46, 47, 48, 49, 50, 51, 52, 53, 54, 55, 56, 57, 58, 59, 60, 61, 62, 63, 64, 65, 66, 67, 68, 69, 70, 71, 72, 73, 74, 75, 76, 77, 78, 79, 80, 81, 82, 83, 84, 85, 86, 87, 88, 89, 90, 91, 92, 93, 94, 12257, 19936, 19946, 19947, 19949, 19950, 19978, 19981, 20014, 20031, 20070, 20075, 20082, 20110, 20114, 20141, 20165, 20172, 20209, 20218, 20244, 20271, 20275, 20284, 20288, 20307, 20413, 20417, 20473, 20508, 20540, 20655, 20767, 20776, 20777, 20805, 20817, 20819, 20820, 20845, 20902, 20954, 20955, 20983, 20986, 21001, 21008, 21115, 21119, 21120, 21128, 21137, 21238, 21331, 21375, 21421, 21430, 21432, 21455, 21463, 21480, 21486, 21511, 21519, 21546, 21596, 21612, 21830, 21884, 22206, 22210, 22280, 22320, 22327, 22654, 22759, 22765, 22804, 22827, 22838, 22877, 22955, 23344, 23352, 23404, 23422, 23424, 23462, 23535, 23546, 23569, 23584, 24018, 24088, 24175, 24180, 24198, 24288, 24303, 24373, 24421, 24424, 24439, 24483, 24486, 24545, 24573, 24581, 24642, 24655, 24741, 24787, 24831, 25071, 25072, 25073, 25078, 25080, 25131, 25133, 25139, 25182, 25194, 25233, 25275, 25321, 25329, 25477, 25520, 25639, 25688, 25878, 25886, 25893, 25936, 25997, 26000, 26048, 26053, 26070, 26165, 26210, 26230, 26324, 26336, 26345, 26349, 26367, 26378, 26380, 26431, 26437, 26462, 26492, 26565, 26647, 26691, 26802, 27137, 27393, 27394, 27458, 27459, 27636, 27777, 27829, 27947, 28008, 28184, 28404, 28751, 28825, 29257, 29334, 29577, 29951, 29960, 29973, 30308, 30443, 30463, 30529, 30798, 31002, 31154, 31213, 31251, 31500, 31529, 31607, 31694, 31902, 31963, 32390, 32431, 32435, 32441, 32458, 32461, 32499, 32739, 32956, 32989, 33226, 33266, 34888, 35241, 35270, 35716, 35721, 35728, 35753, 35765, 35799, 35842, 36183, 36197, 36287, 36686, 36699, 36723, 36785, 36788, 36792, 36793, 36795, 36798, 36832, 36834, 36841, 36848, 36863, 37292, 37293, 38158, 38239, 38351, 38356, 38474, 38511, 38720, 38722, 38997, 39002, 39532, 65260, 65274};
static const lv_font_fmt_txt_cmap_t cmaps[] = {{
    .range_start=32, .range_length=65275,
    .glyph_id_start=1, .unicode_list=unicode_list,
    .glyph_id_ofs_list=NULL, .list_length=342,
    .type=LV_FONT_FMT_TXT_CMAP_SPARSE_TINY
}};
static const lv_font_fmt_txt_dsc_t font_dsc = {
    .glyph_bitmap=glyph_bitmap, .glyph_dsc=glyph_dsc, .cmaps=cmaps,
    .kern_dsc=NULL, .kern_scale=0, .cmap_num=1, .bpp=4,
    .kern_classes=0, .bitmap_format=0
};
const lv_font_t pet_font_22 = {
    .get_glyph_dsc=lv_font_get_glyph_dsc_fmt_txt,
    .get_glyph_bitmap=lv_font_get_bitmap_fmt_txt,
    .line_height=30, .base_line=6, .subpx=LV_FONT_SUBPX_NONE,
    .underline_position=-2, .underline_thickness=1, .dsc=&font_dsc
};
